:020000040800F2
:100000000000022019DB0008A9D80008B1D80008B8
:10001000B9D80008C1D80008C9D8000800000000FD
:10002000000000000000000000000000B19D00087A
:10003000D1D800080000000001A000083994000891
:1000400069DB000869DB000869DB000869DB000880
:1000500069DB000869DB000869DB000869DB000870
:1000600069DB000869DB000869DB000869DB000860
:1000700069DB000869DB000869DB000869DB000850
:1000800069DB000869DB000869DB000869DB000840
:1000900069DB000869DB000869DB000869DB000830
:1000A0001DD9000869DB000869DB000869DB00086E
:1000B00069DB000869DB000869DB000869DB000810
:1000C00069DB000869DB000869DB000869DB000800
:1000D00069DB0008E1D8000869DB000869DB00087B
:1000E00069DB000869DB000869DB000869DB0008E0
:1000F000F5D8000809D9000869DB000869DB0008A9
:1001000069DB000869DB000869DB000869DB0008BF
:1001100069DB000869DB000869DB000869DB0008AF
:1001200069DB000869DB000831D9000869DB0008D9
:1001300069DB0008000000000000000069DB000827
:1001400069DB000869DB000869DB000869DB00087F
:1001500069DB000869DB000869DB000869DB00086F
:1001600069DB000869DB000869DB000869DB00085F
:1001700069DB000869DB000869DB0008000000009B
:100180000000000069DB0008000000000000000023
:1001900069DB0008000000000000000069DB0008C7
:1001A00000000000000000000000000069DB000803
:1001B00069DB000869DB000869DB000869DB00080F
:0401C00069DB0008EF
:1001D00010B5054C237833B9044B13B10448AFF381
:1001E00000800123237010BD90000020000000005B
:1001F000C869010808B5034B1BB103490348AFF3B5
:10020000008008BD0000000094000020C8690108BB
:1002100070B54FF0FF0C4CF4E06C1CEA11541DBF9C
:100220001CEA135594EA0C0F95EA0C0F00F0DEF867
:100230002C4481EA030621EA4C5123EA4C5350EA4C
:10024000013518BF52EA033541F4801143F480139D
:1002500038D0A0FB02CE4FF00005E1FB02E506F02E
:100260000042E0FB03E54FF00006E1FB03569CF083
:10027000000F18BF4EF0010EA4F1FF04B6F5007F89
:1002800064F5407404D25FEA4E0E6D4146EB0606FB
:1002900042EAC62141EA55514FEAC52040EA5E5084
:1002A0004FEACE2EB4F1FD0C88BFBCF5E06F1ED82E
:1002B000BEF1004F08BF5FEA500E50F1000041EB65
:1002C000045170BD06F0004646EA010140EA020012
:1002D00081EA0301B4EB5C04C2BFD4EB0C0541EA34
:1002E000045170BD41F480114FF0000E013C00F349
:1002F000AB8014F1360FDEBF002001F0004170BD6D
:10030000C4F10004203C35DA0C341BDC04F1140485
:10031000C4F1200500FA05F320FA04F001FA05F211
:1003200040EA020001F0004221F0004110EBD370DE
:1003300021FA04F642EB06015EEA430E08BF20EA0A
:10034000D37070BDC4F10C04C4F1200500FA04F3AD
:1003500020FA05F001FA04F240EA020001F000413F
:1003600010EBD37041F100015EEA430E08BF20EAB2
:10037000D37070BDC4F1200500FA05F24EEA020EFA
:1003800020FA04F301FA05F243EA020321FA04F029
:1003900001F0004121FA04F220EA020000EBD370E0
:1003A0005EEA430E08BF20EAD37070BD94F0000FE0
:1003B0000FD101F00046400041EB010111F4801F14
:1003C00008BF013CF7D041EA060195F0000F18BFC5
:1003D000704703F00046520043EB030313F4801F01
:1003E00008BF013DF7D043EA0603704794EA0C0FBB
:1003F0000CEA135518BF95EA0C0F0CD050EA4106D1
:1004000018BF52EA4306D1D181EA030101F000414D
:100410004FF0000070BD50EA410606BF1046194675
:1004200052EA430619D094EA0C0F02D150EA013681
:1004300013D195EA0C0F05D152EA03361CBF1046C2
:1004400019460AD181EA030101F0004141F0FE4161
:1004500041F470014FF0000070BD41F0FE4141F4E5
:10046000780170BD81F0004102E000BF83F00043DD
:1004700030B54FEA41044FEA430594EA050F08BF3F
:1004800090EA020F1FBF54EA000C55EA020C7FEA03
:10049000645C7FEA655C00F0E2804FEA5454D4EB80
:1004A0005555B8BF6D420CDD2C4480EA020281EA4A
:1004B000030382EA000083EA010180EA020281EA82
:1004C0000303362D88BF30BD11F0004F4FEA0131D4
:1004D0004FF4801C4CEA113102D0404261EB4101E3
:1004E00013F0004F4FEA03334CEA133302D0524269
:1004F00063EB430394EA050F00F0A780A4F1010425
:10050000D5F1200E0DDB02FA0EFC22FA05F280185E
:1005100041F1000103FA0EF2801843FA05F3594144
:100520000EE0A5F120050EF1200E012A03FA0EFCC3
:1005300028BF4CF0020C43FA05F3C01851EBE371ED
:1005400001F0004507D54FF0000EDCF1000C7EEB0A
:1005500000006EEB0101B1F5801F1BD3B1F5001F48
:100560000CD349085FEA30004FEA3C0C04F1010467
:100570004FEA445212F5800F80F09A80BCF1004F90
:1005800008BF5FEA500C50F1000041EB045141EA12
:10059000050130BD5FEA4C0C404141EB0101013CDB
:1005A00028BFB1F5801FE9D291F0000F04BF0146CA
:1005B0000020B1FA81F308BF2033A3F10B03B3F19C
:1005C00020020CDA0C3208DD02F1140CC2F10C022C
:1005D00001FA0CF021FA02F10CE002F11402D8BF8A
:1005E000C2F1200C01FA02F120FA0CFCDCBF41EA56
:1005F0000C019040E41AA2BF01EB0451294330BD25
:100600006FEA04041F3C1CDA0C340EDC04F1140401
:10061000C4F1200220FA04F001FA02F340EA0300D8
:1006200021FA04F345EA030130BDC4F10C04C4F11E
:10063000200220FA02F001FA04F340EA03002946FE
:1006400030BD21FA04F0294630BD94F0000F83F448
:10065000801306BF81F480110134013D4EE77FEA2B
:10066000645C18BF7FEA655C29D094EA050F08BF77
:1006700090EA020F05D054EA000C04BF1946104658
:1006800030BD91EA030F1EBF0021002030BD5FEA9C
:10069000545C05D14000494128BF41F0004130BDC4
:1006A00014F580043CBF01F5801130BD01F0004518
:1006B00045F0FE4141F470014FF0000030BD7FEA8B
:1006C000645C1ABF194610467FEA655C1CBF0B4686
:1006D000024650EA013406BF52EA033591EA030F9D
:1006E00041F4002130BD00BF90F0000F04BF002195
:1006F000704730B54FF4806404F132044FF00005C8
:100700004FF0000150E700BF90F0000F04BF002140
:10071000704730B54FF4806404F1320410F00045A6
:1007200048BF40424FF000013EE700BF42004FEAA1
:10073000E2014FEA31014FEA02701FBF12F07F431E
:1007400093F07F4F81F06051704732F07F4208BFD5
:10075000704793F07F4F04BF41F40021704730B5DC
:100760004FF4607401F0004521F000411CE700BF28
:1007700050EA010208BF704730B54FF000050AE0AB
:1007800050EA010208BF704730B511F0004502D5AC
:10079000404261EB41014FF4806404F132045FEAAE
:1007A000915C3FF4D8AE4FF003025FEADC0C18BF57
:1007B00003325FEADC0C18BF033202EBDC02C2F149
:1007C000200300FA03FC20FA02F001FA03FE40EADB
:1007D0000E0021FA02F11444BDE600BF4FF0FF3CC9
:1007E00006E000BF4FF0010C02E000BF4FF0010C2B
:1007F0004DF804CD4FEA410C7FEA6C5C4FEA430CA4
:1008000018BF7FEA6C5C1BD001B050EA410C0CBFF2
:1008100052EA430C91EA030F02BF90EA020F002054
:10082000704710F1000F91EA030F58BF994208BFBB
:1008300090422CBFD8176FEAE37040F00100704778
:100840004FEA410C7FEA6C5C02D150EA013C07D1CF
:100850004FEA430C7FEA6C5CD6D152EA033CD3D01A
:100860005DF8040B704700BF8446104662468C4614
:100870001946634600E000BF01B5FFF7B7FF002847
:1008800048BF10F1000F01BD4DF808EDFFF7F4FF70
:100890000CBF012000205DF808FB00BF4DF808EDFB
:1008A000FFF7EAFF34BF012000205DF808FB00BF1E
:1008B0004DF808EDFFF7E0FF94BF012000205DF840
:1008C00008FB00BF4DF808EDFFF7CEFF94BF0120F5
:1008D00000205DF808FB00BF4DF808EDFFF7C4FFEE
:1008E00034BF012000205DF808FB00BF4FEA410241
:1008F00012F5001215D211D56FF47873B3EB625272
:1009000012D94FEAC12343F0004343EA505311F098
:10091000004F23FA02F018BF404270474FF000002A
:10092000704750EA013005D111F0004008BF6FF068
:10093000004070474FF00000704700BF53B94AB9FC
:10094000002908BF00281CBF4FF0FF314FF0FF30D7
:1009500000F088B9ADF1080C6DE904CE00F006F89E
:10096000DDF804E0DDE9022304B070472DE9F0472B
:10097000089D8E4604468846002B4AD18A42174677
:1009800062D9B2FA82F64EB1C6F1200301FA06F836
:1009900020FA03F3B74043EA0808B4404FEA174E81
:1009A0001FFA87FCB8FBFEF1230C0EFB118843EA0B
:1009B000084301FB0CF29A4209D9FB1801F1FF3000
:1009C00080F0EA809A4240F2E78002393B449A1A6A
:1009D000A3B2B2FBFEF00EFB102243EA024300FB7F
:1009E0000CFC9C4509D9FB1800F1FF3280F0D68041
:1009F0009C4540F2D3803B44023840EA0140A3EBDF
:100A00000C0300211DB1F3400022C5E90032BDE80E
:100A1000F0878B4205D90DB1C5E9000100210846D8
:100A2000F5E7B3FA83F1002946D1734502D3824238
:100A300000F20581841A6EEB030201209046002D1E
:100A4000E5D0C5E90048E2E7002A00F09080B2FA5C
:100A500082F6002E40F0A4808A1A030C4FEA174E4B
:100A600080B2BCB20121B2FBFEFC0EFB1C2243EAA9
:100A7000024304FB0CF29A4207D9FB180CF1FF3831
:100A800002D29A4200F2E080C4469B1AB3FBFEF207
:100A90000EFB123340EA034302FB04F49C4207D9E5
:100AA000FB1802F1FF3002D29C4200F2CA800246DB
:100AB0001B1B42EA0C40A5E7C1F120068B4022FA3D
:100AC00006F71F430EFA01F420FA06F32EFA06FE8B
:100AD0004FEA1749234300FA01F81FFA87FCBEFBCF
:100AE000F9F01C0C09FB10EE44EA0E4400FB0CFE6E
:100AF000A64502FA01F209D93C1900F1FF3A80F04B
:100B00009C80A64540F2998002383C44A4EB0E0438
:100B10001FFA83FEB4FBF9F309FB13444EEA0444C5
:100B200003FB0CFCA44508D93C1903F1FF3E80F0FF
:100B30008280A4457FD9023B3C4443EA0040A4EBB9
:100B40000C04A0FB02EC64457346E14662D35FD01F
:100B50005DB1B8EB030264EB090404FA06F622FA6D
:100B600001F31E43CC40C5E9006400214FE7B1FB0F
:100B7000F2FC010C41EA0E4180B240EA01423B46E0
:100B800038463C46B846BE462026B1FBF7F1A2EBFC
:100B9000080241EA0C4166E7014618E710462CE7D7
:100BA000C6F120022EFA02F3B740B14020FA02F259
:100BB0004FEA174E0A43B3FBFEF8BCB20EFB1833E4
:100BC000110C41EA034108FB04F9B04089454FEAA2
:100BD000104380B23ED9791808F1FF3C01D2894513
:100BE0001FD8A1EB0901B1FBFEF909FB04F80EFBCC
:100BF000191192B242EA0142424529D2BA1809F1CA
:100C0000FF31C4D24245C2D2A9F102013A44BEE743
:100C1000F0459DD2BEEB02036CEB070C0138E146B8
:100C200096E7A7EB09094944A8F1020CB1FBFEF9CC
:100C300009FB04F8DBE773467FE7504666E70846A2
:100C4000FDE63B44023A33E7ACF1020C3B441CE7BF
:100C500049469CE7A1EB0901C446B1FBFEF909FB3B
:100C600004F8C4E7704700BF034613F8012B002ABD
:100C7000FBD1181A01387047000000000000000086
:100C800001F0FF01102A2BDB10F0070F08D010F83D
:100C9000013B013A8B422DD010F0070F42B3F6D141
:100CA000F0B441EA012141EA014122F007047FF05A
:100CB00000070023F0E80256083C85EA010586EAB1
:100CC000010685FA47F5A3FA87F586FA47F6A5FAED
:100CD00087F68EB9EED1F0BC01F0FF0102F00702F9
:100CE00032B110F8013B013A83EA010313B1F8D1A4
:100CF0000020704701387047002D06BF3546033885
:100D0000073815F0010F07D1013015F4807F02BFBD
:100D1000013015F4C03F0130F0BC0138704700BF0E
:100D200080B483B000AF124B1B6B114A43F0010338
:100D300013630F4B1B6B7B607B680E4B4FF44012B1
:100D40009A610C4B1B6823F470630A4A43F4A06356
:100D50001360094BD3F88830074A43F47003C2F894
:100D6000883000BF0C37BD465DF8047B704700BF7C
:100D7000003802400000024000ED00E080B582B083
:100D800000AF78607B68002B01D1012341E07B68D4
:100D900093F83D30DBB2002B06D17B68002283F84C
:100DA0003C2078680CF01AFB7B68022283F83D2017
:100DB0007B681A687B6804331946104600F00CFE05
:100DC0007B68012283F846207B68012283F83E205D
:100DD0007B68012283F83F207B68012283F8402052
:100DE0007B68012283F841207B68012283F842203E
:100DF0007B68012283F843207B68012283F844202A
:100E00007B68012283F845207B68012283F83D201E
:100E1000002318460837BD4680BD000080B485B069
:100E200000AF78607B6893F83D30DBB2012B01D0D6
:100E300001234EE07B68022283F83D207B681B681B
:100E4000DA687B681B6842F00102DA607B681B6825
:100E5000234A934222D07B681B68B3F1804F1DD098
:100E60007B681B681F4A934218D07B681B681E4A28
:100E7000934213D07B681B681C4A93420ED07B6858
:100E80001B681B4A934209D07B681B68194A93422E
:100E900004D07B681B68184A934211D17B681B6899
:100EA0009B6803F00703FB60FB68062B10D07B6890
:100EB0001B681A687B681B6842F001021A6007E031
:100EC0007B681B681A687B681B6842F001021A6025
:100ED000002318461437BD465DF8047B704700BFF9
:100EE000000001400004004000080040000C0040E9
:100EF00000040140004001400018004080B483B06D
:100F000000AF78607B681B68DA687B681B6822F03A
:100F10000102DA607B681B681A6A41F21113134000
:100F2000002B0FD17B681B681A6A40F244431340C0
:100F3000002B07D17B681B681A687B681B6822F04E
:100F400001021A607B68012283F83D2000231846C5
:100F50000C37BD465DF8047B704780B582B000AFAA
:100F600078607B68002B01D1012341E07B6893F816
:100F70003D30DBB2002B06D17B68002283F83C2099
:100F800078680CF0A5F97B68022283F83D207B6825
:100F90001A687B6804331946104600F01DFD7B6813
:100FA000012283F846207B68012283F83E207B687B
:100FB000012283F83F207B68012283F840207B6870
:100FC000012283F841207B68012283F842207B685C
:100FD000012283F843207B68012283F844207B6848
:100FE000012283F845207B68012283F83D200023FD
:100FF00018460837BD4680BD80B584B000AF786024
:1010000039603B68002B09D17B6893F83E30DBB236
:10101000012B14BF01230023DBB222E03B68042B29
:1010200009D17B6893F83F30DBB2012B14BF012359
:101030000023DBB215E03B68082B09D17B6893F8ED
:101040004030DBB2012B14BF01230023DBB208E0E8
:101050007B6893F84130DBB2012B14BF01230023DE
:10106000DBB2002B01D001237CE03B68002B04D1D4
:101070007B68022283F83E2013E03B68042B04D1F6
:101080007B68022283F83F200BE03B68082B04D1E9
:101090007B68022283F8402003E07B68022283F809
:1010A00041207B681B6801223968184601F014F85A
:1010B0007B681B682D4A934204D07B681B682C4ACE
:1010C000934201D1012300E00023002B07D07B686D
:1010D0001B685A6C7B681B6842F400425A647B6848
:1010E0001B68224A934222D07B681B68B3F1804F71
:1010F0001DD07B681B681F4A934218D07B681B6811
:101100001D4A934213D07B681B681C4A93420ED041
:101110007B681B68164A934209D07B681B68184A93
:10112000934204D07B681B68164A934211D17B68B6
:101130001B689B6803F00703FB60FB68062B10D05D
:101140007B681B681A687B681B6842F001021A60A2
:1011500007E07B681B681A687B681B6842F0010225
:101160001A60002318461037BD4680BD00000140BC
:10117000000401400004004000080040000C004052
:10118000004001400018004080B582B000AF786098
:101190007B68002B01D1012341E07B6893F83D304F
:1011A000DBB2002B06D17B68002283F83C207868F4
:1011B0000CF0C4F87B68022283F83D207B681A6833
:1011C0007B6804331946104600F006FC7B68012258
:1011D00083F846207B68012283F83E207B68012249
:1011E00083F83F207B68012283F840207B6801223E
:1011F00083F841207B68012283F842207B6801222A
:1012000083F843207B68012283F844207B68012215
:1012100083F845207B68012283F83D20002318468F
:101220000837BD4680BD000080B584B000AF78604F
:1012300039600023FB733B68002B04D17B6893F873
:101240003E30DBB213E03B68042B04D17B6893F89B
:101250003F30DBB20BE03B68082B04D17B6893F88E
:101260004030DBB203E07B6893F84130DBB2BB7304
:101270003B68002B04D17B6893F84230DBB213E06B
:101280003B68042B04D17B6893F84330DBB20BE05E
:101290003B68082B04D17B6893F84430DBB203E051
:1012A0007B6893F84530DBB27B73BB7B012B02D1AB
:1012B0007B7B012B01D00123CCE03B68002B04D1C8
:1012C0007B68022283F83E2013E03B68042B04D1A4
:1012D0007B68022283F83F200BE03B68082B04D197
:1012E0007B68022283F8402003E07B68022283F8B7
:1012F00041203B68002B04D17B68022283F8422006
:1013000013E03B68042B04D17B68022283F843205E
:101310000BE03B68082B04D17B68022283F8442051
:1013200003E07B68022283F845203B680C2B41D800
:1013300001A252F823F000BF6D130008B513000896
:10134000B5130008B51300087F130008B513000893
:10135000B5130008B513000891130008B513000871
:10136000B5130008B5130008A31300087B681B68B9
:10137000DA687B681B6842F00202DA601DE07B6875
:101380001B68DA687B681B6842F00402DA6014E0CC
:101390007B681B68DA687B681B6842F00802DA60C9
:1013A0000BE07B681B68DA687B681B6842F0100200
:1013B000DA6002E00123FB7300BFFB7B002B48D106
:1013C0007B681B6801223968184600F085FE7B683F
:1013D0001B68224A934222D07B681B68B3F1804F7E
:1013E0001DD07B681B681E4A934218D07B681B681F
:1013F0001C4A934213D07B681B681B4A93420ED051
:101400007B681B68194A934209D07B681B68184A9D
:10141000934204D07B681B68164A934211D17B68C3
:101420001B689B6803F00703BB60BB68062B10D0EA
:101430007B681B681A687B681B6842F001021A60AF
:1014400007E07B681B681A687B681B6842F0010232
:101450001A60FB7B18461037BD4680BD0000014076
:101460000004004000080040000C0040000401405F
:10147000004001400018004080B584B000AF7860A3
:101480007B681B68DB68FB607B681B681B69BB6053
:10149000BB6803F00203002B20D0FB6803F00203BB
:1014A000002B1BD07B681B686FF002021A617B68FF
:1014B00001221A777B681B689B6903F00303002BEA
:1014C00003D078680CF0B0F805E0786800F066FAB0
:1014D000786800F06DFA7B6800221A77BB6803F029
:1014E0000403002B20D0FB6803F00403002B1BD067
:1014F0007B681B686FF004021A617B6802221A770E
:101500007B681B689B6903F44073002B03D07868E9
:101510000CF08AF805E0786800F040FA786800F08E
:1015200047FA7B6800221A77BB6803F00803002B98
:1015300020D0FB6803F00803002B1BD07B681B68DE
:101540006FF008021A617B6804221A777B681B68B7
:10155000DB6903F00303002B03D078680CF064F818
:1015600005E0786800F01AFA786800F021FA7B68E4
:1015700000221A77BB6803F01003002B20D0FB6811
:1015800003F01003002B1BD07B681B686FF0100268
:101590001A617B6808221A777B681B68DB6903F491
:1015A0004073002B03D078680CF03EF805E07868B3
:1015B00000F0F4F9786800F0FBF97B6800221A77F4
:1015C000BB6803F00103002B0CD0FB6803F00103A0
:1015D000002B07D07B681B686FF001021A617868E6
:1015E00008F0AEFEBB6803F08003002B0CD0FB6854
:1015F00003F08003002B07D07B681B686FF080022C
:101600001A61786800F014FEBB6803F04003002BF9
:101610000CD0FB6803F04003002B07D07B681B68ED
:101620006FF040021A61786800F0CCF9BB6803F0F3
:101630002003002B0CD0FB6803F02003002B07D005
:101640007B681B686FF020021A61786800F0E6FD85
:1016500000BF1037BD4680BD80B586B000AFF860D2
:10166000B9607A600023FB75FB6893F83C30012B6E
:1016700001D1022388E0FB68012283F83C207B68CB
:10168000002B1BD1FB681868BB681968BB685A68D7
:10169000BB68DB6800F0F6FBFB681B689A69FB68B7
:1016A0001B6822F00C029A61FB681B689969BB6891
:1016B0009A68FB681B680A439A6160E07B68042BA8
:1016C0001CD1FB681868BB681968BB685A68BB689E
:1016D000DB6800F04BFCFB681B689A69FB681B68C1
:1016E00022F440629A61FB681B689969BB689B6839
:1016F0001A02FB681B680A439A6140E07B68082B6A
:101700001BD1FB681868BB681968BB685A68BB685E
:10171000DB6800F068FCFB681B68DA69FB681B6823
:1017200022F00C02DA61FB681B68D969BB689A6811
:10173000FB681B680A43DA6121E07B680C2B1CD133
:10174000FB681868BB681968BB685A68BB68DB68C7
:1017500000F085FCFB681B68DA69FB681B6822F4F3
:101760004062DA61FB681B68D969BB689B681A0232
:10177000FB681B680A43DA6101E00123FB75FB6823
:10178000002283F83C20FB7D18461837BD4680BDFB
:1017900080B586B000AFF860B9607A600023FB7551
:1017A000FB6893F83C30012B01D10223AEE0FB68CB
:1017B000012283F83C207B680C2B00F29F8001A261
:1017C00052F823F0F9170008FD180008FD1800086A
:1017D000FD18000839180008FD180008FD18000859
:1017E000FD1800087B180008FD180008FD18000807
:1017F000FD180008BB180008FB681B68B96818468C
:1018000000F090F9FB681B689A69FB681B6842F05E
:1018100008029A61FB681B689A69FB681B6822F0E2
:1018200004029A61FB681B689969BB681A69FB68C6
:101830001B680A439A6164E0FB681B68B968184634
:1018400000F0E0F9FB681B689A69FB681B6842F4CA
:1018500000629A61FB681B689A69FB681B6822F446
:1018600080629A61FB681B689969BB681B691A02F0
:10187000FB681B680A439A6143E0FB681B68B96810
:10188000184600F035FAFB681B68DA69FB681B68CC
:1018900042F00802DA61FB681B68DA69FB681B68C2
:1018A00022F00402DA61FB681B68D969BB681A6917
:1018B000FB681B680A43DA6123E0FB681B68B968B0
:1018C000184600F089FAFB681B68DA69FB681B6838
:1018D00042F40062DA61FB681B68DA69FB681B6826
:1018E00022F48062DA61FB681B68D969BB681B69F6
:1018F0001A02FB681B680A43DA6102E00123FB75E8
:1019000000BFFB68002283F83C20FB7D1846183797
:10191000BD4680BD80B485B000AF786039600023DB
:10192000FB603B680C2B31D801A252F823F000BFBA
:10193000651900088D1900088D1900088D19000817
:101940006F1900088D1900088D1900088D190008FD
:10195000791900088D1900088D1900088D190008E3
:10196000831900087B681B685B6BFB600FE07B687A
:101970001B689B6BFB600AE07B681B68DB6BFB6092
:1019800005E07B681B681B6CFB6000E000BFFB6828
:1019900018461437BD465DF8047B704780B483B0A9
:1019A00000AF786000BF0C37BD465DF8047B704720
:1019B00080B483B000AF786000BF0C37BD465DF8DF
:1019C000047B704780B483B000AF786000BF0C37F1
:1019D000BD465DF8047B704780B485B000AF786089
:1019E00039607B681B68FB607B68434A934213D075
:1019F0007B68B3F1804F0FD07B68404A93420BD095
:101A00007B683F4A934207D07B683E4A934203D0AB
:101A10007B683D4A934208D1FB6823F07003FB606A
:101A20003B685B68FA681343FB607B68324A934209
:101A30002BD07B68B3F1804F27D07B682F4A93422D
:101A400023D07B682E4A93421FD07B682D4A934255
:101A50001BD07B682C4A934217D07B682B4A934259
:101A600013D07B682A4A93420FD07B68294A93425D
:101A70000BD07B68284A934207D07B68274A934261
:101A800003D07B68264A934208D1FB6823F4407355
:101A9000FB603B68DB68FA681343FB60FB6823F07C
:101AA00080023B685B691343FB603B689A687B6814
:101AB000DA623B681A687B689A627B680E4A9342D6
:101AC00003D07B68104A934203D13B681A697B6854
:101AD0001A637B681B6843F004027B681A607B68AA
:101AE00001225A617B68FA681A6000BF1437BD464C
:101AF0005DF8047B704700BF000001400004004017
:101B000000080040000C004000040140004001407B
:101B1000004401400048014000180040001C004003
:101B20000020004080B487B000AF786039607B68E7
:101B30001B6A7B617B681B6A23F001027B681A6267
:101B40007B685B683B617B689B69FB60FB6823F09B
:101B50007003FB60FB6823F00303FB603B681B68BA
:101B6000FA681343FB607B6923F002037B613B68E7
:101B70009B687A6913437B617B68204A934203D058
:101B80007B681F4A93420CD17B6923F008037B6179
:101B90003B68DB687A6913437B617B6923F004034C
:101BA0007B617B68154A934203D07B68144A934259
:101BB00011D13B6923F480733B613B6923F40073CB
:101BC0003B613B685B693A6913433B613B689B69D6
:101BD0003A6913433B617B683A695A607B68FA68EB
:101BE0009A613B685A687B685A637B687A691A62B3
:101BF00000BF1C37BD465DF8047B70470000014004
:101C00000004014080B487B000AF786039607B6821
:101C10001B6A7B617B681B6A23F010027B681A6277
:101C20007B685B683B617B689B69FB60FB6823F4B6
:101C3000E043FB60FB6823F44073FB603B681B6878
:101C40001B02FA681343FB607B6923F020037B616E
:101C50003B689B681B017A6913437B617B68224A5E
:101C6000934203D07B68214A93420DD17B6923F0D4
:101C700080037B613B68DB681B017A6913437B61EE
:101C80007B6923F040037B617B68174A934203D052
:101C90007B68164A934213D13B6923F480633B610E
:101CA0003B6923F400633B613B685B699B003A69D5
:101CB00013433B613B689B699B003A6913433B615B
:101CC0007B683A695A607B68FA689A613B685A682F
:101CD0007B689A637B687A691A6200BF1C37BD46CD
:101CE0005DF8047B704700BF000001400004014024
:101CF00080B487B000AF786039607B681B6A7B6115
:101D00007B681B6A23F480727B681A627B685B685D
:101D10003B617B68DB69FB60FB6823F07003FB6061
:101D2000FB6823F00303FB603B681B68FA681343FE
:101D3000FB607B6923F400737B613B689B681B023B
:101D40007A6913437B617B68214A934203D07B68A5
:101D5000204A93420DD17B6923F400637B613B6889
:101D6000DB681B027A6913437B617B6923F4806320
:101D70007B617B68164A934203D07B68154A934285
:101D800013D13B6923F480533B613B6923F4005337
:101D90003B613B685B691B013A6913433B613B68EC
:101DA0009B691B013A6913433B617B683A695A603E
:101DB0007B68FA68DA613B685A687B68DA637B683B
:101DC0007A691A6200BF1C37BD465DF8047B704714
:101DD000000001400004014080B487B000AF78608B
:101DE00039607B681B6A3B617B681B6A23F4805205
:101DF0007B681A627B685B687B617B68DB69FB6080
:101E0000FB6823F4E043FB60FB6823F44073FB6052
:101E10003B681B681B02FA681343FB603B6923F4B1
:101E200000533B613B689B681B033A6913433B616A
:101E30007B68124A934203D07B68114A934209D1CE
:101E40007B6923F480437B613B685B699B017A6912
:101E500013437B617B687A695A607B68FA68DA6150
:101E60003B685A687B681A647B683A691A6200BFEB
:101E70001C37BD465DF8047B704700BF0000014081
:101E80000004014080B487B000AFF860B9607A60A8
:101E90003B60FB681B6A3B61FB681B6A23F0010225
:101EA000FB681A62FB689B697B61FB68284A934266
:101EB0001BD0FB68B3F1804F17D0FB68254A9342D3
:101EC00013D0FB68244A93420FD0FB68234A934205
:101ED0000BD0FB68224A934207D0FB68214A934209
:101EE00003D0FB68204A934201D1012300E0002384
:101EF000002B08D07B6923F003037B617A697B6840
:101F000013437B6103E07B6943F001037B617B69E1
:101F100023F0F0037B613B681B01DBB27A6913435A
:101F20007B613B6923F00A033B61BB6803F00A0352
:101F30003A6913433B61FB687A699A61FB683A69C5
:101F40001A6200BF1C37BD465DF8047B704700BFB6
:101F5000000001400004004000080040000C004068
:101F600000040140004001400018004080B487B0E8
:101F700000AFF860B9607A603B60FB681B6A7B6108
:101F8000FB681B6A23F01002FB681A62FB689B69FE
:101F90003B613B6923F440733B617B681B023A69F8
:101FA00013433B613B6923F470433B613B681B0374
:101FB0009BB23A6913433B617B6923F0A0037B61C9
:101FC000BB681B0103F0A0037A6913437B61FB68C4
:101FD0003A699A61FB687A691A6200BF1C37BD468C
:101FE0005DF8047B704780B487B000AFF860B960DB
:101FF0007A603B60FB681B6A7B61FB681B6A23F4A9
:102000008072FB681A62FB68DB693B613B6923F005
:1020100003033B613A697B6813433B613B6923F0EF
:10202000F0033B613B681B01DBB23A6913433B6140
:102030007B6923F420637B61BB681B0203F420638C
:102040007A6913437B61FB683A69DA61FB687A69F4
:102050001A6200BF1C37BD465DF8047B704780B430
:1020600087B000AFF860B9607A603B60FB681B6ABC
:102070007B61FB681B6A23F48052FB681A62FB6871
:10208000DB693B613B6923F440733B617B681B0266
:102090003A6913433B613B6923F470433B613B68FE
:1020A0001B039BB23A6913433B617B6923F42043D2
:1020B0007B61BB681B0303F420437A6913437B6194
:1020C000FB683A69DA61FB687A691A6200BF1C37FB
:1020D000BD465DF8047B704780B487B000AFF86000
:1020E000B9607A60BB6803F01F03012202FA03F3B0
:1020F0007B61FB681A6A7B69DB431A40FB681A62E2
:10210000FB681A6ABB6803F01F03796801FA03F3DE
:102110001A43FB681A6200BF1C37BD465DF8047B9A
:102120007047000080B485B000AF786039607B688C
:1021300093F83C30012B01D102235AE07B68012245
:1021400083F83C207B68022283F83D207B681B6873
:102150005B68FB607B681B689B68BB60FB6823F067
:102160007003FB603B681B68FA681343FB607B6885
:102170001B68FA685A607B681B68214A934222D028
:102180007B681B68B3F1804F1DD07B681B681D4ABC
:10219000934218D07B681B681B4A934213D07B681C
:1021A0001B681A4A93420ED07B681B68184A9342F8
:1021B00009D07B681B68174A934204D07B681B6870
:1021C000154A93420CD1BB6823F08003BB603B6887
:1021D0005B68BA681343BB607B681B68BA689A6027
:1021E0007B68012283F83D207B68002283F83C2035
:1021F000002318461437BD465DF8047B704700BFC6
:10220000000001400004004000080040000C0040B5
:1022100000040140004001400018004080B483B039
:1022200000AF786000BF0C37BD465DF8047B704797
:1022300080B483B000AF786000BF0C37BD465DF856
:10224000047B704780B584B000AF78600023FB73D7
:102250007B68002B01D1012333E07B681B6C002BD2
:1022600009D178680AF054FD7B6800225A647B68C3
:10227000002283F83C207B681B6C03F01003002BCA
:1022800018D17B681B6C23F4885323F0020343F0BE
:1022900002027B681A64786800F0B4FA7B68002256
:1022A0005A647B681B6C23F0030343F001027B68D4
:1022B0001A6401E00123FB737B68002283F83C2051
:1022C000FB7B18461037BD4680BD000080B485B04A
:1022D00000AF78600023BB607B6893F83C30012B33
:1022E00001D10223B2E07B68012283F83C207B68A5
:1022F0001B689B6803F00103012B18D07B681B68E7
:102300009A687B681B6842F001029A60524B1B6816
:10231000524AA2FB03239A0C13465B001344BB6092
:1023200002E0BB68013BBB60BB68002BF9D17B6856
:102330001B689B6803F00103012B7AD17B681B6C3F
:1023400023F4E06323F0010343F480727B681A6492
:102350007B681B685B6803F48063002B07D07B6895
:102360001B6C23F4405343F480527B681A647B68EF
:102370001B6C03F48053B3F5805F06D17B685B6C04
:1023800023F006027B685A6402E07B6800225A64EC
:102390007B68002283F83C20314BFB607B681B6824
:1023A0006FF022021A60FB685B6803F01F03002BCA
:1023B0002AD17B681B682B4A934215D07B681B6827
:1023C000294A934205D1264B5B6803F01F03002B7B
:1023D0000AD07B681B68254A934236D1204B5B6844
:1023E00003F01003002B30D17B681B689B6803F05F
:1023F0004053002B29D17B681B689A687B681B6857
:1024000042F080429A6020E07B681B68154A934244
:102410001BD17B681B689B6803F04053002B14D1D1
:102420007B681B689A687B681B6842F080429A60F0
:102430000BE07B681B6C43F010027B681A647B68BE
:102440005B6C43F001027B685A6400231846143722
:10245000BD465DF8047B70470000002083DE1B430F
:1024600000230140002001400021014000220140E2
:1024700080B584B000AF786039600023FB607B6872
:102480001B689B6803F48063B3F5806F13D17B688E
:102490001B689B6803F48073B3F5807F0BD17B6866
:1024A0001B6C43F020027B681A647B68002283F86F
:1024B0003C20012363E00BF071FAF86021E03B68F7
:1024C000B3F1FF3F1DD03B68002B07D00BF066FA3D
:1024D0000246FB68D31A3A689A4212D27B681B689C
:1024E0001B6803F00203022B0BD07B681B6C43F0CC
:1024F00004027B681A647B68002283F83C20032373
:102500003DE07B681B681B6803F00203022BD6D1F9
:102510007B681B686FF012021A607B681B6C43F4C7
:1025200000727B681A647B681B689B6803F04053E9
:10253000002B23D17B681B7E002B1FD17B681B687F
:10254000DB6A03F47003002B06D07B681B689B6872
:1025500003F48063002B11D17B681B6C23F4807221
:102560007B681A647B681B6C03F48053002B05D1D5
:102570007B681B6C43F001027B681A6400231846D9
:102580001037BD4680BD80B483B000AF78607B68F3
:102590001B68DB6C18460C37BD465DF8047B704742
:1025A00080B485B000AF786039600023BB607B6881
:1025B00093F83C30012B01D1022313E17B68012207
:1025C00083F83C203B681B68092B25D97B681B6876
:1025D000D9683B681B689BB21A4613465B001344DC
:1025E0001E3B072202FA03F3DA437B681B680A40AA
:1025F000DA607B681B68D9683B689A683B681B682F
:102600009BB2184603465B0003441E3B9A407B681E
:102610001B680A43DA6022E07B681B6819693B6823
:102620001B689BB21A4613465B001344072202FA4A
:1026300003F3DA437B681B680A401A617B681B68F6
:1026400019693B689A683B681B689BB21846034649
:102650005B0003449A407B681B680A431A613B682D
:102660005B68062B24D87B681B68596B3B685A68EB
:1026700013469B001344053B1F2202FA03F3DA437F
:102680007B681B680A405A637B681B68596B3B6810
:102690001B689BB218463B685A6813469B0013445C
:1026A000053B00FA03F27B681B680A435A634CE05F
:1026B0003B685B680C2B24D87B681B68196B3B68F4
:1026C0005A6813469B001344233B1F2202FA03F36C
:1026D000DA437B681B680A401A637B681B68196BC6
:1026E0003B681B689BB218463B685A6813469B00C0
:1026F0001344233B00FA03F27B681B680A431A6306
:1027000023E07B681B68D96A3B685A6813469B00C4
:102710001344413B1F2202FA03F3DA437B681B6830
:102720000A40DA627B681B68D96A3B681B689BB207
:1027300018463B685A6813469B001344413B00FA15
:1027400003F27B681B680A43DA62294BFB607B68F3
:102750001B68284A93420FD13B681B68122B0BD190
:10276000FB685B6823F40002FB685A60FB685B68E7
:1027700043F48002FB685A607B681B681D4A9342E1
:102780002BD13B681B681C4A934203D03B681B68F3
:10279000112B22D1FB685B6823F48002FB685A602E
:1027A000FB685B6843F40002FB685A603B681B6887
:1027B000114A934211D1114B1B68114AA2FB03230A
:1027C0009A0C13469B0013445B00BB6002E0BB689D
:1027D000013BBB60BB68002BF9D17B68002283F80A
:1027E0003C20002318461437BD465DF8047B704733
:1027F00000230140002001401200001000000020D2
:1028000083DE1B4380B485B000AF7860794BFB60FA
:10281000FB685B6823F44032FB685A60FB685A68C7
:102820007B685B681A43FB685A607B681B685A6860
:102830007B681B6822F480725A607B681B68596849
:102840007B681B691A027B681B680A435A607B68B5
:102850001B685A687B681B6822F040725A607B686C
:102860001B6859687B689A687B681B680A435A60D2
:102870007B681B689A687B681B6822F400629A6018
:102880007B681B6899687B68DA687B681B680A4309
:102890009A607B689B6A584A934222D07B681B6887
:1028A0009A687B681B6822F070629A607B681B687C
:1028B00099687B689A6A7B681B680A439A607B68A0
:1028C0001B689A687B681B6822F040529A607B689C
:1028D0001B6899687B68DA6A7B681B680A439A60A0
:1028E0000FE07B681B689A687B681B6822F0706247
:1028F0009A607B681B689A687B681B6822F040526C
:102900009A607B681B689A687B681B6822F00202E9
:102910009A607B681B6899687B681B7E5A007B689D
:102920001B680A439A607B6893F82030002B1BD009
:102930007B681B685A687B681B6842F400625A60B7
:102940007B681B685A687B681B6822F460425A6087
:102950007B681B6859687B685B6A013B5A037B682C
:102960001B680A435A6007E07B681B685A687B68EB
:102970001B6822F400625A607B681B68DA6A7B6815
:102980001B6822F47002DA627B681B68D96A7B6874
:10299000DB69013B1A057B681B680A43DA627B68C6
:1029A0001B689A687B681B6822F400729A607B68D7
:1029B0001B6899687B6893F830305A027B681B6803
:1029C0000A439A607B681B689A687B681B6822F4DC
:1029D00080629A607B681B6899687B685B699A0271
:1029E0007B681B680A439A6000BF1437BD465DF8D8
:1029F000047B7047002301400100000F80B584B0C4
:102A000000AF786039607B68002B01D10123CCE0F6
:102A1000684B1B6803F00F033A689A420CD9654B68
:102A20003A68D2B21A70634B1B6803F00F033A681E
:102A30009A4201D00123B8E07B681B6803F00203CF
:102A4000002B20D07B681B6803F00403002B05D00B
:102A5000594B9B68584A43F4E05393607B681B686A
:102A600003F00803002B05D0534B9B68524A43F4F4
:102A700060439360504B9B6823F0F0027B689B6837
:102A80004D4913438B607B681B6803F00103002BE7
:102A900044D07B685B68012B07D1474B1B6803F46C
:102AA0000033002B19D101237FE07B685B68022B88
:102AB00003D07B685B68032B07D13F4B1B6803F097
:102AC0000073002B09D101236FE03B4B1B6803F01F
:102AD0000203002B01D1012367E0374B9B6823F0F1
:102AE00003027B685B68344913438B600AF056FF2E
:102AF000F8600AE00AF052FF0246FB68D31A41F27E
:102B00008832934201D903234FE02B4B9B6803F09B
:102B10000C027B685B689B009A42EBD1254B1B68DB
:102B200003F00F033A689A420CD2224B3A68D2B2B1
:102B30001A70204B1B6803F00F033A689A4201D0C9
:102B4000012332E07B681B6803F00403002B08D0EC
:102B5000194B9B6823F4E0527B68DB6816491343EA
:102B60008B607B681B6803F00803002B09D0124BB5
:102B70009B6823F460427B681B69DB000E491343AA
:102B80008B6000F087F802460B4B9B681B0903F033
:102B90000F030A49CB5C22FA03F3094A1360094B7D
:102BA0001B6818460AF006FF002318461037BD467A
:102BB00080BD00BF003C024000380240906C01081C
:102BC000000000200400002080B400AF034B1B680D
:102BD0001846BD465DF8047B704700BF000000202A
:102BE00080B500AFFFF7F0FF0246054B9B689B0ADC
:102BF00003F007030349CB5C22FA03F3184680BDB8
:102C000000380240A06C010880B500AFFFF7DCFF80
:102C10000246054B9B685B0B03F007030349CB5C43
:102C200022FA03F3184680BD00380240A06C010868
:102C300080B483B000AF786039607B680F221A607F
:102C4000124B9B6803F003027B685A600F4B9B6832
:102C500003F0F0027B689A600C4B9B6803F4E0522F
:102C60007B68DA60094B9B68DB0803F4E0527B6801
:102C70001A61074B1B6803F00F023B681A6000BF24
:102C80000C37BD465DF8047B704700BF003802403A
:102C9000003C02402DE9B04FAEB000AF0023C7F8B2
:102CA000AC300023C7F8B4300023C7F8A8300023A5
:102CB000C7F8A4300023C7F8B030CB4B9B6803F0B3
:102CC0000C030C2B00F2068201A252F823F000BF85
:102CD000052D0008D5300008D5300008D530000893
:102CE0000D2D0008D5300008D5300008D53000087B
:102CF000152D0008D5300008D5300008D530000863
:102D0000052F0008B94BC7F8B030E7E1B84BC7F85A
:102D1000B030E3E1B44B5B6803F03F03C7F8AC307D
:102D2000B14B5B6803F48003002B71D0AE4B5B6842
:102D30009B090022C7F89830C7F89C20D7F8983034
:102D4000C3F30803C7F890300023C7F89430D7E9DD
:102D5000244522462B464FF000004FF00001590158
:102D600041EAD261500102460B462146511A3964AC
:102D7000294663EB01037B644FF000024FF0000330
:102D8000D7E9108949468B01414643EA91634146A0
:102D90008A014146511AB963494663EB0103FB635B
:102DA0004FF000024FF00003D7E90E894946CB00EF
:102DB000414643EA51734146CA001046194603464C
:102DC00022469B183B632B460A4642EB03037B6378
:102DD0004FF000024FF00003D7E90C4529464B02A3
:102DE000214643EAD15321464A0210461946D7F8F4
:102DF000AC300022C7F88830C7F88C20D7E92223EE
:102E0000FDF79CFD02460B461346C7F8B43067E059
:102E1000754B5B689B090022C7F88030C7F8842097
:102E2000D7F88030C3F30803BB670023FB67D7E9FB
:102E30001E4522462B464FF000004FF0000159017D
:102E400041EAD261500102460B462146511AB9624D
:102E5000294663EB0103FB624FF000024FF00003D1
:102E6000D7E90A8949468B01414643EA91634146C5
:102E70008A014146B2EB010A494663EB010B4FF070
:102E800000024FF000034FEACB0343EA5A734FEAC4
:102E9000CA0292469B4623461AEB03033B622B462B
:102EA0004BEB03037B624FF000024FF00003D7E9C6
:102EB000084529468B02214643EA915321468A025E
:102EC00010461946D7F8AC3000223B677A67D7E93D
:102ED0001C23FDF733FD02460B461346C7F8B430FA
:102EE000414B5B681B0C03F0030301335B00C7F825
:102EF000A830D7F8B420D7F8A830B2FBF3F3C7F85E
:102F0000B030EBE0384B5B6803F03F03C7F8AC3000
:102F1000354B5B6803F48003002B6BD0324B5B684E
:102F20009B090022BB66FA66BB6EC3F308033B66CF
:102F300000237B66D7E9184522462B464FF0000058
:102F40004FF00001590141EAD261500102460B469F
:102F50002146511AB961294663EB0103FB614FF029
:102F600000024FF00003D7E906AB59468B015146EA
:102F700043EA916351468A015146B2EB0108594632
:102F800063EB01094FF000024FF000034FEAC90361
:102F900043EA58734FEAC80290469946234618EB15
:102FA00003033B612B4649EB03037B614FF00002B7
:102FB0004FF00003D7E9044529464B02214643EA76
:102FC000D15321464A0210461946D7F8AC300022A8
:102FD000BB65FA65D7E91623FDF7B0FC02460B4640
:102FE0001346C7F8B43065E0003802400024F4000E
:102FF00000127A003D4B5B689B090022184611467F
:10300000C0F308033B6500237B65D7E9148942467A
:103010004B464FF000004FF00001590141EAD261E8
:10302000500102460B464146511AB960494663EBCE
:103030000103FB604FF000024FF00003D7E902AB41
:1030400059468B01514643EA916351468A015146E4
:10305000541A594663EB01054FF000024FF000038C
:10306000EB0043EA5473E20014461D464346E3185E
:103070003B604B4645EB03037B604FF000024FF093
:103080000003D7E9004529468B02214643EA9153C4
:1030900021468A0210461946D7F8AC300022BB649C
:1030A000FA64D7E91223FDF749FC02460B461346A2
:1030B000C7F8B4300D4B5B681B0F03F00703C7F86C
:1030C000A430D7F8B420D7F8A430B2FBF3F3C7F894
:1030D000B03003E0064BC7F8B03000BFD7F8B030CF
:1030E0001846B837BD46BDE8B08F00BF0038024073
:1030F0000024F40080B586B000AF78607B68002BB8
:1031000001D101238DE27B681B6803F00103002BD2
:1031100000F08380944B9B6803F00C03042B19D0C0
:10312000914B9B6803F00C03082B06D18E4B5B6818
:1031300003F48003B3F5800F0CD08B4B9B6803F036
:103140000C030C2B12D1884B5B6803F48003B3F59E
:10315000800F0BD1844B1B6803F40033002B5BD032
:103160007B685B68002B57D101235AE27B685B6860
:10317000B3F5803F06D17C4B1B687B4A43F4803318
:1031800013601DE07B685B68B3F5A02F0CD1764B14
:103190001B68754A43F480231360734B1B68724AA3
:1031A00043F4803313600BE06F4B1B686E4A23F4CB
:1031B000803313606C4B1B686B4A23F480231360CD
:1031C0007B685B68002B13D00AF0E8FB386108E0ED
:1031D0000AF0E4FB02463B69D31A642B01D90323AE
:1031E0001FE2614B1B6803F40033002BF0D014E0A6
:1031F0000AF0D4FB386108E00AF0D0FB02463B69D4
:10320000D31A642B01D903230BE2574B1B6803F439
:103210000033002BF0D100E000BF7B681B6803F097
:103220000203002B6FD0504B9B6803F00C03002B64
:1032300017D04D4B9B6803F00C03082B05D14A4B6C
:103240005B6803F48003002B0BD0474B9B6803F0B3
:103250000C030C2B1CD1444B5B6803F48003002B44
:1032600016D1414B1B6803F00203002B05D07B688D
:10327000DB68012B01D00123D3E13B4B1B6823F01A
:10328000F8027B681B69DB00374913430B603AE0A7
:103290007B68DB68002B20D0344B01221A600AF0D7
:1032A0007DFB386108E00AF079FB02463B69D31ADE
:1032B000022B01D90323B4E12B4B1B6803F002035B
:1032C000002BF0D0284B1B6823F0F8027B681B69A9
:1032D000DB00254913430B6015E0244B00221A60E4
:1032E0000AF05CFB386108E00AF058FB02463B69D3
:1032F000D31A022B01D9032393E11B4B1B6803F064
:103300000203002BF0D17B681B6803F00803002B3D
:1033100036D07B685B69002B16D0154B01221A60F2
:103320000AF03CFB386108E00AF038FB02463B69D2
:10333000D31A022B01D9032373E10B4B5B6F03F00C
:103340000203002BF0D01BE0094B00221A600AF0A8
:1033500025FB38610EE00AF021FB02463B69D31AD7
:10336000022B07D903235CE10038024000004742EA
:10337000800E47428A4B5B6F03F00203002BEAD1B9
:103380007B681B6803F00403002B00F09780002388
:10339000FB75834B1B6C03F08053002B0FD1002374
:1033A000BB607F4B1B6C7E4A43F0805313647C4BA5
:1033B0001B6C03F08053BB60BB680123FB75794B2A
:1033C0001B6803F48073002B18D1764B1B68754A79
:1033D00043F4807313600AF0E1FA386108E00AF000
:1033E000DDFA02463B69D31A022B01D9032318E107
:1033F0006C4B1B6803F48073002BF0D07B689B68D8
:10340000012B06D1664B1B6F654A43F0010313671E
:103410001CE07B689B68052B0CD1614B1B6F604ADD
:1034200043F0040313675E4B1B6F5D4A43F00103D7
:1034300013670BE05A4B1B6F594A23F001031367C4
:10344000574B1B6F564A23F0040313677B689B6836
:10345000002B15D00AF0A2FA38610AE00AF09EFAB1
:1034600002463B69D31A41F28832934201D90323C1
:10347000D7E04B4B1B6F03F00203002BEED014E0A0
:103480000AF08CFA38610AE00AF088FA02463B69D1
:10349000D31A41F28832934201D90323C1E0404B51
:1034A0001B6F03F00203002BEED1FB7D012B05D136
:1034B0003B4B1B6C3A4A23F0805313647B689B6937
:1034C000002B00F0AD80364B9B6803F00C03082BFB
:1034D00060D07B689B69022B45D1334B00221A6078
:1034E0000AF05CFA386108E00AF058FA02463B69D3
:1034F000D31A022B01D9032393E0294B1B6803F055
:103500000073002BF0D17B68DA697B681B6A1A4371
:103510007B685B6A9B011A437B689B6A5B08013B83
:103520001B041A437B68DB6A1B061A437B681B6B10
:103530001B071B4913434B601B4B01221A600AF007
:103540002DFA386108E00AF029FA02463B69D31ADD
:10355000022B01D9032364E0114B1B6803F00073B5
:10356000002BF0D05CE0104B00221A600AF016FA33
:10357000386108E00AF012FA02463B69D31A022BBE
:1035800001D903234DE0064B1B6803F00073002BA9
:10359000F0D145E07B689B69012B07D1012340E016
:1035A0000038024000700040600047421F4B5B68DB
:1035B000FB607B689B69012B30D0FB6803F48002C1
:1035C0007B68DB699A4229D1FB6803F03F027B6884
:1035D0001B6A9A4222D1FA6847F6C07313407A6890
:1035E000526A9201934219D1FB6803F440327B681E
:1035F0009B6A5B08013B1B049A420FD1FB6803F0F6
:1036000070627B68DB6A1B069A4207D1FB6803F095
:10361000E0427B681B6B1B079A4201D0012300E04C
:10362000002318461837BD4680BD00BF0038024051
:1036300080B489B000AF7860396000237B610023DB
:103640003B610023BB610023FB6165E10122FB6953
:1036500002FA03F37B613B681B687A6913403B61A4
:103660003A697B699A4240F054813B685B6803F099
:103670000303012B05D03B685B6803F00303022BB7
:1036800030D17B689B68BB61FB695B00032202FA57
:1036900003F3DB43BA691340BB613B68DA68FB693B
:1036A0005B0002FA03F3BA691343BB617B68BA6932
:1036B0009A607B685B68BB610122FB6902FA03F3D5
:1036C000DB43BA691340BB613B685B681B0903F0CD
:1036D0000102FB6902FA03F3BA691343BB617B6819
:1036E000BA695A603B685B6803F00303032B17D089
:1036F0007B68DB68BB61FB695B00032202FA03F3B2
:10370000DB43BA691340BB613B689A68FB695B00A5
:1037100002FA03F3BA691343BB617B68BA69DA60E2
:103720003B685B6803F00303022B23D1FB69DA08D3
:103730007B68083253F82230BB61FB6903F0070352
:103740009B000F2202FA03F3DB43BA691340BB610B
:103750003B681A69FB6903F007039B0002FA03F355
:10376000BA691343BB61FB69DA087B680832B9693F
:1037700043F822107B681B68BB61FB695B00032276
:1037800002FA03F3DB43BA691340BB613B685B6831
:1037900003F00302FB695B0002FA03F3BA69134307
:1037A000BB617B68BA691A603B685B6803F44033AD
:1037B000002B00F0AE800023FB605D4B5B6C5C4A2D
:1037C00043F4804353645A4B5B6C03F48043FB60C7
:1037D000FB68584AFB699B08023352F82330BB61EF
:1037E000FB6903F003039B000F2202FA03F3DB43A0
:1037F000BA691340BB617B684F4A934225D07B680E
:103800004E4A93421FD07B684D4A934219D07B6841
:103810004C4A934213D07B684B4A93420DD07B684D
:103820004A4A934207D07B68494A934201D1062312
:103830000CE007230AE0052308E0042306E0032345
:1038400004E0022302E0012300E00023FA6902F011
:10385000030292009340BA691343BB613549FB6987
:103860009B080233BA6941F823203A4B9B68BB613D
:103870003B69DB43BA691340BB613B685B6803F497
:103880008013002B03D0BA693B691343BB61314AF3
:10389000BB6993602F4BDB68BB613B69DB43BA6953
:1038A0001340BB613B685B6803F40013002B03D03B
:1038B000BA693B691343BB61264ABB69D360254B98
:1038C0005B68BB613B69DB43BA691340BB613B6822
:1038D0005B6803F40033002B03D0BA693B691343E0
:1038E000BB611C4ABB6953601A4B1B68BB613B69D7
:1038F000DB43BA691340BB613B685B6803F4803308
:10390000002B03D0BA693B691343BB61114ABB6901
:103910001360FB690133FB61FB690F2B7FF696AEE9
:1039200000BF00BF2437BD465DF8047B704700BF71
:10393000003802400038014000000240000402400C
:1039400000080240000C0240001002400014024037
:1039500000180240003C014080B487B000AF78609E
:10396000396000233B610023FB600023BB60002320
:103970007B61C7E001227B6902FA03F33B613A688D
:103980003B691340FB60FA683B699A4240F0B7809C
:10399000624A7B699B08023352F82330BB607B6923
:1039A00003F003039B000F2202FA03F3BA681340EB
:1039B000BB607B685A4A934225D07B68594A934240
:1039C0001FD07B68584A934219D07B68574A93426C
:1039D00013D07B68564A93420DD07B68554A934278
:1039E00007D07B68544A934201D106230CE0072399
:1039F0000AE0052308E0042306E0032304E0022391
:103A000002E0012300E000237A6902F00302920041
:103A10009340BA689A4232D1484B1A68FB68DB433C
:103A2000464913400B60454B5A68FB68DB434349EA
:103A300013404B60414BDA68FB68DB433F4913405E
:103A4000CB603E4B9A68FB68DB433C4913408B607C
:103A50007B6903F003039B000F2202FA03F3BB60B0
:103A60002E4A7B699B08023352F82310BB68DA4365
:103A70002A487B699B080A40023340F823207B6870
:103A80001A687B695B00032101FA03F3DB431A40E8
:103A90007B681A607B69DA087B68083253F8221069
:103AA0007B6903F007039B000F2202FA03F3DB4359
:103AB0007A69D20819407B68083243F822107B6883
:103AC000DA687B695B00032101FA03F3DB431A40E8
:103AD0007B68DA607B685A6801217B6901FA03F32D
:103AE000DB431A407B685A607B689A687B695B009D
:103AF000032101FA03F3DB431A407B689A607B6978
:103B000001337B617B690F2B7FF634AF00BF00BFB1
:103B10001C37BD465DF8047B704700BF003801408C
:103B2000000002400004024000080240000C024075
:103B3000001002400014024000180240003C014006
:103B400080B485B000AF78600B467B807B681A69D3
:103B50007B881340002B02D00123FB7301E000237C
:103B6000FB73FB7B18461437BD465DF8047B70473A
:103B700080B483B000AF78600B467B8013467B70C7
:103B80007B78002B03D07A887B689A6103E07B887E
:103B90001A047B689A6100BF0C37BD465DF8047B50
:103BA000704780B485B000AF78600B467B807B683F
:103BB0005B69FB607A88FB6813401A04FB68D94391
:103BC0007B880B401A437B689A6100BF1437BD465F
:103BD0005DF8047B7047000080B586B000AF786068
:103BE00000237B6109F0DAFE38617B68002B01D18C
:103BF000012399E07B68022283F835207B6800224C
:103C000083F834207B681B681A687B681B6822F085
:103C100001021A600FE009F0C1FE02463B69D31AA7
:103C2000052B08D97B6820225A657B68032283F81C
:103C30003520032378E07B681B681B6803F00103D1
:103C4000002BE8D17B681B681B687B617A69384B65
:103C500013407B617B685A687B689B681A437B686A
:103C6000DB681A437B681B691A437B685B691A43EC
:103C70007B689B691A437B68DB691A437B681B6A14
:103C800013437A6913437B617B685B6A042B07D11A
:103C90007B68DA6A7B681B6B13437A6913437B6129
:103CA0007B681B687A691A607B681B685B697B614B
:103CB0007B6923F007037B617B685B6A7A69134346
:103CC0007B617B685B6A042B17D17B689B6A7A698E
:103CD00013437B617B68DB6A002B0ED0786800F0B1
:103CE0005FFB0346002B08D07B6840225A657B6847
:103CF000012283F83520012316E07B681B687A696E
:103D00005A61786800F016FB0346FB607B68DB6D48
:103D10003F229A40FB689A607B6800225A657B6864
:103D2000012283F83520002318461837BD4680BD90
:103D30003F8010F080B584B000AF78607B68002BC6
:103D400001D1012350E07B6893F83530DBB2022BC0
:103D500001D1022348E07B681B681A687B681B68F6
:103D600022F001021A607B681B6800221A607B68DF
:103D70001B6800225A607B681B6800229A607B687F
:103D80001B680022DA607B681B6800221A617B686E
:103D90001B6821225A61786800F0CCFA0346FB6068
:103DA0007B680022DA637B6800221A647B68002249
:103DB0005A647B6800229A647B680022DA647B681C
:103DC00000221A657B68DB6D3F229A40FB689A608F
:103DD0007B6800225A657B68002283F835207B6867
:103DE000002283F83420002318461037BD4680BDDA
:103DF00080B586B000AFF860B9607A603B600023A0
:103E0000FB75FB689B6D3B61FB6893F83430012BBD
:103E100001D1022340E0FB68012283F83420FB68D3
:103E200093F83530DBB2012B2FD1FB68022283F8E7
:103E30003520FB6800225A653B687A68B968F868E3
:103E400000F04AFAFB68DB6D3F229A403B699A60BA
:103E5000FB681B681A68FB681B6842F016021A6050
:103E6000FB681B6C002B07D0FB681B681A68FB689B
:103E70001B6842F008021A60FB681B681A68FB683E
:103E80001B6842F001021A6005E0FB68002283F81B
:103E900034200223FB75FB7D18461837BD4680BDD4
:103EA00080B584B000AF78607B689B6DFB6009F0E3
:103EB00075FDB8607B6893F83530DBB2022B08D013
:103EC0007B6880225A657B68002283F834200123B6
:103ED00052E07B681B681A687B681B6822F0160238
:103EE0001A607B681B685A697B681B6822F0800235
:103EF0005A617B681B6C002B03D17B689B6C002B89
:103F000007D07B681B681A687B681B6822F0080270
:103F10001A607B681B681A687B681B6822F00102C4
:103F20001A6013E009F03AFD0246BB68D31A052B6C
:103F30000CD97B6820225A657B68032283F83520E0
:103F40007B68002283F83420032315E07B681B681C
:103F50001B6803F00103002BE4D17B68DB6D3F227B
:103F60009A40FB689A607B68012283F835207B6861
:103F7000002283F83420002318461037BD4680BD48
:103F800080B483B000AF78607B6893F83530DBB2E3
:103F9000022B04D07B6880225A6501230CE07B68E9
:103FA000052283F835207B681B681A687B681B68CC
:103FB00022F001021A60002318460C37BD465DF856
:103FC000047B704780B586B000AF78600023BB608B
:103FD0008E4B1B688E4AA2FB03239B0A7B617B6886
:103FE0009B6D3B613B691B68FB607B68DB6D082256
:103FF0009A40FB681340002B1AD07B681B681B6833
:1040000003F00403002B13D07B681B681A687B68DD
:104010001B6822F004021A607B68DB6D08229A405C
:104020003B699A607B685B6D43F001027B685A656F
:104030007B68DB6D01229A40FB681340002B12D095
:104040007B681B685B6903F08003002B0BD07B68E7
:10405000DB6D01229A403B699A607B685B6D43F09F
:1040600002027B685A657B68DB6D04229A40FB681C
:104070001340002B12D07B681B681B6803F00203FF
:10408000002B0BD07B68DB6D04229A403B699A6061
:104090007B685B6D43F004027B685A657B68DB6D6F
:1040A00010229A40FB681340002B43D07B681B68AA
:1040B0001B6803F00803002B3CD07B68DB6D1022EB
:1040C0009A403B699A607B681B681B6803F48023F5
:1040D000002B18D07B681B681B6803F40023002B9F
:1040E00008D17B681B6C002B24D07B681B6C786824
:1040F00098471FE07B689B6C002B1BD07B689B6CF8
:104100007868984716E07B681B681B6803F4807327
:10411000002B07D17B681B681A687B681B6822F03C
:1041200008021A607B681B6C002B03D07B681B6C39
:10413000786898477B68DB6D20229A40FB681340C3
:10414000002B00F08F807B681B681B6803F0100356
:10415000002B00F087807B68DB6D20229A403B6952
:104160009A607B6893F83530DBB2052B36D17B68DB
:104170001B681A687B681B6822F016021A607B684D
:104180001B685A697B681B6822F080025A617B6851
:104190001B6C002B03D17B689B6C002B07D07B68CA
:1041A0001B681A687B681B6822F008021A607B682B
:1041B000DB6D3F229A403B699A607B68012283F85D
:1041C00035207B68002283F834207B681B6D002B30
:1041D0007ED07B681B6D7868984779E07B681B68A8
:1041E0001B6803F48023002B1DD07B681B681B68B1
:1041F00003F40023002B0DD17B685B6C002B31D0C6
:104200007B685B6C786898472CE000BF000000205A
:10421000B5814E1B7B68DB6B002B23D07B68DB6B8F
:10422000786898471EE07B681B681B6803F48073FE
:10423000002B0FD17B681B681A687B681B6822F013
:1042400010021A607B68012283F835207B68002207
:1042500083F834207B68DB6B002B03D07B68DB6B3F
:10426000786898477B685B6D002B32D07B685B6D0C
:1042700003F00103002B22D07B68052283F8352050
:104280007B681B681A687B681B6822F001021A6051
:10429000BB680133BB607A699A4207D37B681B68AD
:1042A0001B6803F00103002BF2D100E000BF7B6824
:1042B000012283F835207B68002283F834207B6854
:1042C000DB6C002B05D07B68DB6C7868984700E0DE
:1042D00000BF1837BD4680BD80B485B000AFF86020
:1042E000B9607A603B60FB681B681A68FB681B68F2
:1042F00022F480221A60FB681B683A685A60FB68E7
:104300009B68402B08D1FB681B687A689A60FB6841
:104310001B68BA68DA6007E0FB681B68BA689A60D5
:10432000FB681B687A68DA6000BF1437BD465DF829
:10433000047B704780B485B000AF78607B681B68F1
:10434000DBB2103B144AA2FB03231B09FB60134A98
:10435000FB6813441B781A467B68DA65FB68032BFD
:1043600009D97B681B6823F47F7323F003031A1DAC
:104370007B689A6507E07B681B6823F47F7323F0F2
:1043800003037A6893657B689B6D18461437BD46B6
:104390005DF8047B704700BFABAAAAAAA86C01080D
:1043A00080B485B000AF78600023FB737B689B6AA4
:1043B000BB607B689B69002B1FD1BB68032B56D861
:1043C00001A252F823F000BFD9430008EB430008D4
:1043D000D94300086F4400087B68DB6A03F08073F0
:1043E000002B46D00123FB7343E07B68DB6AB3F10B
:1043F000C07F40D10123FB733DE07B689B69B3F52F
:10440000005F21D1BB68032B37D801A252F823F0FB
:1044100021440008274400082144000839440008CA
:104420000123FB7330E07B68DB6A03F08073002BB1
:1044300025D00123FB7322E07B68DB6AB3F1C07FE8
:104440001FD10123FB731CE0BB68022B03D9BB689F
:10445000032B03D018E00123FB7315E07B68DB6AB4
:1044600003F08073002B0ED00123FB730BE000BF21
:104470000AE000BF08E000BF06E000BF04E000BFA4
:1044800002E000BF00E000BFFB7B18461437BD46CA
:104490005DF8047B704700BF80B582B000AF002399
:1044A0007B6000233B60204B1B6C1F4A43F0805312
:1044B00013641D4B1B6C03F080533B603B681B4B2C
:1044C00001221A6009F06AFA786009E009F066FAD8
:1044D00002467B68D31AB3F57A7F01D903231FE024
:1044E000134B5B6803F48033B3F5803FEED1114B7F
:1044F00001221A6009F052FA786009E009F04EFAD8
:1045000002467B68D31AB3F57A7F01D9032307E00B
:10451000074B5B6803F40033B3F5003FEED1002393
:1045200018460837BD4680BD0038024040000E42A4
:104530000070004044000E4280B485B000AF786047
:104540007B6803F00703FB600C4BDB68BB60BA6859
:104550004FF6FF031340BB60FB681A02BB681343AE
:1045600043F0BF6343F40033BB60044ABB68D360CD
:1045700000BF1437BD465DF8047B704700ED00E0D6
:1045800080B400AF044BDB681B0A03F00703184636
:10459000BD465DF8047B704700ED00E080B483B059
:1045A00000AF0346FB7197F90730002B0BDBFB795B
:1045B00003F01F02074997F907305B09012000FA51
:1045C00002F241F8232000BF0C37BD465DF8047BA2
:1045D000704700BF00E100E080B483B000AF034645
:1045E000FB7197F90730002B12DBFB7903F01F02F8
:1045F0000A4997F907305B09012000FA02F22033DB
:1046000041F82320BFF34F8F00BFBFF36F8F00BF70
:1046100000BF0C37BD465DF8047B704700E100E049
:1046200080B483B000AF03463960FB7197F907305F
:10463000002B0ADB3B68DAB20C4997F9073012010C
:10464000D2B20B4483F800230AE03B68DAB208498F
:10465000FB7903F00F03043B1201D2B20B441A762C
:1046600000BF0C37BD465DF8047B704700E100E0F9
:1046700000ED00E080B489B000AFF860B9607A6006
:10468000FB6803F00703FB61FB69C3F10703042B1D
:1046900028BF0423BB61FB690433062B02D9FB69E5
:1046A000033B00E000237B614FF0FF32BB6902FA5D
:1046B00003F3DA43BB681A407B699A404FF0FF313D
:1046C0007B6901FA03F3D9437B680B401343184617
:1046D0002437BD465DF8047B704780B582B000AFDB
:1046E00078607868FFF728FF00BF0837BD4680BDB7
:1046F00080B586B000AF0346B9607A60FB730023D3
:104700007B61FFF73DFF78617A68B9687869FFF7E8
:10471000B1FF024697F90F3011461846FFF780FFA8
:1047200000BF1837BD4680BD80B582B000AF0346DC
:10473000FB7197F907301846FFF730FF00BF0837C5
:10474000BD4680BD80B582B000AF0346FB7197F9CE
:1047500007301846FFF740FF00BF0837BD4680BD51
:1047600080B500AF0E4B1B680D4A43F40073136015
:104770000B4B1B680A4A43F480631360084B1B68A9
:10478000074A43F4807313600320FFF7A6FF0F204E
:1047900009F010F909F0D6F80023184680BD00BFD3
:1047A000003C024080B400AF064B1B781A46064B13
:1047B0001B681344044A136000BFBD465DF8047BC8
:1047C000704700BF08000020AC00002080B584B016
:1047D00000AF786009F0E2F8B8607B68FB60FB68C6
:1047E000B3F1FF3F05D00A4B1B781A46FB68134410
:1047F000FB6000BF09F0D2F80246BB68D31AFA6822
:104800009A42F7D800BF00BF1037BD4680BD00BF39
:104810000800002080B582B000AF78607B68002B74
:1048200001D1012314E07B681B79DBB2002B05D199
:104830007B6800225A71786808F0E2FA7B680222ED
:104840001A717B6800221A617B6801221A710023A9
:1048500018460837BD4680BD80B483B000AF78608D
:1048600039607B68002B01D1012346E07B685B79CE
:10487000012B01D1022340E07B6801225A717B6841
:1048800002221A717B681B6819683B6803F01003E9
:1048900001229A407B681B680A431A603B68002B20
:1048A0000FD17B681B681B6803F03C033C2B1DD1B8
:1048B0007B681B685A687B681B6842F001025A607B
:1048C00014E07B681B681B6803F470123B6803F0FC
:1048D00010033C2101FA03F39A4207D17B681B685D
:1048E0005A687B681B6842F002025A607B680122AA
:1048F0001A717B6800225A71002318460C37BD4696
:104900005DF8047B704780B487B000AFF860B96091
:104910007A603B6000237B61FB68002B01D101239F
:1049200015E0FB681B687B61BB68002B05D17A69C9
:104930007B68134408337B6104E07A697B68134425
:1049400014337B617B691A463B6813600023184669
:104950001C37BD465DF8047B704780B485B000AF5E
:10496000786039600023FB603B68002B04D17B68D2
:104970001B68DB6AFB6003E07B681B681B6BFB60EA
:10498000FB6818461437BD465DF8047B704780B459
:1049900089B000AFF860B9607A600023FB77FB68EC
:1049A000002B02D0BB68002B01D1012342E0FB6841
:1049B0005B79012B01D102233CE0FB6801225A7193
:1049C000FB6802221A71FB681B681B68BB617B686D
:1049D00003F0100340F6FE7202FA03F3DB43BA69F8
:1049E0001340BB61BB681A68BB685B6813437B619B
:1049F0007B6803F010037A6902FA03F3BA69134380
:104A0000BB61FB681B68BA691A60FB681B681968A0
:104A10007B6803F01003C02202FA03F3DA43FB6859
:104A20001B680A401A60FB6801221A71FB680022A9
:104A30005A71FB7F18462437BD465DF8047B7047EA
:104A400080B582B000AF78607B68002B01D1012374
:104A50007BE07B685B6A002B08D17B685B68B3F501
:104A6000827F09D07B680022DA6105E07B68002242
:104A70001A617B6800225A617B6800229A627B6817
:104A800093F85130DBB2002B06D17B68002283F80B
:104A90005020786808F086FA7B68022283F851205B
:104AA0007B681B681A687B681B6822F040021A60EA
:104AB0007B685B6803F482727B689B6803F4044341
:104AC0001A437B68DB6803F400631A437B681B6945
:104AD00003F002031A437B685B6903F001031A4386
:104AE0007B689B6903F400731A437B68DB6903F0FE
:104AF00038031A437B681B6A03F0800342EA030110
:104B00007B689B6A03F400527B681B680A431A6047
:104B10007B689B691B0C03F004017B685B6A03F0F4
:104B200010027B681B680A435A607B681B68DA695D
:104B30007B681B6822F40062DA617B6800225A6598
:104B40007B68012283F85120002318460837BD46B0
:104B500080BD80B588B000AFF860B9603B60134697
:104B6000FB8008F01BFFF861FB887B83FB6893F8F0
:104B70005130DBB2012B01D002232AE1BB68002BAC
:104B800002D0FB88002B01D1012322E1FB6893F8BE
:104B90005030012B01D102231BE1FB68012283F875
:104BA0005020FB68032283F85120FB6800225A65DD
:104BB000FB68BA681A63FB68FA889A86FB68FA8809
:104BC000DA86FB6800229A63FB6800229A87FB68FA
:104BD0000022DA87FB6800225A64FB6800221A640C
:104BE000FB689B68B3F5004F0FD1FB681B681A6820
:104BF000FB681B6822F040021A60FB681B681A6899
:104C0000FB681B6842F480421A60FB681B681B68E3
:104C100003F04003402B07D0FB681B681A68FB6851
:104C20001B6842F040021A60FB68DB68B3F5006F56
:104C300052D1FB685B68002B02D07B8B012B45D1E6
:104C4000FB681B6B1A88FB681B68DA60FB681B6BD0
:104C50009A1CFB681A63FB68DB8E9BB2013B9AB21D
:104C6000FB68DA8632E0FB681B689B6803F002038E
:104C7000022B12D1FB681B6B1A88FB681B68DA6079
:104C8000FB681B6B9A1CFB681A63FB68DB8E9BB28C
:104C9000013B9AB2FB68DA8618E008F07FFE024614
:104CA000FB69D31A3A689A4203D83B68B3F1FF3FD5
:104CB00002D13B68002B09D1FB68012283F8512007
:104CC000FB68002283F85020032382E0FB68DB8E20
:104CD0009BB2002BC7D153E0FB685B68002B02D06E
:104CE0007B8B012B47D1FB681A6BFB681B680C336D
:104CF00012781A70FB681B6B5A1CFB681A63FB68FE
:104D0000DB8E9BB2013B9AB2FB68DA8633E0FB682C
:104D10001B689B6803F00203022B13D1FB681A6B1C
:104D2000FB681B680C3312781A70FB681B6B5A1CEB
:104D3000FB681A63FB68DB8E9BB2013B9AB2FB688F
:104D4000DA8618E008F02AFE0246FB69D31A3A68B0
:104D50009A4203D83B68B3F1FF3F02D13B68002B76
:104D600009D1FB68012283F85120FB68002283F8F7
:104D7000502003232DE0FB68DB8E9BB2002BC6D1B5
:104D8000FA693968F86800F0D9FB0346002B02D0B5
:104D9000FB6820225A65FB689B68002B0AD1002320
:104DA0007B61FB681B68DB687B61FB681B689B6839
:104DB0007B617B69FB68012283F85120FB6800223C
:104DC00083F85020FB685B6D002B01D0012300E0CD
:104DD000002318462037BD4680BD80B588B002AF9D
:104DE000F860B9603B601346FB80FB6893F8513074
:104DF000DBB2012B01D0022304E1BB68002B02D0FF
:104E0000FB88002B01D10123FCE0FB685B68B3F554
:104E1000827F12D1FB689B68002B0ED1FB680422B5
:104E200083F85120FA883B6800931346BA68B96842
:104E3000F86800F0EBF80346E4E008F0AFFD7861B5
:104E4000FB6893F85030012B01D10223DAE0FB68B4
:104E5000012283F85020FB68042283F85120FB686C
:104E600000225A65FB68BA689A63FB68FA889A87D9
:104E7000FB68FA88DA87FB6800221A63FB68002265
:104E80009A86FB680022DA86FB6800221A64FB68B7
:104E900000225A64FB689B68B3F5004F0FD1FB6892
:104EA0001B681A68FB681B6822F040021A60FB68E6
:104EB0001B681A68FB681B6822F480421A60FB6852
:104EC0001B681B6803F04003402B07D0FB681B687E
:104ED0001A68FB681B6842F040021A60FB68DB68D6
:104EE000002B70D135E0FB681B689B6803F0010361
:104EF000012B15D1FB681B6803F10C02FB689B6B4F
:104F00001278D2B21A70FB689B6B5A1CFB689A63CA
:104F1000FB68DB8F9BB2013B9AB2FB68DA8718E033
:104F200008F03CFD02467B69D31A3A689A4203D8DE
:104F30003B68B3F1FF3F02D13B68002B09D1FB680E
:104F4000012283F85120FB68002283F850200323BC
:104F500058E0FB68DB8F9BB2002BC4D138E0FB68C4
:104F60001B689B6803F00103012B13D1FB681B68CE
:104F7000DA68FB689B6B92B21A80FB689B6B9A1C89
:104F8000FB689A63FB68DB8F9BB2013B9AB2FB68BC
:104F9000DA8718E008F002FD02467B69D31A3A6806
:104FA0009A4203D83B68B3F1FF3F02D13B68002B24
:104FB00009D1FB68012283F85120FB68002283F8A5
:104FC000502003231EE0FB68DB8F9BB2002BC6D171
:104FD0007A693968F86800F04BFA0346002B02D072
:104FE000FB6820225A65FB68012283F85120FB6888
:104FF000002283F85020FB685B6D002B01D0012359
:1050000000E0002318461837BD4680BD80B58AB041
:1050100000AFF860B9607A607B8001237B6208F0A2
:10502000BDFC3862FB6893F85130FB77FB685B6826
:10503000BB617B88FB82FB7F012B0CD0BB69B3F586
:10504000827F06D1FB689B68002B02D1FB7F042B7B
:1050500001D002237FE1BB68002B05D07B68002BC9
:1050600002D07B88002B01D1012374E1FB6893F807
:105070005030012B01D102236DE1FB68012283F83E
:105080005020FB6893F85130DBB2042B03D0FB684F
:10509000052283F85120FB6800225A65FB687A6874
:1050A0009A63FB687A88DA87FB687A889A87FB6854
:1050B000BA681A63FB687A88DA86FB687A889A8607
:1050C000FB6800221A64FB6800225A64FB681B68B4
:1050D0001B6803F04003402B07D0FB681B681A686D
:1050E000FB681B6842F040021A60FB68DB68B3F59E
:1050F000006F7ED1FB685B68002B02D0FB8A012B1E
:105100006CD1FB681B6B1A88FB681B68DA60FB6854
:105110001B6B9A1CFB681A63FB68DB8E9BB2013B1E
:105120009AB2FB68DA8659E0FB681B689B6803F05B
:105130000203022B1BD1FB68DB8E9BB2002B16D027
:105140007B6A012B13D1FB681B6B1A88FB681B68F9
:10515000DA60FB681B6B9A1CFB681A63FB68DB8ECA
:105160009BB2013B9AB2FB68DA8600237B62FB6844
:105170001B689B6803F00103012B19D1FB68DB8FCF
:105180009BB2002B14D0FB681B68DA68FB689B6B32
:1051900092B21A80FB689B6B9A1CFB689A63FB684F
:1051A000DB8F9BB2013B9AB2FB68DA8701237B62FB
:1051B00008F0F4FB02463B6AD31A3A6B9A420DD8C8
:1051C0003B6BB3F1FF3F09D0FB68012283F851200C
:1051D000FB68002283F850200323BCE0FB68DB8ED1
:1051E0009BB2002BA0D1FB68DB8F9BB2002B9BD125
:1051F00082E0FB685B68002B02D0FB8A012B71D137
:10520000FB681A6BFB681B680C3312781A70FB681A
:105210001B6B5A1CFB681A63FB68DB8E9BB2013B5D
:105220009AB2FB68DA865DE0FB681B689B6803F056
:105230000203022B1CD1FB68DB8E9BB2002B17D024
:105240007B6A012B14D1FB681A6BFB681B680C335B
:1052500012781A70FB681B6B5A1CFB681A63FB6898
:10526000DB8E9BB2013B9AB2FB68DA8600237B623D
:10527000FB681B689B6803F00103012B19D1FB68D5
:10528000DB8F9BB2002B14D0FB681B68DA68FB68CD
:105290009B6BD2B21A70FB689B6B5A1CFB689A63BB
:1052A000FB68DB8F9BB2013B9AB2FB68DA87012374
:1052B0007B6208F073FB02463B6AD31A3A6B9A4250
:1052C00003D83B6BB3F1FF3F02D13B6B002B09D1FD
:1052D000FB68012283F85120FB68002283F85020EC
:1052E000032338E0FB68DB8E9BB2002B9CD1FB686C
:1052F000DB8F9BB2002B97D13A6A396BF86800F0CC
:105300001DF90346002B08D0FB6820225A65FB6874
:10531000002283F8502001231DE0FB689B68002BCE
:105320000AD100233B61FB681B68DB683B61FB68BB
:105330001B689B683B613B69FB68012283F8512035
:10534000FB68002283F85020FB685B6D002B01D0C6
:10535000012300E0002318462837BD4680BD000029
:1053600080B588B000AFF860B9603B601346FB7150
:1053700008F014FB0246BB6A9B1A3A681344FB61AF
:1053800008F00CFBB861394B1B685B011B0DFA6917
:1053900002FB03F37B6155E03B68B3F1FF3F51D063
:1053A00008F0FCFA0246BB69D31AFA699A4202D99C
:1053B000FB69002B3DD1FB681B685A68FB681B68C2
:1053C00022F0E0025A60FB685B68B3F5827F11D17E
:1053D000FB689B68B3F5004F04D0FB689B68B3F58E
:1053E000806F07D1FB681B681A68FB681B6822F096
:1053F00040021A60FB689B6AB3F5005F0FD1FB683F
:105400001B681A68FB681B6822F400521A60FB686C
:105410001B681A68FB681B6842F400521A60FB683C
:10542000012283F85120FB68002283F850200323D7
:1054300018E07B69002B02D10023FB6102E07B694D
:10544000013B7B61FB681B689A68BB681340BA68C4
:105450009A420CBF01230023DBB21A46FB799A4221
:105460009AD1002318462037BD4680BD0000002099
:1054700080B586B002AFF860B9607A60FB685B689F
:10548000B3F5827F11D1FB689B68B3F5004F04D060
:10549000FB689B68B3F5806F07D1FB681B681A68CF
:1054A000FB681B6822F040021A60FB685B68B3F57A
:1054B000827F2AD1FB689B68B3F5806F12D07B682E
:1054C0000093BB6800228021F868FFF749FF03467C
:1054D000002B2DD0FB685B6D43F02002FB685A6502
:1054E000032326E07B680093BB6800220121F86853
:1054F000FFF736FF0346002B1AD0FB685B6D43F0C5
:105500002002FB685A65032313E07B680093BB68A5
:1055100000220121F868FFF723FF0346002B07D084
:10552000FB685B6D43F02002FB685A65032300E0D3
:10553000002318461037BD4680BD000080B588B0F6
:1055400002AFF860B9607A607B680093BB680122A3
:105550000221F868FFF704FF0346002B07D0FB6821
:105560005B6D43F02002FB685A65032332E01B4B5E
:105570001B681B4AA2FB03235B0D4FF47A7202FBEC
:1055800003F37B61FB685B68B3F5827F12D17B68B4
:105590000093BB6800228021F868FFF7E1FE034614
:1055A000002B16D0FB685B6D43F02002FB685A6548
:1055B00003230FE07B69002B0AD07B69013B7B61F1
:1055C000FB681B689B6803F08003802BF2D000E02F
:1055D00000BF002318461837BD4680BD00000020DC
:1055E000819F5E1680B582B000AF78607B68002B2B
:1055F00001D1012342E07B6893F84130DBB2002BFC
:1056000006D17B68002283F84020786808F0A4F86F
:105610007B68242283F841207B681B68DA687B68FA
:105620001B6822F40052DA60786800F0C9FF7B68DA
:105630001B681A697B681B6822F490421A617B68B8
:105640001B685A697B681B6822F02A025A617B68D2
:105650001B68DA687B681B6842F40052DA607B687A
:1056600000225A647B68202283F841207B68202234
:1056700083F842207B6800225A63002318460837CB
:10568000BD4680BD80B582B000AF78607B68002BDE
:1056900001D1012324E07B68242283F841207B6828
:1056A0001B68DA687B681B6822F40052DA6078684D
:1056B00008F0D4F87B6800225A647B68002283F8E3
:1056C00041207B68002283F842207B6800221A6315
:1056D0007B6800225A637B68002283F84020002305
:1056E00018460837BD4680BD80B58AB002AFF86065
:1056F000B9603B601346FB8000237B61FB6893F835
:105700004130DBB2202B75D1BB68002B02D0FB8867
:10571000002B01D101236EE0FB6800225A64FB6874
:10572000212283F8412008F039F97861FB68FA8872
:105730009A84FB68FA88DA84FB689B68B3F5805F1B
:1057400008D1FB681B69002B04D10023FB61BB68F7
:10575000BB6103E0BB68FB610023BB612EE03B68DB
:1057600000937B6900228021F86800F067FC034603
:10577000002B05D0FB68202283F8412003233AE068
:10578000FB69002B0BD1BB691B881A46FB681B68A1
:10579000C2F308025A60BB690233BB6107E0FB69D0
:1057A0001A78FB681B685A60FB690133FB61FB6870
:1057B000DB8C9BB2013B9AB2FB68DA84FB68DB8C22
:1057C0009BB2002BCBD13B6800937B690022402128
:1057D000F86800F033FC0346002B05D0FB6820225C
:1057E00083F84120032306E0FB68202283F8412050
:1057F000002300E0022318462037BD4680BD80B557
:105800008CB000AFF860B9601346FB80FB6893F87A
:105810004230DBB2202B46D1BB68002B02D0FB8884
:10582000002B01D101233FE0FB6801221A63FB68D2
:1058300000225A63FB881A46B968F86800F058FCE1
:10584000034687F82F30FB681B6B012B25D1002303
:105850003B61FB681B681B683B61FB681B685B68FE
:105860003B613B69FB681B680C33BB61BB6953E858
:10587000003F7B617B6943F01003BB62FB681B68E0
:105880000C33BA6A7A623B62396A7A6A41E8002369
:10589000FB61FB69002BE5D102E0012387F82F3083
:1058A00097F82F3000E0022318463037BD4680BD00
:1058B00080B5BAB000AF78607B681B681B68C7F81A
:1058C000E4307B681B68DB68C7F8E0307B681B68E6
:1058D0005B69C7F8DC300023C7F8D8300023C7F86D
:1058E000D430D7F8E43003F00F03C7F8D830D7F836
:1058F000D830002B0FD1D7F8E43003F02003002B71
:1059000009D0D7F8E03003F02003002B03D07868EB
:1059100000F098FD73E2D7F8D830002B00F0DE805D
:10592000D7F8DC3003F00103002B06D1D7F8E030C4
:1059300003F49073002B00F0D180D7F8E43003F02B
:105940000103002B0BD0D7F8E03003F48073002B59
:1059500005D07B685B6C43F001027B685A64D7F822
:10596000E43003F00403002B0BD0D7F8DC3003F055
:105970000103002B05D07B685B6C43F002027B685F
:105980005A64D7F8E43003F00203002B0BD0D7F8A9
:10599000DC3003F00103002B05D07B685B6C43F027
:1059A00004027B685A64D7F8E43003F00803002B44
:1059B00011D0D7F8E03003F02003002B05D1D7F841
:1059C000DC3003F00103002B05D07B685B6C43F0F7
:1059D00008027B685A647B685B6C002B00F00A82CB
:1059E000D7F8E43003F02003002B08D0D7F8E030DC
:1059F00003F02003002B02D0786800F023FD7B68C1
:105A00001B685B6903F04003402B0CBF012300239C
:105A1000DBB2C7F8D4307B685B6C03F00803002B63
:105A200003D1D7F8D430002B4FD0786800F02EFC8B
:105A30007B681B685B6903F04003402B41D17B68A6
:105A40001B681433C7F89C30D7F89C3053E8003FEC
:105A5000C7F89830D7F8983023F04003C7F8D03013
:105A60007B681B681433D7F8D020C7F8A820C7F884
:105A7000A430D7F8A410D7F8A82041E80023C7F82D
:105A8000A030D7F8A030002BD9D17B68DB6B002B7E
:105A900013D07B68DB6B8A4A1A657B68DB6B184620
:105AA000FEF76EFA0346002B16D07B68DB6B1B6D8E
:105AB0007A68D26B104698470EE078680AF08CF846
:105AC0000AE078680AF088F806E078680AF084F856
:105AD0007B6800225A648DE100BF8BE17B681B6B01
:105AE000012B40F06781D7F8E43003F01003002B5E
:105AF00000F06081D7F8E03003F01003002B00F0D5
:105B000059810023BB607B681B681B68BB607B6896
:105B10001B685B68BB60BB687B681B685B6903F0E4
:105B20004003402B40F0CE807B68DB6B1B685B68DA
:105B3000A7F8BE30B7F8BE30002B00F0A9807B6814
:105B40009B8DB7F8BE209A4280F0A2807B68B7F8A0
:105B5000BE20DA857B68DB6BDB69B3F5807F00F004
:105B600088807B681B680C33C7F88830D7F888308A
:105B700053E8003FC7F88430D7F8843023F48073AB
:105B8000C7F8B8307B681B680C33D7F8B820C7F863
:105B90009420C7F89030D7F89010D7F8942041E8B7
:105BA0000023C7F88C30D7F88C30002BD9D17B6814
:105BB0001B6814337B677B6F53E8003F3B673B6F89
:105BC00023F00103C7F8B4307B681B681433D7F89F
:105BD000B420C7F88020FB67F96FD7F8802041E830
:105BE0000023BB67BB6F002BE1D17B681B681433BC
:105BF0003B663B6E53E8003FFB65FB6D23F04003C3
:105C0000C7F8B0307B681B681433D7F8B020FA6649
:105C1000BB66B96EFA6E41E800237B667B6E002B93
:105C2000E3D17B68202283F842207B6800221A633C
:105C30007B681B680C33FB64FB6C53E8003FBB6460
:105C4000BB6C23F01003C7F8AC307B681B680C33C7
:105C5000D7F8AC20BA657B65796DBA6D41E8002351
:105C60003B653B6D002BE3D17B68DB6B1846FEF791
:105C700017F97B6802225A637B689A8D7B68DB8DFB
:105C80009BB2D31A9BB21946786809F029FFB3E09A
:105C90007B689B8DB7F8BE209A4240F0AD807B6850
:105CA000DB6BDB69B3F5807F40F0A6807B68022266
:105CB0005A637B689B8D1946786809F011FF9BE059
:105CC000536300087B689A8D7B68DB8D9BB2D31A87
:105CD000A7F8CE307B68DB8D9BB2002B00F08E8066
:105CE000B7F8CE30002B00F089807B681B680C333E
:105CF000BB63BB6B53E8003F7B637B6B23F4907308
:105D0000C7F8C8307B681B680C33D7F8C8207A64A2
:105D10003B64396C7A6C41E80023FB63FB6B002B1E
:105D2000E3D17B681B6814337B627B6A53E8003FD6
:105D30003B623B6A23F00103C7F8C4307B681B68F1
:105D40001433D7F8C4203A63FB62F96A3A6B41E82E
:105D50000023BB62BB6A002BE3D17B68202283F85F
:105D600042207B6800221A637B681B680C333B610E
:105D70003B6953E8003FFB60FB6823F01003C7F862
:105D8000C0307B681B680C33D7F8C020FA61BB6158
:105D9000B969FA6941E800237B617B69002BE3D193
:105DA0007B6802225A63B7F8CE301946786809F04A
:105DB00097FE23E0D7F8E43003F08003002B09D0EE
:105DC000D7F8E03003F08003002B03D0786800F0B0
:105DD000D1FA14E0D7F8E43003F04003002B0ED0E2
:105DE000D7F8E03003F04003002B08D0786800F0CB
:105DF00011FB04E000BF02E000BF00E000BFE83795
:105E0000BD4680BD80B483B000AF786000BF0C3762
:105E1000BD465DF8047B704780B483B000AF786006
:105E200000BF0C37BD465DF8047B704780B483B07B
:105E300000AF786000BF0C37BD465DF8047B70474B
:105E400080B59CB000AF78607B689B6BFB667B681D
:105E50001B681B6803F48073002B72D1FB6E002259
:105E6000DA85FB6E1B680C33FB64FB6C53E8003F68
:105E7000BB64BB6C23F48073BB66FB6E1B680C3386
:105E8000BA6EBA657B65796DBA6D41E800233B65F2
:105E90003B6D002BE5D1FB6E1B681433BB63BB6B02
:105EA00053E8003F7B637B6B23F001037B66FB6E53
:105EB0001B6814337A6E7A643B64396C7A6C41E8FF
:105EC0000023FB63FB6B002BE5D1FB6E1B681433D7
:105ED0007B627B6A53E8003F3B623B6A23F04003EE
:105EE0003B66FB6E1B6814333A6E3A63FB62F96AD9
:105EF0003A6B41E80023BB62BB6A002BE5D1FB6E25
:105F0000202283F84220FB6E1B6B012B19D1FB6E04
:105F10001B680C333B613B6953E8003FFB60FB6847
:105F200023F01003FB65FB6E1B680C33FA6DFA61FE
:105F3000BB61B969FA6941E800237B617B69002B89
:105F4000E5D1FB6E00225A63FB6E1B6B012B06D161
:105F5000FB6E9B8D1946F86E09F0C2FD02E0F86EEB
:105F6000FFF75AFF00BF7037BD4680BD80B584B0D3
:105F700000AF78607B689B6BFB60FB6801225A6313
:105F8000FB681B6B012B08D1FB689B8D5B089BB2E8
:105F90001946F86809F0A4FD02E0F868FFF746FF2B
:105FA00000BF1037BD4680BD80B584B000AF7860BB
:105FB0000023FB607B689B6BBB60BB681B685B69F5
:105FC00003F08003802B0CBF01230023DBB2FB60B6
:105FD000BB6893F84130DBB2212B08D1FB68002B62
:105FE00005D0BB680022DA84B86800F027F9BB68E6
:105FF0001B685B6903F04003402B0CBF01230023A7
:10600000DBB2FB60BB6893F84230DBB2222B08D1D5
:10601000FB68002B05D0BB680022DA85B86800F069
:1060200035F9BB685B6C43F01002BB685A64B86812
:1060300009F0D2FD00BF1037BD4680BD80B586B0E7
:1060400000AFF860B9603B601346FB713BE03B6A10
:10605000B3F1FF3F37D007F0A1FC02463B68D31AEB
:106060003A6A9A4202D33B6A002B01D103233AE0F9
:10607000FB681B68DB6803F00403002B23D0BB68BC
:10608000802B20D0BB68402B1DD0FB681B681B6891
:1060900003F00803082B16D100237B61FB681B6803
:1060A0001B687B61FB681B685B687B617B69F868C8
:1060B00000F0ECF8FB6808225A64FB68002283F8C1
:1060C000402001230FE0FB681B681A68BB6813407F
:1060D000BA689A420CBF01230023DBB21A46FB794F
:1060E0009A42B4D0002318461837BD4680BD000040
:1060F00080B598B000AFF860B9601346FB80BA680D
:10610000FB689A62FB68FA889A85FB6800225A64E9
:10611000FB68222283F84220FB68DB6B444ADA6387
:10612000FB68DB6B434A1A64FB68DB6B424ADA6448
:10613000FB68DB6B00221A6507F10803FB65FB684F
:10614000D86BFB681B6804331946FB6D1A68FB8823
:10615000FDF74EFE0346002B08D0FB6810225A6460
:10616000FB68202283F8422001235DE000233B618D
:10617000FB681B681B683B61FB681B685B683B61D5
:106180003B69FB681B69002B19D0FB681B680C334B
:106190003B643B6C53E8003FFB63FB6B43F4807351
:1061A000BB65FB681B680C33BA6DFA64BB64B96CE1
:1061B000FA6C41E800237B647B6C002BE5D1FB6823
:1061C0001B681433FB62FB6A53E8003FBB62BB6A87
:1061D00043F001037B65FB681B6814337A6DBA6377
:1061E0007B63796BBA6B41E800233B633B6B002B0D
:1061F000E5D1FB681B681433BB61BB6953E8003F02
:106200007B617B6943F040033B65FB681B6814338B
:106210003A6D7A623B62396A7A6A41E80023FB612F
:10622000FB69002BE5D1002318466037BD4680BDD1
:10623000415E00086D5F0008A95F000880B489B066
:1062400000AF78607B681B680C33FB60FB6853E829
:10625000003FBB60BB6823F0C003FB617B681B6829
:106260000C33FA69BA617B617969BA6941E8002344
:106270003B613B69002BE5D17B68202283F84120FC
:1062800000BF2437BD465DF8047B704780B495B0ED
:1062900000AF78607B681B680C337B637B6B53E8D3
:1062A000003F3B633B6B23F49073FB647B681B688C
:1062B0000C33FA6C3A64FB63F96B3A6C41E80023E7
:1062C000BB63BB6B002BE5D17B681B6814333B625F
:1062D0003B6A53E8003FFB61FB6923F00103BB64A9
:1062E0007B681B681433BA6CFA62BB62B96AFA6ADB
:1062F00041E800237B627B6A002BE5D17B681B6B46
:10630000012B19D17B681B680C33FB60FB6853E8D9
:10631000003FBB60BB6823F010037B647B681B6895
:106320000C337A6CBA617B617969BA6941E8002300
:106330003B613B69002BE5D17B68202283F842203A
:106340007B6800221A6300BF5437BD465DF8047BAA
:10635000704780B584B000AF78607B689B6BFB6052
:10636000FB680022DA85F86809F036FC00BF1037B8
:10637000BD4680BD80B485B000AF78607B6893F87F
:106380004130DBB2212B3ED17B689B68B3F5805F47
:1063900014D17B681B69002B10D17B681B6AFB60E2
:1063A000FB681B881A467B681B68C2F308025A60A8
:1063B0007B681B6A9A1C7B681A6208E07B681B6A10
:1063C000591C7A6811621A787B681B685A607B686E
:1063D000DB8C9BB2013B9BB27A681946D184002BBF
:1063E0000FD17B681B68DA687B681B6822F080022B
:1063F000DA607B681B68DA687B681B6842F04002E1
:10640000DA60002300E0022318461437BD465DF829
:10641000047B704780B582B000AF78607B681B68F2
:10642000DA687B681B6822F04002DA607B68202211
:1064300083F841207868FFF7E5FC00231846083709
:10644000BD4680BD80B58CB000AF78600023FB6294
:106450000023BB627B6893F84230DBB2222B40F012
:10646000AA807B689B68B3F5805F15D17B681B6948
:10647000002B11D17B689B6ABB627B681B685B68E1
:106480009BB2C3F308039AB2BB6A1A807B689B6A0B
:106490009A1C7B689A6224E07B689B6AFB627B683B
:1064A0009B68B3F5805F07D07B689B68002B0AD19F
:1064B0007B681B69002B06D17B681B685B68DAB2BE
:1064C000FB6A1A7008E07B681B685B68DBB203F04C
:1064D0007F03DAB2FB6A1A707B689B6A5A1C7B687E
:1064E0009A627B68DB8D9BB2013B9BB27A6819464E
:1064F000D185002B5DD17B681B68DA687B681B68DF
:1065000022F02002DA607B681B68DA687B681B680F
:1065100022F48072DA607B681B685A697B681B68AA
:1065200022F001025A617B68202283F842207B68B6
:1065300000225A637B681B6B012B35D17B680022DC
:106540001A637B681B680C337B617B6953E8003FEF
:106550003B613B6923F010037B627B681B680C3353
:106560007A6A3A62FB61F9693A6A41E80023BB61E1
:10657000BB69002BE5D17B681B681B6803F0100327
:10658000102B0AD10023FB607B681B681B68FB6033
:106590007B681B685B68FB60FB687B689B8D1946AA
:1065A000786809F09DFA02E07868FFF735FC00236F
:1065B00002E0002300E0022318463037BD4680BDCC
:1065C0002DE9B04FC0B000AFC7F8F400D7F8F430F1
:1065D0001B681B6923F44050D7F8F430D968D7F80A
:1065E000F4301A6840EA01031361D7F8F4309A686E
:1065F000D7F8F4301B691A43D7F8F4305B691A43B3
:10660000D7F8F430DB691343C7F8F830D7F8F43023
:106610001B68DB6823F4164121F00C01D7F8F43035
:106620001A68D7F8F8300B43D360D7F8F4301B68FA
:106630005B6923F44070D7F8F4309969D7F8F430E7
:106640001A6840EA01035361D7F8F4301A688F4B97
:106650009A4205D0D7F8F4301A688D4B9A4204D18B
:10666000FCF7D2FAC7F8FC0003E0FCF7B9FAC7F868
:10667000FC00D7F8F430DB69B3F5004F40F00C8133
:10668000D7F8FC300022C7F8E830C7F8EC20D7E98B
:106690003A4522462B469118B9655B41FB65D7E91F
:1066A0001623214612EB0108294643EB01094FF05E
:1066B00000024FF000034FEAC90343EA58734FEA60
:1066C000C80290469946234618EB0303C7F8E0300A
:1066D0002B4649EB0303C7F8E430D7F8F4305B6886
:1066E0000022C7F8D830C7F8DC20D7E936120B46AD
:1066F000DB183B65134642EB03037B65D7E91423A4
:10670000D7E93801FAF71AF902460B46614BA3FBA9
:1067100002235B091C01D7F8FC300022C7F8D030F7
:10672000C7F8D420D7E9348942464B469118B9645A
:106730005B41FB64D7E91223414612EB010A49464B
:1067400043EB010B4FF000024FF000034FEACB0385
:1067500043EA5A734FEACA0292469B4643461AEBF3
:106760000303C7F8C8304B464BEB0303C7F8CC30E4
:10677000D7F8F4305B680022C7F8C030C7F8C420EF
:10678000D7E930120B46DB183B64134642EB030398
:106790007B64D7E91023D7E93201FAF7CFF8024634
:1067A0000B4611463B4BA3FB01235B09642202FB12
:1067B00003F3CB1ADB0003F13202364BA3FB0223B7
:1067C0005B095B0003F4F8731C44D7F8FC3000222B
:1067D000C7F8B830C7F8BC20D7E92E8942464B46E7
:1067E0009118B9635B41FB63D7E90E234146511809
:1067F000396349464B417B634FF000024FF0000381
:10680000D7E90CAB5946CB00514643EA5173514688
:10681000CA0010461946034642469B18C7F8B030D6
:106820004B460A4642EB0303C7F8B430D7F8F430BE
:106830005B680022C7F8A830C7F8AC20D7E92A1255
:106840000B46DB18BB62134642EB0303FB62D7E93E
:106850000A23D7E92C01FAF771F802460B460D4BD3
:10686000A3FB02135B09642101FB03F3D31ADB00D2
:106870003233084AA2FB03235B0903F00702D7F86F
:10688000F4301B6822449A6006E100BF001001400A
:10689000001401401F85EB51D7F8FC300022C7F8E7
:1068A000A030C7F8A420D7E9288942464B46911862
:1068B00039625B417B62D7E9082341465418494657
:1068C00043EB01054FF000024FF00003EB0043EAF9
:1068D0005473E20014461D464346E318C7F8983047
:1068E0004B4645EB0303C7F89C30D7F8F4305B68A0
:1068F0000022C7F89030C7F894204FF000024FF004
:106900000003D7E9244529468B00214643EA9173C9
:1069100021468A00D7E92601FAF710F802460B460D
:10692000604BA3FB02235B091C01D7F8FC3000225B
:10693000C7F88830C7F88C20D7E9228942464B46F1
:106940009118B9615B41FB61D7E9062341465118B3
:10695000396149464B417B614FF000024FF0000323
:10696000D7E904AB5946CB00514643EA517351462F
:10697000CA0010461946034642469B18C7F88030A5
:106980004B460A4642EB0303C7F88430D7F8F4308D
:106990005B680022BB67FA674FF000024FF000030C
:1069A000D7E91E8949468B00414643EA9173414627
:1069B0008A00D7E92001F9F7C1FF02460B461146CC
:1069C000384BA3FB01235B09642202FB03F3CB1AC0
:1069D0001B013233334AA2FB03235B0903F0F003AC
:1069E0001C44D7F8FC3000223B677A67D7E91C8942
:1069F00042464B469118B9605B41FB60D7E90223E0
:106A000041465118396049464B417B604FF00002C6
:106A10004FF00003D7E900AB5946CB00514643EA9B
:106A200051735146CA0010461946034642469B1808
:106A3000BB664B460A4642EB0303FB66D7F8F430CD
:106A40005B6800223B667A664FF000024FF000035D
:106A5000D7E9188949468B00414643EA917341467C
:106A60008A00D7E91A01F9F769FF02460B460D4B78
:106A7000A3FB02135B09642101FB03F3D31A1B017F
:106A80003233084AA2FB03235B0903F00F02D7F855
:106A9000F4301B6822449A6000BF07F58077BD463A
:106AA000BDE8B08F1F85EB5180B483B000AF786034
:106AB0007B6803F108027B685A607B684FF0FF3205
:106AC0009A607B6803F108027B68DA607B6803F1F7
:106AD00008027B681A617B6800221A6000BF0C37CD
:106AE000BD465DF8047B704780B483B000AF78602A
:106AF0007B6800221A6100BF0C37BD465DF8047B3D
:106B0000704780B485B000AF786039607B685B689F
:106B1000FB603B68FA685A60FB689A683B689A6059
:106B2000FB689B683A685A60FB683A689A603B6801
:106B30007A681A617B681B685A1C7B681A6000BF00
:106B40001437BD465DF8047B704780B485B000AF54
:106B5000786039603B681B68BB60BB68B3F1FF3F7E
:106B600003D17B681B69FB600CE07B680833FB602A
:106B700002E0FB685B68FB60FB685B681B68BA68E7
:106B80009A42F6D2FB685A683B685A603B685B6879
:106B90003A689A603B68FA689A60FB683A685A609B
:106BA0003B687A681A617B681B685A1C7B681A60AC
:106BB00000BF1437BD465DF8047B704780B485B0D4
:106BC00000AF78607B681B69FB607B685B687A68F4
:106BD00092689A607B689B687A6852685A60FB6822
:106BE0005B687A689A4203D17B689A68FB685A604E
:106BF0007B6800221A61FB681B685A1EFB681A60DA
:106C0000FB681B6818461437BD465DF8047B704767
:106C100080B584B000AF786039607B68FB60FB684A
:106C2000002B0BD14FF0500383F31188BFF36F8F0C
:106C3000BFF34F8FBB6000BF00BFFDE703F084F9D7
:106C4000FB681A68FB68DB6BF968096C01FB03F3EE
:106C50001A44FB689A60FB6800229A63FB681A6812
:106C6000FB685A60FB681A68FB68DB6B013BF968DC
:106C7000096C01FB03F31A44FB68DA60FB68FF222E
:106C800083F84420FB68FF2283F845203B68002BF3
:106C900014D1FB681B69002B1AD0FB68103318460F
:106CA00001F09EFC0346002B12D00D4B4FF080529A
:106CB0001A60BFF34F8FBFF36F8F09E0FB6810338B
:106CC0001846FFF7F1FEFB6824331846FFF7ECFE89
:106CD00003F06CF9012318461037BD4680BD00BF94
:106CE00004ED00E080B58EB002AFF860B9607A6064
:106CF0003B60FB68002B0BD14FF0500383F31188EE
:106D0000BFF36F8FBFF34F8FBB6200BF00BFFDE7C4
:106D10003B68002B0BD14FF0500383F31188BFF376
:106D20006F8FBFF34F8F7B6200BF00BFFDE77B68B3
:106D3000002B02D0BB68002B01D0012300E0002310
:106D4000002B0BD14FF0500383F31188BFF36F8FEB
:106D5000BFF34F8F3B6200BF00BFFDE77B68002B96
:106D600002D1BB68002B01D1012300E00023002BDE
:106D70000BD14FF0500383F31188BFF36F8FBFF334
:106D80004F8FFB6100BF00BFFDE750237B617B6934
:106D9000502B0BD04FF0500383F31188BFF36F8F4C
:106DA000BFF34F8FBB6100BF00BFFDE77B693B684E
:106DB000FB62FB6A002B0DD0FB6A012283F84620A0
:106DC00097F83820FB6A009313467A68B968F86828
:106DD00000F040F8FB6A18463037BD4680BD80B5EC
:106DE0008AB002AFF860B9601346FB71FB68002BF4
:106DF0000BD14FF0500383F31188BFF36F8FBFF3B4
:106E00004F8F3B6100BF00BFFDE7FB68BA6802FB24
:106E100003F3FB61FB695033184602F073FDB86160
:106E2000BB69002B11D0BB697B617B6950337B61EF
:106E3000BB69002283F84620FA79BB6900931346A8
:106E40007A69B968F86800F005F8BB691846203718
:106E5000BD4680BD80B584B000AFF860B9607A608F
:106E6000FB70BB68002B03D1BB69BA691A6002E0F2
:106E7000BB697A681A60BB69FA68DA63BB69BA6889
:106E80001A640121B869FFF7C3FEBB69FA7883F879
:106E90004C2000BF1037BD4680BD80B58AB002AF20
:106EA000F860B9607A60FB68002B0BD14FF050039B
:106EB00083F31188BFF36F8FBFF34F8FBB6100BFA8
:106EC00000BFFDE7BA68FB689A420BD94FF0500348
:106ED00083F31188BFF36F8FBFF34F8F7B6100BFC8
:106EE00000BFFDE7022300937B6800220021F868C1
:106EF000FFF7F8FEF861FB69002B02D0FB69BA6866
:106F00009A63FB6918462037BD4680BD80B586B0C0
:106F100000AF786039607B68002B0BD14FF05003D5
:106F200083F31188BFF36F8FBFF34F8F3B6100BFB7
:106F300000BFFDE73A687B689A420BD94FF05003D7
:106F400083F31188BFF36F8FBFF34F8FFB6000BFD8
:106F500000BFFDE7022200217868FFF740FF78615B
:106F60007B69002B02D07B693A689A637B6918467B
:106F70001837BD4680BD000080B58EB000AFF86008
:106F8000B9607A603B6000237B63FB683B633B6BCB
:106F9000002B0BD14FF0500383F31188BFF36F8F99
:106FA000BFF34F8FBB6200BF00BFFDE7BB68002B84
:106FB00003D13B6B1B6C002B01D1012300E00023AC
:106FC000002B0BD14FF0500383F31188BFF36F8F69
:106FD000BFF34F8F7B6200BF00BFFDE73B68022B12
:106FE00003D13B6BDB6B012B01D1012300E00023BC
:106FF000002B0BD14FF0500383F31188BFF36F8F39
:10700000BFF34F8F3B6200BF00BFFDE701F0AEFC56
:107010000346002B02D17B68002B01D1012300E045
:107020000023002B0BD14FF0500383F31188BFF3E3
:107030006F8FBFF34F8FFB6100BF00BFFDE702F012
:1070400083FF3B6B9A6B3B6BDB6B9A4202D33B68D3
:10705000022B29D13A68B968386B00F06DFCF862F0
:107060003B6B5B6A002B10D03B6B2433184601F05E
:10707000B7FA0346002B13D03F4B4FF080521A60F3
:10708000BFF34F8FBFF36F8F0AE0FB6A002B07D06F
:10709000394B4FF080521A60BFF34F8FBFF36F8FA1
:1070A00002F084FF012363E07B68002B03D102F030
:1070B0007DFF00235CE07B6B002B06D107F11403FE
:1070C000184601F0F1FA01237B6302F06FFF01F033
:1070D00059F802F039FF3B6B93F844305BB2B3F1DF
:1070E000FF3F03D13B6B002283F844203B6B93F8B6
:1070F00045305BB2B3F1FF3F03D13B6B002283F815
:10710000452002F053FF3A1D07F1140311461846BB
:1071100001F0E0FA0346002B24D1386B00F004FDA7
:107120000346002B18D03B6B10337A681146184683
:1071300001F004FA386B00F08FFC01F031F80346DF
:10714000002B7FF47CAF0C4B4FF080521A60BFF3E2
:107150004F8FBFF36F8F72E7386B00F07DFC01F04B
:107160001FF86CE7386B00F077FC01F019F800238A
:1071700018463837BD4680BD04ED00E080B590B0BC
:1071800000AFF860B9607A603B60FB68BB63BB6BC3
:10719000002B0BD14FF0500383F31188BFF36F8F97
:1071A000BFF34F8FBB6200BF00BFFDE7BB68002B82
:1071B00003D1BB6B1B6C002B01D1012300E000232A
:1071C000002B0BD14FF0500383F31188BFF36F8F67
:1071D000BFF34F8F7B6200BF00BFFDE73B68022B10
:1071E00003D1BB6BDB6B012B01D1012300E000233A
:1071F000002B0BD14FF0500383F31188BFF36F8F37
:10720000BFF34F8F3B6200BF00BFFDE702F07CFF82
:10721000EFF311824FF0500383F31188BFF36F8FA8
:10722000BFF34F8FFA61BB61FB697B63BB6B9A6BEA
:10723000BB6BDB6B9A4202D33B68022B2FD1BB6B3B
:1072400093F8453087F83330BB6B9B6BFB623A6831
:10725000B968B86B00F070FB97F93330B3F1FF3FBA
:1072600012D1BB6B5B6A002B16D0BB6B2433184664
:1072700001F0B6F90346002B0ED07B68002B0BD033
:107280007B6801221A6007E097F833300133DBB2E4
:107290005AB2BB6B83F845200123FB6301E0002356
:1072A000FB637B6B7B617B6983F3118800BFFB6BA6
:1072B00018464037BD4680BD80B58EB000AF7860BF
:1072C00039607B683B633B6B002B0BD14FF0500365
:1072D00083F31188BFF36F8FBFF34F8F3B6200BF03
:1072E00000BFFDE73B6B1B6C002B0BD04FF0500336
:1072F00083F31188BFF36F8FBFF34F8FFB6100BF24
:1073000000BFFDE73B6B1B68002B03D13B6B9B6809
:10731000002B01D1012300E00023002B0BD14FF003
:10732000500383F31188BFF36F8FBFF34F8FBB619F
:1073300000BF00BFFDE702F0E7FEEFF311824FF060
:10734000500383F31188BFF36F8FBFF34F8F7A61C0
:107350003B617B69FB623B6B9B6BBB623B6BDB6B9B
:10736000BA6A9A422BD23B6B93F8453087F82730A4
:10737000BB6A5A1C3B6B9A6397F92730B3F1FF3F06
:1073800012D13B6B5B6A002B16D03B6B2433184643
:1073900001F026F90346002B0ED03B68002B0BD0E2
:1073A0003B6801221A6007E097F827300133DBB20F
:1073B0005AB23B6B83F8452001237B6301E0002335
:1073C0007B63FB6AFB60FB6883F3118800BF7B6B08
:1073D00018463837BD4680BD80B58CB000AFF86028
:1073E000B9607A600023FB62FB68BB62BB6A002B5A
:1073F0000BD14FF0500383F31188BFF36F8FBFF3AE
:107400004F8F3B6200BF00BFFDE7BB68002B03D17D
:10741000BB6A1B6C002B01D1012300E00023002B71
:107420000BD14FF0500383F31188BFF36F8FBFF37D
:107430004F8FFB6100BF00BFFDE701F097FA0346E5
:10744000002B02D17B68002B01D1012300E0002337
:10745000002B0BD14FF0500383F31188BFF36F8FD4
:10746000BFF34F8FBB6100BF00BFFDE702F06CFDB3
:10747000BB6A9B6B7B627B6A002B1FD0B968B86AC2
:1074800000F0C4FA7B6A5A1EBB6A9A63BB6A1B6926
:10749000002B0FD0BB6A1033184601F0A1F8034649
:1074A000002B07D03C4B4FF080521A60BFF34F8F38
:1074B000BFF36F8F02F07AFD012369E07B68002B38
:1074C00003D102F073FD002362E0FB6A002B06D1BA
:1074D00007F11003184601F0E7F80123FB6202F000
:1074E00065FD00F04FFE02F02FFDBB6A93F84430BB
:1074F0005BB2B3F1FF3F03D1BB6A002283F84420A3
:10750000BB6A93F845305BB2B3F1FF3F03D1BB6A6E
:10751000002283F8452002F049FD3A1D07F11003CF
:107520001146184601F0D6F80346002B23D1B86A5D
:1075300000F0E4FA0346002B17D0BB6A24337A68C4
:107540001146184600F0FAFFB86A00F085FA00F01C
:1075500027FE0346002B89D10F4B4FF080521A6053
:10756000BFF34F8FBFF36F8F80E7B86A00F074FAF4
:1075700000F016FE7AE7B86A00F06EFA00F010FE2E
:10758000B86A00F0BBFA0346002B3FF46FAF00234C
:1075900018463037BD4680BD04ED00E080B58EB0A2
:1075A00000AF7860396000237B637B68FB62002357
:1075B0003B63FB6A002B0BD14FF0500383F3118820
:1075C000BFF36F8FBFF34F8F3B6200BF00BFFDE77C
:1075D000FB6A1B6C002B0BD04FF0500383F3118818
:1075E000BFF36F8FBFF34F8FFB6100BF00BFFDE79D
:1075F00001F0BCF90346002B02D13B68002B01D1FE
:10760000012300E00023002B0BD14FF0500383F344
:107610001188BFF36F8FBFF34F8FBB6100BF00BFF7
:10762000FDE702F091FCFB6A9B6BBB62BB6A002B1F
:1076300024D0BB6A5A1EFB6A9A63FB6A1B68002B44
:1076400004D101F00DFB0246FB6A9A60FB6A1B69DC
:10765000002B0FD0FB6A1033184600F0C1FF034621
:10766000002B07D0544B4FF080521A60BFF34F8F5E
:10767000BFF36F8F02F09AFC012398E03B68002B68
:1076800012D13B6B002B0BD04FF0500383F31188CA
:10769000BFF36F8FBFF34F8F7B6100BF00BFFDE76C
:1076A00002F084FC002382E07B6B002B06D107F103
:1076B0000C03184600F0F8FF01237B6302F076FC10
:1076C00000F060FD02F040FCFB6A93F844305BB2CE
:1076D000B3F1FF3F03D1FB6A002283F84420FB6A29
:1076E00093F845305BB2B3F1FF3F03D1FB6A002250
:1076F00083F8452002F05AFC3A4607F10C03114684
:10770000184600F0E7FF0346002B32D1F86A00F07C
:10771000F5F90346002B26D0FB6A1B68002B09D124
:1077200002F012FCFB6A9B68184601F03DF93863D1
:1077300002F03CFCFB6A24333A681146184600F01C
:10774000FDFEF86A00F088F900F02AFD0346002BE0
:107750007FF467AF184B4FF080521A60BFF34F8F22
:10776000BFF36F8F5DE7F86A00F076F900F018FD5F
:1077700057E7F86A00F070F900F012FDF86A00F0BF
:10778000BDF90346002B3FF44CAF3B6B002B0DD0F3
:1077900002F0DAFBF86A00F0B7F87862FB6A9B68DF
:1077A000796A184601F0D8F902F000FC0023184667
:1077B0003837BD4680BD00BF04ED00E080B58EB017
:1077C00000AFF860B9607A60FB683B633B6B002BED
:1077D0000BD14FF0500383F31188BFF36F8FBFF3CA
:1077E0004F8F3B6200BF00BFFDE7BB68002B03D19A
:1077F0003B6B1B6C002B01D1012300E00023002B0D
:107800000BD14FF0500383F31188BFF36F8FBFF399
:107810004F8FFB6100BF00BFFDE702F075FCEFF387
:1078200011824FF0500383F31188BFF36F8FBFF3C2
:107830004F8FBA617B61BB69FB623B6B9B6BBB6229
:10784000BB6A002B2FD03B6B93F8443087F827306E
:10785000B968386B00F0DAF8BB6A5A1E3B6B9A6362
:1078600097F92730B3F1FF3F12D13B6B1B69002B17
:1078700016D03B6B1033184600F0B2FE0346002BC7
:107880000ED07B68002B0BD07B6801221A6007E0CA
:1078900097F827300133DBB25AB23B6B83F84420B0
:1078A00001237B6301E000237B63FB6A3B613B694F
:1078B00083F3118800BF7B6B18463837BD4680BD07
:1078C00080B584B000AF78607B68FB60FB68002BFC
:1078D0000BD14FF0500383F31188BFF36F8FBFF3C9
:1078E0004F8FBB6000BF00BFFDE7F86800F05EF996
:1078F000FB6893F84630002B02D1F86802F0D0F80C
:1079000000BF1037BD4680BD80B485B000AF786041
:107910007B685B6A002B06D07B681B6B1B68C3F11E
:107920003803FB6001E00023FB60FB681846143756
:10793000BD465DF8047B704780B586B000AFF86047
:10794000B9607A6000237B61FB689B6B3B61FB68DD
:107950001B6C002B0DD1FB681B68002B4DD1FB6805
:107960009B68184601F088F87861FB6800229A60ED
:1079700043E07B68002B19D1FB685868FB681B6CDF
:107980001A46B9680EF094FCFB685A68FB681B6CD9
:107990001A44FB685A60FB685A68FB689B689A4205
:1079A0002BD3FB681A68FB685A6026E0FB68D8682E
:1079B000FB681B6C1A46B9680EF07AFCFB68DA6843
:1079C000FB681B6C5B421A44FB68DA60FB68DA6890
:1079D000FB681B689A4207D2FB689A68FB681B6CBD
:1079E0005B421A44FB68DA607B68022B05D13B6975
:1079F000002B02D03B69013B3B613B695A1CFB6891
:107A00009A637B6918461837BD4680BD80B582B041
:107A100000AF786039607B681B6C002B18D07B68E6
:107A2000DA687B681B6C1A447B68DA607B68DA680A
:107A30007B689B689A4203D37B681A687B68DA602C
:107A40007B68D9687B681B6C1A4638680EF030FC7E
:107A500000BF0837BD4680BD80B584B000AF7860F8
:107A600002F072FA7B6893F84530FB7311E07B6893
:107A70005B6A002B12D07B682433184600F0B0FDFF
:107A80000346002B01D000F089FEFB7B013BDBB2FB
:107A9000FB7397F90F30002BE9DC00E000BF7B6837
:107AA000FF2283F8452002F081FA02F04DFA7B684C
:107AB00093F84430BB7311E07B681B69002B12D034
:107AC0007B681033184600F08BFD0346002B01D075
:107AD00000F064FEBB7B013BDBB2BB7397F90E3059
:107AE000002BE9DC00E000BF7B68FF2283F8442024
:107AF00002F05CFA00BF1037BD4680BD80B584B08F
:107B000000AF786002F020FA7B689B6B002B02D1FB
:107B10000123FB6001E00023FB6002F047FAFB68F1
:107B200018461037BD4680BD80B584B000AF786080
:107B300002F00AFA7B689A6B7B68DB6B9A4202D18F
:107B40000123FB6001E00023FB6002F02FFAFB68D9
:107B500018461037BD4680BD80B485B000AF786050
:107B600039600023FB6014E00F4AFB6852F83330A1
:107B7000002B0BD10C49FB683A6841F833200A4AC4
:107B8000FB68DB0013447A685A6006E0FB68013347
:107B9000FB60FB68072BE7D900BF00BF1437BD4669
:107BA0005DF8047B704700BFB000002080B485B052
:107BB00000AF78600023FB6016E0104AFB68DB0032
:107BC00013445B687A689A420BD10C4AFB68002127
:107BD00042F83310094AFB68DB00134400225A6064
:107BE00006E0FB680133FB60FB68072BE5D900BFAB
:107BF00000BF1437BD465DF8047B7047B00000201D
:107C000080B586B000AFF860B9607A60FB687B61D0
:107C100002F09AF97B6993F844305BB2B3F1FF3F0D
:107C200003D17B69002283F844207B6993F84530B7
:107C30005BB2B3F1FF3F03D17B69002283F845209B
:107C400002F0B4F97B699B6B002B06D17B6924336E
:107C50007A68B968184600F097FC7869FFF7FCFE6F
:107C600000BF1837BD4680BD80B58EB004AFF86048
:107C7000B9607A603B607B6B002B0BD14FF05003F7
:107C800083F31188BFF36F8FBFF34F8F3B6200BF49
:107C900000BFFDE7BB6B002B0BD14FF0500383F30C
:107CA0001188BFF36F8FBFF34F8FFB6100BF00BF21
:107CB000FDE74FF4D0733B613B69B3F5D07F0BD048
:107CC0004FF0500383F31188BFF36F8FBFF34F8FD3
:107CD000BB6100BF00BFFDE73B69BB6B002B1ED043
:107CE0007B6B002B1BD0BB6B7B627B6A7A6B1A634E
:107CF0007B6A022283F89D21002303937B6A02930F
:107D000007F1140301933B6B00933B687A68B968F1
:107D1000F86800F051F8786A00F01EF901E00023DD
:107D20007B617B6918462837BD4680BD80B58CB025
:107D300004AFF860B9603B601346FB80FB889B0092
:107D4000184601F0DFFD78617B69002B0FD04FF4FE
:107D5000D07001F0D7FDF861FB69002B03D0FB69FF
:107D60007A691A6305E0786901F09AFE01E0002360
:107D7000FB61FB69002B17D0FB69002283F89D2172
:107D8000FA8800230393FB690293FB6A0193BB6AA1
:107D900000933B68B968F86800F00EF8F86900F0E5
:107DA000DBF80123BB6102E04FF0FF33BB61BB692D
:107DB00018462037BD4680BD80B588B000AFF8605A
:107DC000B9607A603B603B6B186B7B689B001A461E
:107DD000A5210EF0CBF93B6B1A6B7B6803F1804356
:107DE000013B9B001344BB61BB6923F00703BB61EC
:107DF000BB6903F00703002B0BD04FF0500383F354
:107E00001188BFF36F8FBFF34F8F7B6100BF00BF3F
:107E1000FDE7BB68002B1FD00023FB6112E0BA68AE
:107E2000FB69134419783A6BFB69134434330A46EF
:107E30001A70BA68FB6913441B78002B06D0FB69E3
:107E40000133FB61FB690F2BE9D900E000BF3B6BFD
:107E5000002283F8432003E03B6B002283F83420A8
:107E6000BB6A372B01D93723BB623B6BBA6ADA6234
:107E70003B6BBA6ADA643B6B00221A653B6B0433D6
:107E80001846FEF731FE3B6B18331846FEF72CFE02
:107E90003B6B3A6B1A61BB6AC3F138023B6B9A6168
:107EA0003B6B3A6B5A623B6B0022C3F898213B6BE9
:107EB000002283F89C213B6B58334FF4A0720021C1
:107EC00018460EF053F93B6B204ADA653B6B204AAB
:107ED0001A663B6B1F4A5A66396B4FF001024FF02E
:107EE0000003C1E93C233B6B43F20E32A3F8F820B8
:107EF0003B6B4AF6CD32A3F8FA203B6B41F23422B9
:107F0000A3F8FC203B6B4EF26D62A3F8FE203B6BA6
:107F10004DF6EC62A3F800213B6B0522A3F8022189
:107F20003B6B0B22A3F804213A68F968B86901F0A9
:107F3000D7FE02463B6B1A60FB6A002B02D0FB6A3D
:107F40003A6B1A6000BF2037BD4680BD0C6D002023
:107F5000746D0020DC6D002080B582B000AF7860C9
:107F600001F0F2FF2D4B1B6801332C4A13602C4BA0
:107F70001B68002B09D12A4A7B681360274B1B68BA
:107F8000012B10D100F02EFC0DE0264B1B68002BBE
:107F900009D1234B1B68DA6A7B68DB6A9A4202D8F4
:107FA0001F4A7B681360204B1B6801331E4A136015
:107FB0001D4B1A687B685A647B68DA6A1B4B1B6826
:107FC0009A4203D97B68DB6A184A13607B68DA6AD5
:107FD00013469B0013449B00154A1A447B680433E4
:107FE00019461046FEF78DFD01F0E0FF0D4B1B68B2
:107FF000002B0ED00A4B1B68DA6A7B68DB6A9A4258
:1080000007D20C4B4FF080521A60BFF34F8FBFF373
:108010006F8F00BF0837BD4680BD00BFC40500207C
:10802000F0000020D0050020E0050020CC05002055
:10803000F400002004ED00E080B584B000AF78606B
:108040000023FB607B68002B18D0144B1B68002BAF
:108050000BD04FF0500383F31188BFF36F8FBFF342
:108060004F8FBB6000BF00BFFDE700F08BF8002121
:10807000786800F009FE00F093F8F860FB68002BC8
:1080800007D1074B4FF080521A60BFF34F8FBFF3F9
:108090006F8F00BF1037BD4680BD00BFEC050020CC
:1080A00004ED00E080B58AB004AF0023BB6000237C
:1080B0007B603A46391D07F10803184601F0EEFBD4
:1080C00039687B68BA680292019300230093002309
:1080D0000A4624492448FFF7C7FD0346234A136094
:1080E000224B1B68002B02D001237B6101E000239F
:1080F0007B617B69012B02D100F01AFE78617B69FC
:10810000012B1BD14FF0500383F31188BFF36F8F06
:10811000BFF34F8F3B6100BF154B1B685833154AA7
:108120001360154B4FF0FF321A60144B01221A6096
:10813000134B00221A6001F063FE0FE07B69B3F17C
:10814000FF3F0BD14FF0500383F31188BFF36F8FC4
:10815000BFF34F8FFB6000BF00BFFDE700BF1837C4
:10816000BD4680BDE0690108B5870008E80500202C
:10817000F00000203C000020E4050020D005002095
:10818000C805002080B400AF044B1B680133034ACC
:10819000136000BFBD465DF8047B7047EC0500200E
:1081A00080B584B000AF0023FB600023BB60424B6E
:1081B0001B68002B0BD14FF0500383F31188BFF3E2
:1081C0006F8FBFF34F8F3B6000BF00BFFDE701F033
:1081D000BBFE394B1B68013B374A1360364B1B68AB
:1081E000002B62D1354B1B68002B5ED02FE0344B47
:1081F000DB68DB68FB60FB6818331846FEF7DEFCC3
:10820000FB6804331846FEF7D9FCFB68DA6A2D4B8D
:108210001B689A4203D9FB68DB6A2A4A1360FB6831
:10822000DA6A13469B0013449B00274A1A44FB68F2
:10823000043319461046FEF764FCFB68DA6A234BE8
:108240001B68DB6A9A4202D3214B01221A601C4B45
:108250001B68002BCBD1FB68002B01D000F066FB24
:108260001C4B1B687B607B68002B10D000F046F82D
:108270000346002B02D0164B01221A607B68013B9B
:108280007B607B68002BF1D1124B00221A60104BEF
:108290001B68002B09D00123BB600F4B4FF08052AD
:1082A0001A60BFF34F8FBFF36F8F01F07FFEBB6883
:1082B00018461037BD4680BDEC050020C4050020DF
:1082C00084050020CC050020F4000020F0000020F0
:1082D000D8050020D405002004ED00E080B483B070
:1082E00000AF054B1B687B607B6818460C37BD46AA
:1082F0005DF8047B704700BFC805002080B586B0DC
:1083000000AF00237B614F4B1B68002B40F0908037
:108310004D4B1B6801333B614B4A3B6913603B6922
:10832000002B21D1494B1B681B68002B0BD04FF051
:10833000500383F31188BFF36F8FBFF34F8F3B6000
:1083400000BF00BFFDE7414B1B68FB60404B1B6853
:108350003E4A13603E4AFB6813603E4B1B68013384
:108360003C4A136000F0E2FA3B4B1B683A699A42C0
:1083700049D3364B1B681B68002B04D1364B4FF09A
:10838000FF321A603FE0314B1B68DB68DB68BB6083
:10839000BB685B687B603A697B689A4203D22E4A6D
:1083A0007B6813602FE0BB6804331846FEF706FCB9
:1083B000BB689B6A002B04D0BB6818331846FEF7D5
:1083C000FDFBBB68DA6A254B1B689A4203D9BB6880
:1083D000DB6A224A1360BB68DA6A13469B001344C7
:1083E0009B001F4A1A44BB68043319461046FEF727
:1083F00088FBBB68DA6A1B4B1B68DB6A9A42B8D3FE
:1084000001237B61B5E7174B1B68DA6A14491346F1
:108410009B0013449B000B441B68012B01D90123D3
:108420007B61114B1B68002B07D001237B6104E0AB
:108430000E4B1B6801330D4A13607B6918461837D1
:10844000BD4680BDEC050020C80500207C0500204D
:1084500080050020DC050020E4050020CC0500207C
:10846000F4000020F0000020D8050020D4050020F2
:1084700080B485B000AF2B4B1B68002B03D02A4B78
:1084800001221A6047E0284B00221A60274B1B6824
:10849000FB6011E0FB68002B0BD14FF0500383F31E
:1084A0001188BFF36F8FBFF34F8F7B6000BF00BF9A
:1084B000FDE7FB68013BFB601D49FA6813469B0022
:1084C00013449B000B441B68002BE3D0FA6813464F
:1084D0009B0013449B00164A1344BB60BB685B6857
:1084E0005A68BB685A60BB685A68BB6808339A42CE
:1084F00004D1BB685B685A68BB685A60BB685B683C
:10850000DB680C4A1360094AFB681360094B1B685F
:108510005833094A136000BF1437BD465DF8047B29
:10852000704700BFEC050020D8050020CC050020D6
:10853000F4000020F00000203C00002080B584B052
:1085400000AF786039607B68002B0BD14FF050038F
:1085500083F31188BFF36F8FBFF34F8FFB6000BFB2
:1085600000BFFDE7074B1B68183319467868FEF714
:10857000ECFA0121386800F087FB00BF1037BD46D8
:1085800080BD00BFF000002080B586B000AFF8606D
:10859000B9607A60FB68002B0BD14FF0500383F376
:1085A0001188BFF36F8FBFF34F8F7B6100BF00BF98
:1085B000FDE70A4B1B6818331946F868FEF7A1FA65
:1085C0007B68002B02D04FF0FF33BB607968B8683E
:1085D00000F05AFB00BF1837BD4680BDF0000020F8
:1085E00080B586B000AF78607B68DB68DB683B6194
:1085F0003B69002B0BD14FF0500383F31188BFF37D
:108600006F8FBFF34F8FFB6000BF00BFFDE73B697B
:1086100018331846FEF7D2FA1D4B1B68002B1DD1EC
:108620003B6904331846FEF7C9FA3B69DA6A194B0D
:108630001B689A4203D93B69DB6A164A13603B699F
:10864000DA6A13469B0013449B00134A1A443B69A1
:10865000043319461046FEF754FA05E03B69183317
:1086600019460E48FEF74DFA3B69DA6A0C4B1B6857
:10867000DB6A9A4205D901237B610A4B01221A6009
:1086800001E000237B617B6918461837BD4680BD39
:10869000EC050020CC050020F4000020840500201B
:1086A000F0000020D805002080B483B000AF7860CF
:1086B000064B1A687B681A60054B1A687B685A601B
:1086C00000BF0C37BD465DF8047B7047DC05002019
:1086D000C805002080B588B000AF786039607B683D
:1086E000002B0BD14FF0500383F31188BFF36F8F32
:1086F000BFF34F8F3B6100BF00BFFDE73B68002B1E
:108700000BD14FF0500383F31188BFF36F8FBFF38A
:108710004F8FFB6000BF00BFFDE701F015FC1D4B54
:108720001B68BB617B685B68BA69D31A7B613B6875
:108730001B68B3F1FF3F02D10023FB6123E07B689C
:108740001A68154B1B689A4207D07B685B68BA6948
:108750009A4202D30123FB6115E03B681B687A69EA
:108760009A420BD23B681A687B69D21A3B681A603E
:108770007868FFF799FF0023FB6104E03B68002263
:108780001A600123FB6101F011FCFB6918462037D8
:10879000BD4680BDC8050020DC05002080B400AFC8
:1087A000034B01221A6000BFBD465DF8047B704791
:1087B000D805002080B582B000AF786000F052F894
:1087C000064B1B68012BF9D9054B4FF080521A60FC
:1087D000BFF34F8FBFF36F8FF0E700BFF4000020AF
:1087E00004ED00E080B582B000AF00237B600CE0B8
:1087F0007A6813469B0013449B00124A13441846A0
:10880000FEF752F97B6801337B607B68372BEFD929
:108810000D48FEF749F90D48FEF746F90C48FEF7FA
:1088200043F90C48FEF740F90B48FEF73DF90B4BB6
:10883000054A1A600A4B054A1A6000BF0837BD4650
:1088400080BD00BFF4000020540500206805002012
:108850008405002098050020B00500207C0500203C
:108860008005002080B582B000AF19E001F06CFBFC
:10887000104BDB68DB687B607B6804331846FEF7CF
:108880009DF90D4B1B68013B0B4A13600B4B1B689A
:10889000013B0A4A136001F089FB786800F010F888
:1088A000064B1B68002BE1D100BF00BF0837BD4657
:1088B00080BD00BF98050020C4050020AC05002045
:1088C00080B584B000AF78607B68583318460DF0EF
:1088D00055FC7B6893F89D31002B08D17B681B6B9E
:1088E000184601F0DDF8786801F0DAF819E07B68E5
:1088F00093F89D31012B03D1786801F0D1F810E095
:108900007B6893F89D31022B0BD04FF0500383F31B
:108910001188BFF36F8FBFF34F8FFB6000BF00BFA5
:10892000FDE700BF1037BD4680BD000080B483B0B6
:1089300000AF0C4B1B681B68002B04D10A4B4FF097
:10894000FF321A6008E0074B1B68DB68DB687B605E
:108950007B685B68044A136000BF0C37BD465DF856
:10896000047B70477C050020E405002080B483B0C0
:1089700000AF0B4B1B68002B02D101237B6008E08A
:10898000084B1B68002B02D102237B6001E000230F
:108990007B607B6818460C37BD465DF8047B7047EA
:1089A000D0050020EC05002080B584B000AF7860D1
:1089B0007B68BB600023FB607B68002B51D0BB68E9
:1089C000DA6A2A4B1B68DB6A9A4241D2BB689B6910
:1089D000002B06DB254B1B68DB6AC3F13802BB6842
:1089E0009A61BB685969BB68DA6A13469B001344F5
:1089F0009B001F4A1344994222D1BB680433184696
:108A0000FEF7DCF8194B1B68DA6ABB68DA62BB68F0
:108A1000DA6A184B1B689A4203D9BB68DB6A154AAD
:108A20001360BB68DA6A13469B0013449B00104A2C
:108A30001A44BB68043319461046FEF762F804E096
:108A40000A4B1B68DA6ABB68DA620123FB6008E044
:108A5000BB68DA6C054B1B68DB6A9A4201D20123C2
:108A6000FB60FB6818461037BD4680BDF000002053
:108A7000F4000020CC05002080B586B000AF7860FF
:108A80007B683B6100237B617B68002B58D02F4BB8
:108A90001B683A699A420BD04FF0500383F3118858
:108AA000BFF36F8FBFF34F8FFB6000BF00BFFDE7C9
:108AB0003B691B6D002B0BD14FF0500383F31188E2
:108AC000BFF36F8FBFF34F8FBB6000BF00BFFDE7E9
:108AD0003B691B6D5A1E3B691A653B69DA6A3B6943
:108AE000DB6C9A422CD03B691B6D002B28D13B6973
:108AF00004331846FEF762F83B69DA6C3B69DA62C8
:108B00003B69DB6AC3F138023B699A613B69DA6A07
:108B10000F4B1B689A4203D93B69DB6A0C4A13600E
:108B20003B69DA6A13469B0013449B00094A1A44C6
:108B30003B69043319461046FDF7E3FF01237B61CF
:108B40007B6918461837BD4680BD00BFF000002085
:108B5000CC050020F400002080B588B000AF78601C
:108B600039607B68BB6101237B617B68002B6CD023
:108B7000BB691B6D002B0BD14FF0500383F31188A1
:108B8000BFF36F8FBFF34F8FFB6000BF00BFFDE7E8
:108B9000BB69DB6C3A689A4202D93B68FB6102E030
:108BA000BB69DB6CFB61BB69DB6AFA699A424CD03A
:108BB000BB691B6D7A699A4247D1264B1B68BA691B
:108BC0009A420BD14FF0500383F31188BFF36F8F9C
:108BD000BFF34F8FBB6000BF00BFFDE7BB69DB6A1F
:108BE0003B61BB69FA69DA62BB699B69002B04DBF4
:108BF000FB69C3F13802BB699A61BB6959693A697B
:108C000013469B0013449B00134A134499421CD102
:108C1000BB6904331846FDF7D1FFBB69DA6A0F4B15
:108C20001B689A4203D9BB69DB6A0C4A1360BB69B3
:108C3000DA6A13469B0013449B00074A1A44BB6937
:108C4000043319461046FDF75CFF00BF2037BD46D0
:108C500080BD00BFF0000020F4000020CC05002003
:108C600080B400AF074B1B68002B04D0054B1B687A
:108C70001A6D01321A65034B1B681846BD465DF834
:108C8000047B7047F000002080B584B000AF7860AE
:108C90003960214B1B68FB60204B1B68043318466E
:108CA000FDF78CFF7B68B3F1FF3F0AD13B68002BD7
:108CB00007D01A4B1B68043319461948FDF721FFEA
:108CC00026E0FA687B681344BB60144B1B68BA68E3
:108CD0005A60BA68FB689A4209D2124B1A680F4B65
:108CE0001B68043319461046FDF72FFF10E00E4BAA
:108CF0001A680A4B1B68043319461046FDF725FF16
:108D00000A4B1B68BA689A4202D2084ABB681360D1
:108D100000BF1037BD4680BDC8050020F000002010
:108D2000B0050020800500207C050020E40500201F
:108D300080B58AB004AF00237B6100F013FB1D4BAC
:108D40001B68002B21D00023FB600023BB603A1D71
:108D500007F1080107F10C03184600F0B9FD796826
:108D6000BB68FA68029201933623009300230A46F7
:108D700011491248FEF778FF0346114A1360104B61
:108D80001B68002B01D001237B617B69002B0BD179
:108D90004FF0500383F31188BFF36F8FBFF34F8FF2
:108DA0003B6100BF00BFFDE77B6918461837BD4631
:108DB00080BD00BF20060020E8690108FD8E000884
:108DC0002406002080B58AB000AFF860B9607A60F0
:108DD0003B6000237B62FB68002B0BD14FF05003FC
:108DE00083F31188BFF36F8FBFF34F8F3B6200BFD8
:108DF00000BFFDE7194B1B68002B2AD0BB683B6105
:108E00007B687B61FB68BB61BB68052B18DCFFF7E7
:108E1000ADFD0346022B09D1104B186807F1100174
:108E200000233A6BFEF7A8F8786212E00B4B186843
:108E300007F1100100230022FEF79EF8786208E097
:108E4000064B186807F1100100233A68FEF796F9FF
:108E500078627B6A18462837BD4680BD2006002010
:108E600080B588B002AF78603960234B1B68DB683F
:108E7000DB687B617B6904331846FDF79FFE7B69E5
:108E800093F8283003F00403002B23D07B699A6900
:108E90007B68D1187B683A68786900F0D5F803469A
:108EA000002B20D00023009300237A6800217869EA
:108EB000FFF788FF38613B69002B14D14FF0500356
:108EC00083F31188BFF36F8FBFF34F8FFB6000BF39
:108ED00000BFFDE77B6993F8283023F00103DAB285
:108EE0007B6983F828207B691B6A7869984700BFF3
:108EF0001837BD4680BD00BF1806002080B584B07D
:108F000000AF786007F10803184600F059F8F860E0
:108F1000BB681946F86800F005F800F0D7F800BF04
:108F2000F0E7000080B584B000AF78603960FFF7EB
:108F300029F907F10803184600F066F8F860BB68E5
:108F4000002B30D13B68002B0AD17A68FB689A422B
:108F500006D8FFF725F9F9687868FFF781FF24E064
:108F60003B68002B08D0134B1B681B68002B01D1FA
:108F7000012300E000233B600F4B18687A68FB6810
:108F8000D31A3A681946FEF73BFEFFF709F9034684
:108F9000002B0AD1094B4FF080521A60BFF34F8F5C
:108FA000BFF36F8F01E0FFF7FBF800BF1037BD463E
:108FB00080BD00BF1C0600202006002004ED00E05C
:108FC00080B485B000AF78600E4B1B681B68002B27
:108FD00001D1012200E000227B681A607B681B68D7
:108FE000002B05D1074B1B68DB681B68FB6001E0A9
:108FF0000023FB60FB6818461437BD465DF8047B10
:10900000704700BF1806002080B584B000AF7860BC
:10901000FFF764F9F8600B4B1B68FA689A4205D2B7
:1090200000F03AF97B6801221A6002E07B680022B6
:109030001A60044AFB681360FB6818461037BD4687
:1090400080BD00BF2806002080B586B000AFF86064
:10905000B9607A603B6000237B61FB68BA685A6044
:10906000FB68FA681A61BA687B689A4212D87A6813
:109070003B68D21AFB689B699A4202D301237B6149
:109080001BE0104B1A68FB68043319461046FDF7C5
:109090005CFD12E07A683B689A4206D2BA683B6887
:1090A0009A4202D301237B6107E0074B1A68FB68F1
:1090B000043319461046FDF748FD7B6918461837FA
:1090C000BD4680BD1C0600201806002080B58EB06D
:1090D00002AFCEE07B68002B19DA3B1D0433FB6244
:1090E000FB6A002B0BD14FF0500383F31188BFF3C1
:1090F0006F8FBFF34F8FFB6100BF00BFFDE7FB6ABF
:109100001B68FA6A5068FA6A9268114698477B6849
:10911000002BC0F2AE80FB68BB62BB6A5B69002BB0
:1091200004D0BB6A04331846FDF748FD3B46184699
:10913000FFF76AFF78627B68092B00F2978001A233
:1091400052F823F06D9100086D9100086D910008B0
:10915000E3910008F7910008439200086D91000820
:109160006D910008E3910008F7910008BB6A93F83D
:10917000283043F00103DAB2BB6A83F82820BA68CA
:10918000BB6A9B69D118BB687A6AB86AFFF75CFF53
:109190000346002B6CD0BB6A1B6AB86A9847BB6A4F
:1091A00093F8283003F00403002B61D0BA68BB6A3F
:1091B0009B691A440023009300230021B86AFFF73B
:1091C00001FE38623B6A002B52D14FF0500383F30B
:1091D0001188BFF36F8FBFF34F8FBB6100BF00BF1C
:1091E000FDE7BB6A93F8283023F00103DAB2BB6ACB
:1091F00083F828203DE0BB6A93F8283043F0010350
:10920000DAB2BB6A83F82820BA68BB6A9A61BB6A83
:109210009B69002B0BD14FF0500383F31188BFF3F0
:109220006F8FBFF34F8F7B6100BF00BFFDE7BB6A4D
:109230009A697B6AD1187B6A7A6AB86AFFF704FF79
:1092400017E0BB6A93F8283003F00203002B03D128
:10925000B86A00F025FC0CE0BB6A93F8283023F0D4
:109260000103DAB2BB6A83F8282002E000BF00E005
:1092700000BF084B1B68391D00221846FEF7ACF8EA
:109280000346002B7FF426AF00BF00BF3037BD463A
:1092900080BD00BF2006002080B588B002AF49E045
:1092A0002E4B1B68DB681B683B612C4B1B68DB6823
:1092B000DB68FB60FB6804331846FDF77FFCFB6846
:1092C0001B6AF8689847FB6893F8283003F004039A
:1092D000002B2FD0FB689B693A691344BB60BA68C6
:1092E0003B699A420ED9FB68BA685A60FB68FA6813
:1092F0001A611A4B1A68FB68043319461046FDF7C9
:1093000024FC17E00023009300233A690021F86849
:10931000FFF758FD78607B68002B0BD14FF05003AE
:1093200083F31188BFF36F8FBFF34F8F3B6000BF94
:1093300000BFFDE7094B1B681B68002BB0D1074B32
:109340001B687B61064B1B68044A1360044A7B69F7
:10935000136000BF1837BD4680BD00BF180600204F
:109360001C06002080B582B002AF00F0EDFD154B69
:109370001B68002B20D11448FDF796FB1348FDF71E
:1093800093FB134B104A1A60124B104A1A600023C9
:109390000093114B114A10210A20FDF7A3FC03464C
:1093A000084A1360074B1B68002B05D0054B1B6850
:1093B0000B491846FEF7D0FB00F0F8FD00BFBD4694
:1093C00080BD00BF20060020F0050020040600201C
:1093D000180600201C060020CC0600202C060020C9
:1093E000F069010880B483B000AF03463960FB71B7
:1093F00097F90730002B0ADB3B68DAB20C4997F982
:1094000007301201D2B20B4483F800230AE03B6814
:10941000DAB20849FB7903F00F03043B1201D2B220
:109420000B441A7600BF0C37BD465DF8047B7047CD
:1094300000E100E000ED00E080B500AF054B1B68E7
:10944000FFF794FA0346012B01D000F00DFE00BF98
:1094500080BD00BF10E000E080B500AF00216FF0DC
:109460000400FFF7BFFF00BF80BD000080B483B0E1
:1094700000AFEFF305833B603B68002B03D06FF038
:1094800005037B600CE00A4B1B68002B05D1084BE1
:1094900001221A6000237B6002E04FF0FF337B6003
:1094A0007B6818460C37BD465DF8047B704700BFEB
:1094B0001C07002080B582B000AFEFF305833B604E
:1094C0003B68002B03D06FF005037B6010E00B4B73
:1094D0001B68012B09D1FFF7BFFF084B02221A605E
:1094E000FEF7E0FD00237B6002E04FF0FF337B607E
:1094F0007B6818460837BD4680BD00BF1C070020AA
:1095000080B58EB004AFF860B9607A6000233B612B
:10951000EFF305837B617B69002B7FD1FB68002B18
:109520007CD080233B621823FB6100237B624FF0D9
:10953000FF33BB617B68002B46D07B681B68002B28
:1095400002D07B681B687B627B689B69002B02D022
:109550007B689B69FB61FB69002B08D0FB69382B9A
:1095600005D87B685B6803F00103002B01D0002362
:1095700055E07B685B69002B03D07B685B699B08C7
:109580003B627B689B68002B0FD07B68DB68B3F580
:10959000D07F0AD37B681B69002B06D07B685B6990
:1095A000002B02D00123BB6110E07B689B68002B7D
:1095B0000CD17B68DB68002B08D17B681B69002B12
:1095C00004D10023BB6101E00023BB61BB69012B17
:1095D00010D17B681B697A68926802920193FB69DB
:1095E0000093BB683A6A796AF868FEF73DFB034668
:1095F0003B6113E0BB69002B10D13B6A9AB207F1C3
:1096000010030193FB690093BB68796AF868FEF761
:109610008DFB0346012B01D000233B613B691846BB
:109620002837BD4680BD80B584B000AF7860EFF3C9
:109630000583BB60BB68002B03D06FF00503FB60A4
:1096400007E00023FB607B68002B02D07868FEF700
:10965000F3FCFB6818461037BD4680BD80B58AB064
:1096600002AFF860B9607A600023FB61EFF3058315
:109670003B613B69002B75D1FB68002B72D0BA6847
:10968000FB689A426ED84FF0FF33BB617B68002BBA
:1096900015D07B689B68002B06D07B68DB684F2B5E
:1096A00002D90123BB610CE07B689B68002B08D1C9
:1096B0007B68DB68002B04D10023BB6101E0002341
:1096C000BB61BB69B3F1FF3F4CD0FB68012B28D1D4
:1096D000BB69012B0AD17B689B68032200920022A0
:1096E00000210120FDF7FEFAF86105E003220021C8
:1096F0000120FDF774FBF861FB69002B22D0BB68E9
:10970000002B1FD0002300220021F869FDF734FC54
:109710000346012B16D0F869FEF7D2F80023FB614F
:1097200010E0BB69012B08D17B689B681A46B968B9
:10973000F868FDF7B2FBF86104E0B968F868FDF776
:10974000E5FBF861FB69002B0CD07B68002B03D094
:109750007B681B687B6101E000237B617969F869A4
:10976000FEF7FAF9FB6918462037BD4680BD0000B8
:1097700080B586B000AF786039607B683B610023BC
:109780007B613B69002B03D16FF003037B6139E000
:10979000EFF30583FB60FB68002B22D03B68002BB6
:1097A00003D06FF003037B612CE00023BB6007F163
:1097B00008031A4600213869FEF700F80346012B1A
:1097C00003D06FF002037B611CE0BB68002B19D053
:1097D0000F4B4FF080521A60BFF34F8FBFF36F8F64
:1097E00010E039683869FDF7D9FE0346012B09D02E
:1097F0003B68002B03D06FF001037B6102E06FF048
:1098000002037B617B6918461837BD4680BD00BFE7
:1098100004ED00E080B586B000AF78607B683B6106
:1098200000237B613B69002B03D16FF003037B6155
:109830002CE0EFF30583FB60FB68002B1AD00023BC
:10984000BB6007F1080319463869FDF735FD03468B
:10985000012B03D06FF002037B6117E0BB68002B84
:1098600014D00D4B4FF080521A60BFF34F8FBFF3EF
:109870006F8F0BE00023002200213869FDF77CFB8D
:109880000346012B02D06FF002037B617B6918460F
:109890001837BD4680BD00BF04ED00E080B485B040
:1098A00000AFF860B9607A60FB68074A1A60BB686D
:1098B000064A1A607B6880221A6000BF1437BD46D2
:1098C0005DF8047B704700BF20070020C00800201F
:1098D00080B485B000AFF860B9607A60FB68074A71
:1098E0001A60BB68064A1A607B684FF480721A607F
:1098F00000BF1437BD465DF8047B7047C00A0020E6
:10990000600C002080B58AB000AF78600023FB6156
:10991000FEF738FC5C4B1B68002B01D100F024F9EA
:109920005A4B1A687B681340002B40F095807B6887
:10993000002B1ED008227B6813447B607B6803F0F9
:109940000703002B15D07B6823F0070308337B60E7
:109950007B6803F00703002B0BD04FF0500383F319
:109960001188BFF36F8FBFF34F8F7B6100BF00BFC4
:10997000FDE77B68002B6FD0454B1B687A689A42E5
:109980006AD8444B3B62434B1B687B6204E07B6AB2
:109990003B627B6A1B687B627B6A5B687A689A427F
:1099A00003D97B6A1B68002BF1D1374B1B687A6A9D
:1099B0009A4251D03B6A1B6808221344FB617B6AC0
:1099C0001A683B6A1A607B6A5A687B68D21A082355
:1099D0005B009A4220D97A6A7B681344BB61BB69F9
:1099E00003F00703002B0BD04FF0500383F31188D3
:1099F000BFF36F8FBFF34F8F3B6100BF00BFFDE729
:109A00007B6A5A687B68D21ABB695A607B6A7A683B
:109A10005A60B86900F00AF91D4B1A687B6A5B68E6
:109A2000D31A1B4A13601A4B1A681B4B1B689A42C5
:109A300003D2174B1B68184A13607B6A5A68134B92
:109A40001B681A437B6A5A607B6A00221A60134BB8
:109A50001B680133114A1360FEF7A2FBFB6903F098
:109A60000703002B0BD04FF0500383F31188BFF393
:109A70006F8FBFF34F8FFB6000BF00BFFDE7FB6937
:109A800018462837BD4680BDF063002004640020DE
:109A9000F4630020E8630020F8630020FC630020EA
:109AA00080B586B000AF78607B687B617B68002BF7
:109AB0004FD008235B427A6913447B617B693B6129
:109AC0003B695A68254B1B681340002B0BD14FF0A4
:109AD000500383F31188BFF36F8FBFF34F8FFB6089
:109AE00000BF00BFFDE73B691B68002B0BD04FF0A8
:109AF000500383F31188BFF36F8FBFF34F8FBB60A9
:109B000000BF00BFFDE73B695A68144B1B68134058
:109B1000002B1ED03B691B68002B1AD13B695A6889
:109B20000E4B1B68DB431A403B695A60FEF72AFB69
:109B30003B695A680A4B1B681344094A1360386929
:109B400000F074F8074B1B680133064A1360FEF7F8
:109B500027FB00BF1837BD4680BD00BF046400204E
:109B6000F46300200064002080B485B000AF45F2AB
:109B70008833BB60274BFB60FB6803F00703002BB7
:109B80000CD0FB680733FB60FB6823F00703FB6026
:109B9000BA68FB68D31A1F4A1344BB60FB687B603A
:109BA0001D4A7B6813601C4B00225A607B68BA68B0
:109BB0001344FB600822FB689B1AFB60FB6823F0E0
:109BC0000703FB60FB68154A1360144B1B680022F7
:109BD0005A60124B1B6800221A607B683B603B682E
:109BE000FA68D21A3B685A600C4B1A683B681A60D4
:109BF0003B685B680A4A13603B685B68094A13600C
:109C0000094B4FF000421A6000BF1437BD465DF8A3
:109C1000047B704760100020E8630020F0630020A0
:109C2000F8630020F46300200464002080B485B051
:109C300000AF7860284BFB6002E0FB681B68FB60AC
:109C4000FB681B687A689A42F7D8FB68BB60FB68C0
:109C50005B68BA6813447A689A4208D1FB685A680C
:109C60007B685B681A44FB685A60FB687B607B68B2
:109C7000BB607B685B68BA681A44FB681B689A42E1
:109C800018D1FB681A68154B1B689A420DD07B6887
:109C90005A68FB681B685B681A447B685A60FB68FB
:109CA0001B681A687B681A6008E00C4B1A687B68AE
:109CB0001A6003E0FB681A687B681A60FA687B68C0
:109CC0009A4202D0FB687A681A6000BF1437BD461A
:109CD0005DF8047B704700BFE8630020F06300205C
:109CE00080B485B000AFF860B9607A60FB68043B6F
:109CF000FB60FB684FF080721A60FB68043BFB60FE
:109D0000BB6823F00102FB681A60FB68043BFB6040
:109D10000C4AFB681A60FB68143BFB607A68FB68BE
:109D20001A60FB68043BFB60FB686FF002021A607C
:109D3000FB68203BFB60FB6818461437BD465DF8A6
:109D4000047B7047499D000880B485B000AF0023B4
:109D50007B60134B1B68B3F1FF3F0BD04FF05003F8
:109D600083F31188BFF36F8FBFF34F8FFB6000BF8A
:109D700000BFFDE74FF0500383F31188BFF36F8FEF
:109D8000BFF34F8FBB6000BF00BF7B68002BFCD0D0
:109D900000BF00BF1437BD465DF8047B704700BFAD
:109DA0000C00002000000000000000000000000087
:109DB000074B19680868B0E8F04F80F30988BFF3D3
:109DC0006F8F4FF0000080F311887047AFF3008071
:109DD000F000002000BF00BF08480068006880F362
:109DE00008884FF0000080F3148862B661B6BFF3B4
:109DF0004F8FBFF36F8F00DF00BF00BF08ED00E0A3
:109E000080B586B000AF474B1B68474A93420BD1E1
:109E10004FF0500383F31188BFF36F8FBFF34F8F61
:109E2000FB6000BF00BFFDE73E4B1B683F4A93420B
:109E30000BD14FF0500383F31188BFF36F8FBFF343
:109E40004F8F3B6100BF00BFFDE7394B7B617B69F2
:109E50001B78DBB27B607B69FF221A707B691B7801
:109E6000DBB2FB70FB78DBB203F05003DAB2314BAC
:109E70001A70314B07221A6009E02F4B1B68013B17
:109E80002D4A1360FB78DBB25B00DBB2FB70FB7822
:109E9000DBB203F08003802BEFD0274B1B68C3F1AC
:109EA0000703042B0BD04FF0500383F31188BFF34B
:109EB0006F8FBFF34F8FBB6000BF00BFFDE71E4B2E
:109EC0001B681B021C4A13601B4B1B6803F4E063F6
:109ED000194A13607B68DAB27B691A70174B1B68EA
:109EE000164A43F470031360144B1B68134A43F083
:109EF0007043136000F0DAF8114B00221A6000F092
:109F0000F9F8104B1B680F4A43F040431360FFF70A
:109F100063FFFEF7ADFAFFF717FF00231846183767
:109F2000BD4680BD00ED00E071C20F4170C20F411F
:109F300000E400E0086400200C64002020ED00E054
:109F40000C00002034EF00E080B483B000AF4FF08D
:109F5000500383F31188BFF36F8FBFF34F8F7B6084
:109F600000BF104B1B6801330E4A13600D4B1B687A
:109F7000012B10D10C4B1B68DBB2002B0BD04FF028
:109F8000500383F31188BFF36F8FBFF34F8F3B6094
:109F900000BF00BFFDE700BF0C37BD465DF8047B86
:109FA000704700BF0C00002004ED00E080B483B0D7
:109FB00000AF124B1B68002B0BD14FF0500383F303
:109FC0001188BFF36F8FBFF34F8F7B6000BF00BF5F
:109FD000FDE70A4B1B68013B084A1360074B1B68EF
:109FE000002B05D100233B603B6883F3118800BF41
:109FF00000BF0C37BD465DF8047B70470C000020A5
:10A00000EFF30980BFF36F8F154B1A681EF0100F26
:10A0100008BF20ED108A20E9F04F10602DE90900FB
:10A020004FF0500080F31188BFF34F8FBFF36F8F55
:10A03000FEF71EFA4FF0000080F3118809BC196882
:10A040000868B0E8F04F1EF0100F08BFB0EC108A9F
:10A0500080F30988BFF36F8F704700BFAFF30080B4
:10A06000F000002000BF00BF80B582B000AF4FF00D
:10A07000500383F31188BFF36F8FBFF34F8F7B6063
:10A0800000BFFEF73BF90346002B03D0064B4FF011
:10A0900080521A6000233B603B6883F3118800BF45
:10A0A00000BF0837BD4680BD04ED00E080B400AFBE
:10A0B0000B4B00221A600B4B00221A600A4B1B68E4
:10A0C0000A4AA2FB03239B09094A013B1360044B84
:10A0D00007221A6000BFBD465DF8047B704700BFD1
:10A0E00010E000E018E000E000000020D34D621016
:10A0F00014E000E0DFF80C00016841F47001016039
:10A10000704700BF88ED00E080B485B000AFEFF38A
:10A110000583FB60FB680F2B15D9184AFB681344B5
:10A120001B78FB72164B1B78FA7A9A420BD24FF0CF
:10A13000500383F31188BFF36F8FBFF34F8F7B60A2
:10A1400000BF00BFFDE70F4B1B6803F4E0620E4B3E
:10A150001B689A420BD94FF0500383F31188BFF369
:10A160006F8FBFF34F8F3B6000BF00BFFDE700BFA5
:10A170001437BD465DF8047B704700BFF0E300E094
:10A18000086400200CED00E00C64002080B500AFF6
:10A19000FAF7E6FA00F062F800F0F2F802F096FE44
:10A1A00002F0CAFE0AF0C4FB02F070FE02F05EFD8F
:10A1B00002F0F2FD04F000F802F074FF02F0CAFFB2
:10A1C00003F022F803F060F805F08EFE03F090FA39
:10A1D0001D4B1B78DBB2002B12D100200AF032F8A5
:10A1E00000211A4809F08BFD40F2DC50FAF7EEFA34
:10A1F00000200AF027F8B421154809F080FD11E08D
:10A2000000200AF01FF80021104809F078FD40F204
:10A21000DC50FAF7DBFA00200AF014F8B4210D48FC
:10A2200009F06DFD4FF47A70FAF7D0FA04F0A6FA4F
:10A230000C210948F6F7E0FEFFF718F900F09AF94B
:10A24000FFF738F900BFFDE7106400207C740108B7
:10A250007C7E01087C8201082469002080B594B0CE
:10A2600000AF07F11C033422002118460BF07EFFDB
:10A2700007F1080300221A605A609A60DA601A61D6
:10A2800000237B602C4B1B6C2B4A43F080531364E0
:10A29000294B1B6C03F080537B607B6800233B6081
:10A2A000264B1B68254A43F440431360234B1B682D
:10A2B00003F440433B603B680223FB610123BB6224
:10A2C0000E23FB6202237B630023BB630823FB6333
:10A2D000B4233B6402237B640223BB640223FB643C
:10A2E00007F11C031846F8F705FF0346002B01D0C1
:10A2F00000F040F8FAF7D0F80346002B01D000F048
:10A3000039F80F23BB600223FB6000233B614FF44D
:10A31000A0537B614FF48053BB6107F10803052113
:10A320001846F8F76BFB0346002B01D000F022F82B
:10A3300000BF5037BD4680BD00380240007000406D
:10A3400080B582B000AF78607B681B68074A934293
:10A3500001D1FAF727FA7B681B68054A934201D1BD
:10A3600000F03EFD00BF0837BD4680BD0020004024
:10A37000001C004080B400AF72B600BF00BFFDE714
:10A3800080B58AB000AF07F1140300221A605A604A
:10A390009A60DA601A6100233B61714B1B6B704A53
:10A3A00043F0040313636E4B1B6B03F004033B6128
:10A3B0003B690023FB606A4B1B6B694A43F08003D7
:10A3C0001363674B1B6B03F08003FB60FB68002388
:10A3D000BB60634B1B6B624A43F001031363604B2A
:10A3E0001B6B03F00103BB60BB6800237B605C4B0D
:10A3F0001B6B5B4A43F002031363594B1B6B03F067
:10A4000002037B607B6800233B60554B1B6B544A07
:10A4100043F008031363524B1B6B03F008033B60CC
:10A420003B68002232214F48F9F7A2FB01224FF48A
:10A4300000414C48F9F79CFB00220C214A48F9F7EF
:10A4400097FB01224FF480514748F9F791FB002216
:10A450004FF400714548F9F78BFB00220421444872
:10A46000F9F786FB4EF2CF137B610323BB61002318
:10A47000FB6107F1140319463C48F9F7D9F848F293
:10A4800002037B610123BB610023FB6100233B626C
:10A4900007F1140319463348F9F7CAF84FF4CE53BD
:10A4A0007B610323BB610023FB6107F114031946A1
:10A4B0002C48F9F7BDF830237B610023BB610123F1
:10A4C000FB6107F1140319462848F9F7B1F8E323B3
:10A4D0007B610023BB610123FB6107F11403194673
:10A4E0002148F9F7A5F841F20C037B610123BB6118
:10A4F0000023FB6100233B6207F1140319461A484D
:10A50000F9F796F84FF400737B610123BB610023D8
:10A51000FB6100233B6207F1140319461348F9F766
:10A5200087F804237B610123BB610023FB610023C7
:10A530003B6207F1140319460D48F9F779F84FF417
:10A5400044737B610323BB610023FB6107F11403A8
:10A5500019460548F9F76CF800BF2837BD4680BD9D
:10A56000003802400000024000040240000802409F
:10A57000000C024080B500AF03F0F8FA03F014FCC1
:10A580001C4A00210120FFF769F803461A4A1360AC
:10A590001A4A00211A48FEF7B3FF0346194A13600E
:10A5A000194A00211948FEF7ABFF0346184A136009
:10A5B000184A00211848FEF7A3FF0346174A136004
:10A5C000174A00211748FEF79BFF0346164A1360FF
:10A5D000164A00211648FEF793FF0346154A1360FA
:10A5E000154A00211548FEF78BFF0346144A1360F5
:10A5F00000BF80BD646D010824670020746D0108F0
:10A6000045A6000838670020B06C01089DAF00081F
:10A6100010670020D46C010879BB00081467002083
:10A62000F86C0108D1C10008186700201C6D0108F2
:10A6300081C400081C670020406D0108EDC40008BB
:10A640002067002080B586B000AF786003F0A6F9DF
:10A650000346A44A136009F09FF90346A24A136017
:10A66000A14B1A68A14B1B689A4213D09E4B1A68E3
:10A670009E4B1B68D31A3B619D4B1A683B69134480
:10A680009B4A1360974B1B689A4A1360964B1B6852
:10A69000964A1360964B1B68002B00F07283964B12
:10A6A0001B78DBB283F00103DBB2002B00F069837F
:10A6B0008C4B1A68914B1B68D31A642B40F2618350
:10A6C0008F4B1B78DBB2002B40F0F180884B1B686E
:10A6D000002BB8BF5B42032B40F3DB80884B93F821
:10A6E000AD32DBB2002B31D0814B1B68002B16DD65
:10A6F000834B93F8AE32DBB2012B06D8804B93F834
:10A70000AE32DBB20133DBB200E000237C4A82F8D8
:10A71000AE32774B1B68043B754A13604DE3784BB0
:10A7200093F8AE32DBB2002B06D0754B93F8AE3205
:10A73000DBB2013BDBB200E00223714A82F8AE32A9
:10A740006B4B1B6804336A4A136036E36C4B93F817
:10A75000AF32DBB2002B05D009F02AF9644B00229E
:10A760001A602AE3664B1B7CBB72614B1B68002B93
:10A7700049DD634B93EDA07ABB7A07EE903AF8EE91
:10A78000E77A77EE277A9FED5F7AF4EEC77AF1EEFB
:10A7900010FA01DD64230FE0594B93EDA07ABB7AE8
:10A7A00007EE903AF8EEE77A77EE277AFCEEE77A52
:10A7B000C7ED007A3B78DBB23B723B7ABA7AB3FBE7
:10A7C000F2F101FB02F29B1ADBB2002B0DD03A7AB8
:10A7D000BB7AB2FBF3F3DBB21A46BB7A02FB03F39C
:10A7E00007EE903AF8EEE77A04E03B7A07EE903A0B
:10A7F000F8EEE77A424BC3EDA07A3D4B1B68043B71
:10A800003B4A1360D9E23E4B93EDA07ABB7A07EE48
:10A81000903AF8EEE77AB4EEE77AF1EE10FA01D565
:10A8200000230FE0364B93EDA07ABB7A07EE903A07
:10A83000F8EEE77A77EE677AFCEEE77AC7ED007A12
:10A840003B78DBB27B727B7ABA7AB3FBF2F101FB25
:10A8500002F29B1ADBB2002B0DD07A7ABB7AB2FBE4
:10A86000F3F3DBB21A46BB7A02FB03F307EE903A2E
:10A87000F8EEE77A04E07B7A07EE903AF8EEE77AB2
:10A880001F4BC3EDA07A1A4B1B680433184A1360A0
:10A8900093E2144B1A68174B1B68D31AC82B40F26B
:10A8A0008C82134B00221A6009F082F885E2144B67
:10A8B0001B78DBB2012B40F080820D4B1B68002B14
:10A8C000B8BF5B42032B40F34F820F4B93F823300A
:10A8D000002B00F00581064B1B68002B16DD0123C1
:10A8E00016E000BF3C67002040670020446700205E
:10A8F000486700204C670020286700203067002050
:10A90000106400200000C842C46600204FF0FF33EE
:10A91000FB60A84B1B78022B7DD1A64B93F822300D
:10A92000042B70D801A252F823F000BF41A90008FF
:10A9300067A900088FA90008B7A90008DFA90008C7
:10A940009D4B93F86D30DAB2FB68DBB21344DAB298
:10A95000994B83F86D20984B93F86D30DAB2954B94
:10A9600083F826204FE0944B5B889AB2FB689BB239
:10A97000194689000B445B009BB213449AB28E4B7C
:10A980005A808D4B5B889AB28A4B1A853BE08A4B82
:10A990001B899AB2FB689BB2194689000B445B0085
:10A9A0009BB213449AB2844B1A81834B1B899AB28F
:10A9B000804B9A8527E0804B9B889AB2FB689BB2BC
:10A9C000194689000B445B009BB213449AB27A4B40
:10A9D0009A80794B9B889AB2764B5A8513E0764BD6
:10A9E0005B899AB2FB689BB2194689000B445B00F5
:10A9F0009BB213449AB2704B5A816F4B5B899AB2E7
:10AA00006C4BDA8500BF6B4B01221A76694B012231
:10AA100083F824205EE0674B1B78012B5AD1654BED
:10AA200093F82030FB72634B93F82530012B23D130
:10AA3000604B012283F83020FB7A604A1A3332F8E7
:10AA400023309BB2DAB2FB68DBB21344DBB2FB7596
:10AA500097F91730002B01DA0023FB7597F91730AF
:10AA6000642B01DD6423FB75FA7DFB7A1146534AA2
:10AA70001A3322F823102AE04E4B93F82530022B8C
:10AA800025D14C4B012283F83020FB7A4B4A1A33F4
:10AA90009B0013445B889BB2DAB2FB68DBB21344C1
:10AAA000DBB2BB7597F91630002B01DA0023BB75BA
:10AAB00097F91630642B01DD6423BB75BA7DFB7AF0
:10AAC00011463E4A1A339B0013440A465A80394BBA
:10AAD00001221A763A4B00221A6008F069FF6CE1F5
:10AAE000344B1B78002B40F0CF80354B1B68002B7C
:10AAF0006CDD304B1B7B03F00103002B18D02E4B79
:10AB0000D3EDA07A9FED2F7AF4EEC77AF1EE10FA2A
:10AB10000ED5294B1B7CDAB2274B93EDA07A07EEBA
:10AB2000902AF8EEE77A77EE277A234BC3EDA07AE6
:10AB3000204B1B7B03F00203002B18D01E4BD3EDE0
:10AB4000A37A9FED207AF4EEC77AF1EE10FA0ED5D3
:10AB5000194B1B7CDAB2184B93EDA37A07EE902ABF
:10AB6000F8EEE77A77EE277A134BC3EDA37A124B10
:10AB7000D3EDA07A9FED137AF4EEC77AF1EE10FAD6
:10AB800003DD0D4B104AC3F880220B4BD3EDA37AA3
:10AB90009FED0C7AF4EEC77AF1EE10FA03DD064B66
:10ABA000094AC3F88C22064B1B68043B044A136015
:10ABB00003E100BFC466002010640020286B002061
:10ABC000486700200000C8420000C8427D4B1B7B44
:10ABD00003F00103002B16D07B4BD3EDA07AF5EEEA
:10ABE000C07AF1EE10FA0EDD774B1B7CDAB2764BB1
:10ABF00093EDA07A07EE902AF8EEE77A77EE677A7F
:10AC0000714BC3EDA07A6F4B1B7B03F00203002B4B
:10AC100016D06D4BD3EDA37AF5EEC07AF1EE10FAB3
:10AC20000EDD694B1B7CDAB2674B93EDA37A07EE1E
:10AC3000902AF8EEE77A77EE677A634BC3EDA37A52
:10AC4000614BD3EDA07A9FED617AF4EEC77AF1EE15
:10AC500010FA04DD5C4B4FF00002C3F880225A4B1F
:10AC6000D3EDA37A9FED597AF4EEC77AF1EE10FA9C
:10AC700004DD554B4FF00002C3F88C22544B1B6887
:10AC80000433534A136098E04E4B1B78012B33D1A9
:10AC90004F4B1B68002B17DD4A4B93F82030302BAD
:10ACA00008D8484B93F820300133DAB2454B83F88B
:10ACB000202003E0434B002283F82020444B1B68F4
:10ACC000043B434A136078E03E4B93F82030002B5E
:10ACD00008D03C4B93F82030013BDAB2394B83F873
:10ACE000202003E0374B312283F82020384B1B68AB
:10ACF0000433374A136060E0324B1B78022B5CD17F
:10AD0000334B1B68002B17DD2E4B93F82230052B9D
:10AD100008D82C4B93F822300133DAB2294B83F850
:10AD2000222003E0274B002283F82220284B1B68B7
:10AD3000043B274A136040E0224B93F82230002B5B
:10AD400008D0204B93F82230013BDAB21D4B83F838
:10AD5000222003E01B4B062283F822201C4B1B6899
:10AD600004331B4A136028E01A4B1A681A4B1B68FD
:10AD7000D31AC82B21D9164B00221A6008F018FEEE
:10AD80001BE0164B1B78DBB2002B10D0104B1B685E
:10AD9000002B0CD00F4B1A680F4B1B68D31AC82B13
:10ADA0000CD90B4B00221A6008F002FE06E0084B9B
:10ADB00000221A6008F0FCFD00E000BF0520FEF74D
:10ADC00032FC43E4C4660020106400200000C84246
:10ADD000486700203C6700204C670020286700205F
:10ADE00080B400AF154B1B68002B0EDD134B1B68A6
:10ADF0000A3B124A1360114B1B68002B05DC0F4BFA
:10AE000000221A600E4B01221A700E4B1B68002B99
:10AE10000EDD0C4B1B680A3B0A4A1360094B1B688A
:10AE2000002B05DC074B00221A60074B01221A7029
:10AE300000BFBD465DF8047B704700BF10000020D6
:10AE400034670020140000203567002080B500AF73
:10AE5000094B4FF0FF321A60084B00221A70064B64
:10AE60001B68002B06DA064B1B68002B02DA05482C
:10AE7000F6F744F800BF80BD1000002034670020C2
:10AE800014000020B469002080B500AF094B4FF0DA
:10AE9000FF321A60084B00221A70084B1B68002B07
:10AEA00006DA044B1B68002B02DA0548F6F726F891
:10AEB00000BF80BD14000020356700201000002076
:10AEC000B469002080B500AF0F4B9B8B9BB2002B69
:10AED00002D1FFF7BBFF16E00C4B00221A700A4BA1
:10AEE0009B8B9BB21A464FF47A7302FB03F31A460C
:10AEF000074B1A60FDF7F2F90346034AC2F898328D
:10AF00000448F5F78BFF80BD1064002034670020F3
:10AF100010000020B469002080B500AF0F4B5B8E9D
:10AF20009BB2002B02D1FFF7AFFF16E00C4B0022C3
:10AF30001A700A4B5B8E9BB21A464FF47A7302FB6F
:10AF400003F31A46074B1A60FDF7C8F90346034A94
:10AF5000C2F894320448F5F761FF80BD1064002008
:10AF60003567002014000020B469002080B400AFD1
:10AF7000034B01221A7000BFBD465DF8047B704789
:10AF80003767002080B400AF034B01221A7000BF66
:10AF9000BD465DF8047B70473667002080B58AB0F7
:10AFA00000AF78606420FEF73EFBA44B1B78DBB259
:10AFB000012B40F0068503F06DFB0346002B14BF08
:10AFC0000123002387F8263003F074FB0346002B8F
:10AFD00014BF0123002387F8253003F03BFB034611
:10AFE000002B14BF0123002387F8243003F042FB19
:10AFF0000346002B14BF0123002387F82330904B16
:10B000001B780133DAB28E4B1A708D4B1B78042BF0
:10B010000FD98B4B00221A708A4B5B7B01335A424B
:10B0200003F0070302F0070258BF5342DAB2854B20
:10B030005A7307F02EFC834B1B78002B10D1814BE9
:10B040001B7B002B09D17F4B93F84430002B04D19C
:10B050007C4B93F84530002B02D07A4B01221A76B4
:10B0600097F82630002B00F01181774B1B7883F086
:10B070000103DBB2002B00F00981724B1B78032B1C
:10B0800006D1704B02221A706E4B01221A76FAE03A
:10B090006C4B93F82330002B00F0B180694B1B7888
:10B0A000022B5BD1674B93F82230042B51D801A2BD
:10B0B00052F823F0C9B00008EBB0000805B1000851
:10B0C0001FB1000839B100085C4B93F86D30DBB25A
:10B0D0000133DAB2594B83F86D20584B93F86D3039
:10B0E000DAB2584B83F8262033E0544B5B889BB28E
:10B0F0000A339AB2514B5A80504B5B889AB2514BEB
:10B100001A8526E04D4B1B899BB20A339AB24B4BF2
:10B110001A814A4B1B899AB24A4B9A8519E0474BD0
:10B120009B889BB20A339AB2444B9A80434B9B88CC
:10B130009AB2444B5A850CE0404B5B899BB20A3370
:10B140009AB23E4B5A813D4B5B899AB23D4BDA85B0
:10B1500000BF3C4B012283F8242094E0394B1B783C
:10B16000012B40F09080374B93F8203087F8223045
:10B17000344B93F82530012B1BD1324B012283F83D
:10B18000302097F82230314A1A3332F823309BB2FC
:10B19000632B78D897F822302C4903F11A0231F842
:10B1A000222092B2013291B2284A1A3322F8231097
:10B1B00069E0244B93F82530022B64D1214B012206
:10B1C00083F8302097F82230204A1A339B0013442A
:10B1D0005B889BB2632B56D897F822201B4902F15B
:10B1E0001A039B000B445B889BB2013398B217494A
:10B1F00002F11A039B000B4402465A8043E0114BB4
:10B200001B78002B07D10F4B1B7B83F00103DAB2B5
:10B210000C4B1A7337E00B4B1B78012B1DD1094BDC
:10B2200093F82030002B13D0064B93F82030013BCD
:10B23000DAB2044B83F8202025E000BF1064002020
:10B2400050670020C466002051670020286B002052
:10B25000964B312283F8202015E0944B1B78022B6B
:10B2600011D1924B93F82230002B08D08F4B93F8DA
:10B270002230013BDAB28D4B83F8222003E08B4B66
:10B28000062283F82220894B01221A7697F826306D
:10B29000002B5DD0854B93F8233083F00103DBB2A4
:10B2A000002B55D0814B1B78012B03D07F4B1B7893
:10B2B000022B4DD17D4B5B6B002B04D102F06EFB5A
:10B2C00003467A4A536302F069FB0246774B5B6B95
:10B2D000D31AFB61FB69B3F5FA7F40D902F05EFB3C
:10B2E0000246724B9B6BD31A642B38D96F4B1B7879
:10B2F000012B12D16D4B93F82030002B08D06B4BF3
:10B3000093F82030013BDAB2684B83F8202016E036
:10B31000664B312283F8202011E0644B93F82230F1
:10B32000002B08D0614B93F82230013BDAB25F4B1F
:10B3300083F8222003E05D4B062283F8222002F0EE
:10B340002DFB0346594A9363584B01221A7606E0B7
:10B35000564B00225A63554B00229A6300E000BF0F
:10B3600097F82530002B00F00981514B1B7883F0B2
:10B370000103DBB2002B00F001814C4B1B78032B47
:10B3800006D14A4B02221A70484B01221A76F2E08B
:10B39000464B93F82330002B00F0B480434B1B78CE
:10B3A000022B5BD1414B93F82230042B51D801A2E0
:10B3B00052F823F0C9B30008EBB3000805B4000845
:10B3C0001FB4000839B400083A4B93F86D30DBB273
:10B3D000013BDAB2374B83F86D20364B93F86D3072
:10B3E000DAB2324B83F8262033E0324B5B889BB2D3
:10B3F0000A3B9AB22F4B5A802E4B5B889AB22B4B4A
:10B400001A8526E02B4B1B899BB20A3B9AB2294B2B
:10B410001A81284B1B899AB2244B9A8519E0254B37
:10B420009B889BB20A3B9AB2224B9A80214B9B8805
:10B430009AB21E4B5A850CE01E4B5B899BB20A3BAD
:10B440009AB21C4B5A811B4B5B899AB2174BDA8517
:10B4500000BF164B012283F824208CE0134B1B788D
:10B46000012B40F08880114B93F82030FB760F4B76
:10B4700093F82530012B21D10C4B012283F8302089
:10B48000FB7E0D4A1A3332F823309BB2002B72D068
:10B49000FB7E094903F11A0231F8222092B2013AE7
:10B4A00091B2054A1A3322F8231064E0C4660020E2
:10B4B0005267002010640020286B0020934B93F803
:10B4C0002530022B57D1914B012283F83020FB7E8F
:10B4D0008F4A1A339B0013445B889BB2002B4AD0DF
:10B4E000FA7E8B4902F11A039B000B445B889BB2E6
:10B4F000013B98B2864902F11A039B000B440246B5
:10B500005A8038E0814B1B78002B07D17F4B1B7B87
:10B5100083F00203DAB27D4B1A732CE07B4B1B786D
:10B52000012B12D1794B93F82030302B08D8774B70
:10B5300093F820300133DAB2744B83F820201AE0FC
:10B54000724B002283F8202015E0704B1B78022BF1
:10B5500011D16E4B93F82230052B08D86B4B93F822
:10B5600022300133DAB2694B83F8222003E0674BC3
:10B57000002283F82220654B01221A7697F82530A5
:10B58000002B5DD0614B93F8233083F00103DBB2D5
:10B59000002B55D05D4B1B78012B03D05B4B1B78E8
:10B5A000022B4DD1594BDB6B002B04D102F0F6F985
:10B5B0000346564AD36302F0F1F90246534BDB6B64
:10B5C000D31A7B617B69B3F5FA7F40D902F0E6F9C3
:10B5D00002464E4B1B6CD31A642B38D94B4B1B784D
:10B5E000012B12D1494B93F82030302B08D8474B10
:10B5F00093F820300133DAB2444B83F8202016E070
:10B60000424B002283F8202011E0404B93F8223077
:10B61000052B08D83D4B93F822300133DAB23B4B6F
:10B6200083F8222003E0394B002283F8222002F025
:10B63000B5F90346354A1364344B01221A7606E005
:10B64000324B0022DA63314B00221A6400E000BF63
:10B6500097F82430002B2CD02E4B1B7883F001035D
:10B66000DBB2002B25D0294B1B78032B03D1274BB2
:10B6700002221A7012E0254B1B78002B03D1234BBA
:10B6800002221A700AE0214B1B78022B03D11F4BB8
:10B6900001221A7002E01D4B00221A701B4B00227F
:10B6A00083F82320194B002283F82520174B012211
:10B6B0001A7697F82330002B00F08880164B1B7801
:10B6C00083F00103DBB2002B04D002F067F90346DC
:10B6D000124A1360114B1B68002B00F0628102F0CC
:10B6E0005DF902460D4B1B68D31A40F2DC529342BF
:10B6F00040F25781054B1B78032B11D1034B0222DB
:10B700001A70024B01221A765CE000BFC46600206A
:10B71000286B0020536700205467002058670020E2
:10B72000904B1B78012B4DD18E4B93F820303B73FF
:10B730003B7B8D4A1A3332F823309BB2FB723B7B42
:10B74000894A1A339B0013445B889BB2BB72FB7A15
:10B7500007EE903AF8EE677A844BC3EDA07ABB7A95
:10B7600007EE903AF8EE677A804BC3EDA37AFB7A46
:10B7700007EE903AF8EE677A7A4BC3ED017ABB7A1E
:10B7800007EE903AF8EE677A764BC3ED027A3B7B90
:10B790009AB2754BA3F854203B7B0133DAB2714B5C
:10B7A00083F821206F4B002283F823206D4B002269
:10B7B00083F825206B4B00221A706A4B01221A76FF
:10B7C00005F048F86A4B00221A60EAE0694B1B78E2
:10B7D000002B00F0E380664B1B68002B00F0DE803E
:10B7E00002F0DCF80246624B1B68D31A3B613B69EE
:10B7F000642B40F2D3803B69B3F57A7F80F0CE8032
:10B80000584B1B78032B06D1564B02221A70554B0E
:10B8100001221A76C2E0534B1B78022B45D1514BC3
:10B8200093F82230062B03D14E4B03221A7038E0D6
:10B830004C4B93F82230052B1BD14A4B93F83130F7
:10B84000002B14BF01230023DBB283F00103DBB222
:10B8500003F00103DAB2434B83F83120414B93F8F4
:10B860003120424B83F8AC223E4B012283F8242046
:10B8700017E03C4B93F82330002B14BF0123002327
:10B88000DBB283F00103DBB203F00103DAB2354B24
:10B8900083F82320334B93F823301A46314B83F837
:10B8A0002520304B01221A7678E02E4B1B78012B95
:10B8B0001FD12C4B93F825305A1C2F4B83FB0231A0
:10B8C000D317C91A0B465B000B44D11ACAB2254BD9
:10B8D00083F82520234B93F82530002B14BF012338
:10B8E0000023DAB21F4B83F823201E4B01221A7665
:10B8F00054E01C4B93F82130013BFB73FB7B1A4A4D
:10B900001A3332F823309BB2BB73FB7B164A1A33CF
:10B910009B0013445B889BB27B73BB7B07EE903A22
:10B92000B8EEE77A114BD3EDA07AB4EE677AF1EE78
:10B9300010FA23D17B7B07EE903AB8EEE77A0B4BF7
:10B94000D3EDA37AB4EE677AF1EE10FA16D1074B75
:10B950004FF00002C3F88022044B4FF00002C3F8FE
:10B960008C221BE0C4660020286B0020106400209D
:10B97000586700205467002056555555BB7B07EE8D
:10B98000903AF8EE677A6E4BC3EDA07A7B7B07EEB8
:10B99000903AF8EE677A6A4BC3EDA37A694B0022BE
:10B9A0001A60694A97F826301370684A97F825306C
:10B9B0001370674A97F824301370664A97F823305B
:10B9C00013705F4B93F89332DBB2002B48D0002307
:10B9D00087F82730604B1B78DBB2002B08D1584B1F
:10B9E0009B8B9BB2002B08D05C4B1B68002B04DAAE
:10B9F000FFF768FA584B00221A70514B9B8B9BB291
:10BA0000002B07D0564B1B78DBB2002B02D0012352
:10BA100087F827304A4B93ED177A494BDB8D9BB261
:10BA200007EE903AF8EE676AB2EE046AC6EE867ADE
:10BA3000B4EEE77AF1EE10FA07DB012387F827303E
:10BA40003F4B4FF00002C3F8802297F82730002BBD
:10BA50000BD03B4B002283F89322FFF7F7F904E069
:10BA6000FFF7F4F93C4B00221A70354B1B78DBB220
:10BA7000002B57D1324B93F89332DBB283F00103A2
:10BA8000DBB2002B4ED02E4BD3EDA07AF5EEC07A70
:10BA9000F1EE10FACCBF012300237B727B7A002BDE
:10BAA00037D0304B1B7883F00103DBB2002B13D16E
:10BAB000234B93EDA07A2C4BD3ED007AB4EE677A4A
:10BAC000F1EE10FA08D1294B1B78DBB2002B03D121
:10BAD000274B1B68002B07DAFFF71EFA214B0122C8
:10BAE0001A70224B00221A70224B1B78DBB2002BFB
:10BAF00009D0134B4FF00002C3F88022FFF7C4F9BE
:10BB0000184B00221A700E4BD3F88032164A13607D
:10BB100010E0FFF7B9F9154B00221A70114B002203
:10BB20001A7007E0FFF7B0F9104B00221A700D4BA6
:10BB300000221A701420FDF776FDFFF736BA00BF19
:10BB400010640020586700205167002052670020D1
:10BB50005367002054670020366700201000002043
:10BB6000346700205C670020606700203767002092
:10BB7000140000203567002090B58DB000AF7860CC
:10BB8000002387F82730002387F82F30002387F819
:10BB90002E300023BB620A20FDF745FD4021994865
:10BBA000F7F7CEFF03465BB25B005CB2802195489D
:10BBB000F7F7C6FF03465BB223435BB287F8273033
:10BBC00097F8273087F82F308F4B93F8B032DBB2DD
:10BBD000032B03D16420FDF726FDF1E220218948E3
:10BBE000F7F7AEFF034687F8263001F0D7FE38623C
:10BBF00097F82630012B68D197F82E3097F8262039
:10BC00009A4201D007F0D4FE40217E48F7F798FF12
:10BC100003465BB25B005CB280217A48F7F790FF85
:10BC200003465BB223435BB287F8273097F827209F
:10BC300097F82F309A4238D097F82F309A0097F81B
:10BC400027301343714AD35CFB7797F91F30002BE1
:10BC500027D097F91F206E4B1B6813446C4A136062
:10BC600097F91F30002BD4BF01230023DBB21A4603
:10BC7000684B1A70664B1B68674A934203DD644B3E
:10BC800000221A6007E0624B1B68644A934202DAA2
:10BC90005F4B00221A60624A3B6A1360012007F082
:10BCA000EBFE97F8273087F82F30594B1B68184662
:10BCB00007F0B2FE574B1B78DBB2184607F0BCFE0C
:10BCC000574B1B68184607F0C7FE97F82630002B25
:10BCD00040F0B08097F82E3097F826209A4201D095
:10BCE0003B6ABB62BB6A002B00F05F823A6ABB6AA8
:10BCF000D31AFB604B4B01221A704B4A3B6A13600C
:10BD0000FB6840F2DC52934240F24F823E4B1B787C
:10BD1000DBB2002B28D13C4B93F89332DBB283F09B
:10BD20000103DBB2002B69D0374B93F8AF32DBB2A3
:10BD300083F00103DBB2002B60D0334B93F8AD32BC
:10BD4000DBB283F00103DBB2002B08D02E4B0122C3
:10BD500083F8AD222C4B002283F8AE224EE02A4B12
:10BD6000002283F8AD2249E0274B1B78DBB2012B80
:10BD700044D12E4B1B78002B06D12C4B01221A707C
:10BD80002A4B01221A7639E0284B1B78012B35D13A
:10BD9000264B93F82030FB72FB7A254A1A3332F88F
:10BDA00023309BB207EE903AF8EE677A164BC3ED5C
:10BDB000A07AFB7A1E4A1A339B0013445B889BB21D
:10BDC00007EE903AF8EE677A0F4BC3EDA37AFB7A51
:10BDD0009AB2174BA3F85420FB7A0133DAB2134B13
:10BDE00083F82120114B002283F823200F4B0022DF
:10BDF0001A700E4B01221A7604F02CFD0023BB6250
:10BE0000D3E100BF0004024010640020986D0108D7
:10BE1000646700206867002000943577006CCA884A
:10BE20006C670020286700202C670020C466002073
:10BE3000286B0020AB4B1B78DBB2002B0DD0AA4B3C
:10BE40001B683A6AD31A952B07D9A64B00221A70A1
:10BE5000A64A3B6A136007F0ABFDBB6A002B00F0FB
:10BE60009C813A6ABB6AD31ABB61BB69642B40F2FE
:10BE70009281BB69B3F57A7F80F08D819C4B1B78F2
:10BE8000DBB2002B40F0AF80994B93F89332DBB2DA
:10BE9000002B0BD0964B002283F89322944B4FF04B
:10BEA0000002C3F88022FEF7D1FF74E1904B93F8B3
:10BEB000AF32DBB2002B04D08D4B002283F8AF22CF
:10BEC00069E18B4B93F8AD32DBB2002B6CD0884B21
:10BED000002283F8AD22864B93F8AE32DBB2002B02
:10BEE00015D1834BD3EDA07AFCEEE77AC7ED007A4B
:10BEF0003B78DAB27E4B1A767D4B012283F8A6227C
:10BF00007B4A3B6AC2F8A83204F0A4FC43E1784BB8
:10BF100093F8AE32DBB2012B3AD1754BDB8D9BB27D
:10BF200007EE903AB8EE677AF2EE046AC7EE267A28
:10BF3000C7ED047A6E4BD3ED177A97ED047AB4EE21
:10BF4000E77AF1EE10FA40F32681694B93ED177A08
:10BF5000D7ED047AF2EE046A77EEE67AB4EEE77A89
:10BF6000F1EE10FA0AD9624BD3ED177A9FED617AA0
:10BF7000F4EEC77AF1EE10FA00F20D815C4B01226B
:10BF800083F89322FEF79EFF5B4B00221A7002E1BA
:10BF9000574B93F8AE32DBB2022B40F0FC80544B8F
:10BFA000012283F8AF22F6E0514B1B7EDAB2504BF0
:10BFB000D3EDA07AFCEEE77AC7ED007A3B78DBB2EE
:10BFC0009A4205D14A4B4FF00002C3F88022E2E0CA
:10BFD000474B1B7EDBB207EE903AF8EE677A444B94
:10BFE000C3EDA07AD7E0424B1B78DBB2012B40F0C7
:10BFF000D280424B1B78032B06D1404B02221A7091
:10C000003E4B01221A76C6E03C4B1B78012B1FD118
:10C010003A4B93F825305A1C394B83FB0231D31726
:10C02000C91A0B465B000B44D11ACAB2334B83F8D2
:10C030002520324B93F82530002B14BF0123002319
:10C04000DAB22E4B83F823202C4B01221A76A2E081
:10C050002A4B1B78022B55D1284B93F82230062B04
:10C0600003D1264B03221A7038E0244B93F8223078
:10C07000052B1BD1214B93F83130002B14BF01232A
:10C080000023DBB283F00103DBB203F00103DAB279
:10C090001A4B83F83120194B93F83120144B83F855
:10C0A000AC22164B012283F8242017E0134B93F89F
:10C0B0002330002B14BF01230023DBB283F00103E4
:10C0C000DBB203F00103DAB20C4B83F823200B4BF5
:10C0D00093F823301A46094B83F82520074B012299
:10C0E0001A7658E0286700202C670020306700206F
:10C0F000106400200000704236670020C4660020F3
:10C10000565555552F4B93F82130013BFB75FB7D60
:10C110002D4A1A3332F823309BB2BB75FB7D2A4A75
:10C120001A339B0013445B889BB27B75BB7D07EE83
:10C13000903AB8EEE77A254BD3EDA07AB4EE677A61
:10C14000F1EE10FA17D17B7D07EE903AB8EEE77A60
:10C150001E4BD3EDA37AB4EE677AF1EE10FA0AD152
:10C160001A4B4FF00002C3F88022184B4FF0000228
:10C17000C3F88C220FE0BB7D07EE903AF8EE677AA9
:10C18000124BC3EDA07A7B7D07EE903AF8EE677A0A
:10C190000E4BC3EDA37A0023BB6297F82E3097F8BD
:10C1A00026209A4201D00023BB6297F82630002B4C
:10C1B00014BF0123002387F82E300120FDF733FA46
:10C1C00002E500BFC4660020286B00201064002038
:10C1D00080B586B000AF786001F0E0FB386101F017
:10C1E000DDFEF0EE407A9B4BC3ED177A994BD3ED11
:10C1F000A07AF5EEC07AF1EE10FA03DD954B9B7B49
:10C20000DBB200E00023FB75924BD3ED177A9FED74
:10C21000927AF4EEC77AF1EE10FA02DB6423FB7532
:10C220003CE08C4BD3ED177A9FED8C7AF4EEC77A15
:10C23000F1EE10FA1EDB874B9B7BDAB2854BD3ED18
:10C24000177AB3EE0E7A77EEC77AB1EE047A67EE1C
:10C25000877AFCEEE77AC7ED007A3B78DBB21344CD
:10C26000FB75FB7D642B01D96423FB757C4B01229C
:10C270001A7013E07A4B1B78002B0FD0754B9B7B09
:10C28000FB75744BD3ED177A9FED767AF4EEC77A8F
:10C29000F1EE10FA02D8724B00221A706D4B93F82F
:10C2A0009332DBB2002B11D0002001F089FC034651
:10C2B000BB736D4B1B78BA7B9A4261D06A4ABB7BD9
:10C2C0001370644BDB6D694A136059E0614BD3ED29
:10C2D000A07A9FED677AF4EEC77AF1EE10FA0BDBE5
:10C2E000614B1B78642B4BD0642001F069FC034642
:10C2F0001A465D4B1A7043E05B4B1B78FA7D9A42FD
:10C300002DD25A4B93ED007A524BD3ED177A77EE3C
:10C31000677AB0EE007AF4EEC77AF1EE10FA09DA35
:10C320004C4BD3ED177A9FED4F7AF4EEC77AF1EECE
:10C3300010FA25D54C4B1B780A2B38BF0A23DBB2E9
:10C340000A3BFB73FB7B184601F03AFC03461A4696
:10C35000454B1A703F4BDB6D444A136010E0424B73
:10C360001B78FA7D9A420BD0FB7D184601F028FC21
:10C3700003461A463C4B1A70364BDB6D3B4A136042
:10C38000344B93F89332DBB283F00103DBB2002B22
:10C3900042D0354B1B78002B0FD1FB7D002B0CD0EE
:10C3A000FB7D184601F00CFC03461A462E4B1A7012
:10C3B000284BDB6D2D4A13602EE02B4B1B78002B96
:10C3C0000AD0FB7D002B07D1002001F0F9FB0346CA
:10C3D0001A46254B1A701FE01E4B9B7BDAB2254B89
:10C3E0001B789A4206D11B4BDB7BDAB2224B1B78BF
:10C3F0009A4211D0FB7D184601F0E2FB03461A4633
:10C40000194B1A70134B9B7BDAB21A4B1A70114BF3
:10C41000DB7BDAB2184B1A7001F0C6F803469AB209
:10C420000C4BA3F864200B4BB3F864309AB2094B61
:10C43000A3F89022114B1B683A69D31AB3F5FA7F1F
:10C4400004D302F0FBF80D4A3B6913609620FDF718
:10C45000EAF8C1E6106400200000284200000C4207
:10C46000706700200000044271670020746700209C
:10C470000000B44278670020796700207C670020C4
:10C4800080B584B000AF7860154B1B681421184646
:10C49000FDF76EF90346002B01D103F03FFB114B72
:10C4A000DB8B9BB2002BEFD00E4B1B8C9BB2002B77
:10C4B00003D00C4B1B8C9BB200E0C823FB6001F047
:10C4C0006DFA0246084B1B68D31AFA689A42DBD809
:10C4D00003F09CFB01F062FA0346034A1360D3E7C2
:10C4E00024670020286B00208067002080B58EB074
:10C4F00000AF78606F4B1B78DAB26F4B1B789A42B3
:10C500002BD06C4B1B78DAB26B4B1A706B4B002242
:10C510001A706B4B00221A70664B1B78DBB2002B33
:10C5200007D1002007F08EFEB421664807F0E7FB34
:10C5300006E0002007F086FEB421634807F0DFFB29
:10C540004FF47A70F8F742F9002007F07BFE5F4B5A
:10C550001B680021184607F0D2FB564B1B78DBB254
:10C56000002B40F0BF8101F019FA3862534B1B7861
:10C5700083F00103DBB2002B07D004F02DFD544BF8
:10C5800001221A754D4B01221A70524B1B683A6AF0
:10C59000D31A082B40F2D380464B93EDA07A4E4B32
:10C5A0001B7807EE903AF8EEE77A77EE677AF0EECE
:10C5B000E77AC7ED077A484B1B7807EE903AB8EE5A
:10C5C000E77A3C4BD3EDA07AB4EEE77AF1EE10FABD
:10C5D00049D5D7ED077AB2EE047AF4EEC77AF1EED8
:10C5E00010FA02DD4FF081430DE0D7ED077AB1EE8E
:10C5F000047AF4EEC77AF1EE10FA02DD4FF08043D0
:10C6000001E04FF07E537B61334B1B7807EE903A8D
:10C61000B8EEE77AD7ED057A77EE277AFCEEE77A7F
:10C62000C7ED007A3B78DAB22B4B1A702A4B1B7895
:10C6300007EE903AB8EEE77A1E4BD3EDA07AB4EE4F
:10C64000E77AF1EE10FA0ADD1A4BD3EDA07AFCEE90
:10C65000E77AC7ED007A3B78DAB21F4B1A701D4AB1
:10C660003B6A13606BE01C4B1B7807EE903AB8EE08
:10C67000E77A104BD3EDA07AB4EEE77AF1EE10FA38
:10C680005DDDD7ED077AB2EE047AF4EEC77AF1EE0B
:10C6900010FA02DD4FF0814322E0D7ED077AB1EEC8
:10C6A000047AF4EEC77AF1EE10FA17DD4FF080430A
:10C6B00016E000BF106400201800002084670020EE
:10C6C0000C6700207C7E01087C820108006D002040
:10C6D00088670020BC670020C06700204FF07E53B1
:10C6E000BB61794B1B7807EE903AB8EEE77AD7ED4D
:10C6F000067A77EE677AFCEEE77AC7ED007A3B7848
:10C70000DAB2714B1A70704B1B7807EE903AB8EEA4
:10C71000E77A6E4BD3EDA07AB4EEE77AF1EE10FA39
:10C720000AD56A4BD3EDA07AFCEEE77AC7ED007A22
:10C730003B78DAB2644B1A70654A3B6A1360624B0D
:10C740001B7807EE903AF8EE677AB0EE670A01F0D0
:10C75000E5FD5D4B1A785F4B1A725C4B1B7EDAB2BB
:10C760005C4B5A72594BDB6D5A4A1360574B1B6E28
:10C77000584A5360554BB3F864309AB2554B9A817E
:10C78000544B9B89002B14BF01230023DAB2514B79
:10C790009A724D4B1B78002B14BF01230023DAB291
:10C7A0004C4B9A73494B93F8AD32DAB2494B83F84C
:10C7B0002D20464B93F8AE32DAB2464B83F82E204A
:10C7C000424B93F8AF32DAB2424B83F82F203F4B03
:10C7D00093F89332DAB23F4B83F830203B4B93F817
:10C7E0009332DBB2002B15D0384B9B8B9BB2002BC6
:10C7F00010D0394B1B683B613B69002B06DD3B6960
:10C80000364AA2FB03239B099BB200E00023314A76
:10C81000538625E02D4B93F89332DBB283F001036E
:10C82000DBB2002B19D0294B5B8E9BB2002B14D0AE
:10C83000254B1B78002B10D0294B1B68FB60FB6835
:10C84000002B06DDFB68254AA2FB03239B099BB254
:10C8500000E000231F4A538602E01E4B00225A8646
:10C860001C4B002283F828201A4B00225A85194BB2
:10C87000002283F82C20154B93F8A632DBB2002B54
:10C8800017D0124BD3F8A8323A6AD31A40F6B7320F
:10C89000934203D80F4B0122DA730DE00D4B0022B7
:10C8A000DA730A4B002283F8A6220A4B01221A757A
:10C8B00002E0084B0022DA73064805F02FFD09203C
:10C8C000FCF7B1FECAE100BFC06700201064002081
:10C8D000BC6700208867002010000020D34D621044
:10C8E00014000020B04B1B78DBB2012B40F0B68166
:10C8F00001F054F87863AD4B1B7883F00103DBB291
:10C90000002B30D005F0CCFEA94B01221A76A84BA3
:10C9100000221A70A64B00221A73A34B93F8AC3274
:10C92000DAB2A34B83F83120A24BB3F854309BB258
:10C93000DAB29F4B83F820209E4BB3F854309BB261
:10C94000DBB20133DAB29A4B83F82120964BD3F84D
:10C950008032994A1360944BD3F88C32974A136013
:10C96000924B01221A70964B1B687A6BD31A082BD4
:10C9700040F2DB808C4B93EDA07A8F4BD3ED007AA5
:10C9800077EE677AF0EEE77AC7ED0C7AD7ED0C7A9E
:10C99000F5EEC07AF1EE10FA58DDD7ED0C7AB2EE72
:10C9A000047AF4EEC77AF1EE10FA01DD854B0CE063
:10C9B000D7ED0C7AB1EE067AF4EEC77AF1EE10FA02
:10C9C00001DD814B01E04FF07F53FB62764B93ED2D
:10C9D000A07A794BD3ED007AB4EEE77AF1EE10FA53
:10C9E0001ADD754B93ED007AD7ED0B7A77EE277A47
:10C9F000714BC3ED007A6C4B93EDA07A6E4BD3ED87
:10CA0000007AB4EEE77AF1EE10FA1FD5664BD3F850
:10CA10008032694A136019E0674B93ED007AD7EDD5
:10CA20000B7A77EE677A644BC3ED007A5E4B93ED39
:10CA3000A07A614BD3ED007AB4EEE77AF1EE10FA0A
:10CA400004DD594BD3F880325B4A1360564B93EDAB
:10CA5000A37A5A4BD3ED007A77EE677AF0EEE77A55
:10CA6000C7ED0A7AD7ED0A7AF5EEC07AF1EE10FA40
:10CA700058DDD7ED0A7AB2EE047AF4EEC77AF1EE19
:10CA800010FA01DD4F4B0CE0D7ED0A7AB1EE067AD1
:10CA9000F4EEC77AF1EE10FA01DD4B4B01E04FF0F6
:10CAA0007F537B62404B93EDA37A444BD3ED007AE6
:10CAB000B4EEE77AF1EE10FA1ADD404B93ED007A0E
:10CAC000D7ED097A77EE277A3C4BC3ED007A364BE7
:10CAD00093EDA37A394BD3ED007AB4EEE77AF1EE19
:10CAE00010FA1FD5304BD3F88C32344A136019E05A
:10CAF000324B93ED007AD7ED097A77EE677A2F4BB8
:10CB0000C3ED007A284B93EDA37A2C4BD3ED007A3A
:10CB1000B4EEE77AF1EE10FA04DD234BD3F88C3251
:10CB2000264A1360264A7B6B1360234BD3ED007AB1
:10CB3000B0EE670A01F0F2FB204BD3ED007AB0EEC5
:10CB4000670A01F0E7FC1C4BD3ED007AF5EEC07AE2
:10CB5000F1EE10FA07DC194BD3ED007AF5EEC07A4E
:10CB6000F1EE10FA03DD012001F010F802E00020E0
:10CB700001F00CF8104B1B680D4A53600F4B1B68FB
:10CB80000B4A93600C4BD3ED007AF5EEC07AF1EED0
:10CB900010FA07DC094BD3ED007AF5EEC07AF1EE1E
:10CBA00010FA13DD012312E0106400200C6700204E
:10CBB000C4660020286B0020C4670020C8670020DE
:10CBC000CC6700200000B04000006040002303F06C
:10CBD0000103DAB2234B9A73234B93F86D30DAB228
:10CBE000204B83F82620204B5B889AB21D4B1A8578
:10CBF0001D4B1B899AB21B4B9A851B4B9B889AB283
:10CC0000184B5A85184B5B899AB2164BDA85164B2E
:10CC100093F8A632DBB2002B17D0134BD3F8A8320F
:10CC20007A6BD31A40F6B732934203D80D4B0122E8
:10CC30001A740DE00B4B00221A740B4B002283F880
:10CC4000A622084B01221A7602E0064B00221A7433
:10CC5000044806F01BFD0420FCF7E5FC0120FCF76E
:10CC6000E2FC47E4C46600201064002080B584B074
:10CC700000AF3B4600221A605A609A60DA60214B8E
:10CC8000214A1A601F4B4FF440325A601D4B00225C
:10CC90009A601C4B00221A611A4B00221A76194B1B
:10CCA000002283F82020174B0022DA62154B174A26
:10CCB0009A62144B0022DA60124B0122DA61114BA6
:10CCC000002283F830200F4B01225A610D48F5F7FE
:10CCD000B9FA0346002B01D0FDF74CFB00233B6063
:10CCE00001237B600223BB603B4619460548F5F7EC
:10CCF00057FC0346002B01D0FDF73CFB00BF10376B
:10CD0000BD4680BDD0670020002001400100000F1B
:10CD100080B58AB000AF786007F1140300221A6072
:10CD20005A609A60DA601A617B681B68174A9342FE
:10CD300027D100233B61164B5B6C154A43F480738B
:10CD40005364134B5B6C03F480733B613B690023BA
:10CD5000FB600F4B1B6B0E4A43F0010313630C4B3C
:10CD60001B6B03F00103FB60FB6801237B61032362
:10CD7000BB610023FB6107F1140319460548F6F770
:10CD800057FC00BF2837BD4680BD00BF00200140D2
:10CD9000003802400000024080B582B000AF3B4640
:10CDA00000221A605A60144B144A1A601248F7F7AE
:10CDB00031FD0346002B01D0FDF7DCFA00233B6078
:10CDC00000237B603B46002219460B48F7F7DFFD46
:10CDD0000346002B01D0FDF7CDFA3B461022194641
:10CDE0000548F7F7D4FD0346002B01D0FDF7C2FA42
:10CDF00000BF0837BD4680BD1868002000740040A1
:10CE000080B58AB000AF786007F1140300221A6081
:10CE10005A609A60DA601A617B681B68184A93420C
:10CE20002AD100233B61174B1B6C164A43F0005379
:10CE30001364144B1B6C03F000533B613B690023EC
:10CE4000FB60104B1B6B0F4A43F0010313630D4B48
:10CE50001B6B03F00103FB60FB6830237B61012344
:10CE6000BB61002230210848F6F782FE07F1140367
:10CE700019460548F6F7DCFB00BF2837BD4680BDE4
:10CE800000740040003802400000024080B582B0CB
:10CE900000AF00237B600C4B1B6B0B4A43F48003F9
:10CEA0001363094B1B6B03F480037B607B680022D8
:10CEB00005213A20F7F71CFC3A20F7F735FC00BFB4
:10CEC0000837BD4680BD00BF0038024080B500AFC6
:10CED000174B184A1A60164B4FF482725A60144B63
:10CEE00000229A60124B0022DA60114B00221A6174
:10CEF0000F4B00225A610E4B4FF400729A610C4B9B
:10CF00000022DA610A4B00221A62094B00225A629F
:10CF1000074B00229A62064B0A22DA620448F7F7AE
:10CF20008FFD0346002B01D0FDF724FA00BF80BD22
:10CF30002C6800200038004080B500AF174B184A1D
:10CF40001A60164B4FF482725A60144B00229A609A
:10CF5000124B0022DA60114B02221A610F4B0122A0
:10CF60005A610E4B4FF400729A610C4B0822DA6141
:10CF70000A4B00221A62094B00225A62074B002218
:10CF80009A62064B0A22DA620448F7F759FD034613
:10CF9000002B01D0FDF7EEF900BF80BD84680020B2
:10CFA000003C004080B58CB000AF786007F11C03F6
:10CFB00000221A605A609A60DA601A617B681B6806
:10CFC000334A93422DD10023BB61324B1B6C314A53
:10CFD00043F4804313642F4B1B6C03F48043BB6109
:10CFE000BB6900237B612B4B1B6B2A4A43F0020376
:10CFF0001363284B1B6B03F002037B617B694FF4C7
:10D000006043FB6102233B6200237B620323BB621C
:10D010000523FB6207F11C0319461F48F6F708FBBE
:10D0200031E07B681B681D4A93422CD100233B6191
:10D03000184B1B6C174A43F400431364154B1B6CCD
:10D0400003F400433B613B690023FB60114B1B6B06
:10D05000104A43F0040313630E4B1B6B03F00403ED
:10D06000FB60FB684FF4E053FB6102233B6200234B
:10D070007B620323BB620623FB6207F11C03194694
:10D080000748F6F7D5FA00BF3037BD4680BD00BF70
:10D09000003800400038024000040240003C0040DC
:10D0A0000008024080B58AB000AF07F120030022DB
:10D0B0001A605A603B1D00221A605A609A60DA605A
:10D0C0001A615A619A61224B4FF080421A60204BDC
:10D0D00000225A601E4B00229A601D4B4FF0FF3217
:10D0E000DA601B4B00221A61194B00229A61184822
:10D0F000F3F733FF0346002B01D0FDF73BF9002384
:10D100003B6200237B6207F1200319461048F5F7C4
:10D1100009F80346002B01D0FDF72CF960237B6052
:10D120000023BB600023FB6000237B613B1D0822C2
:10D1300019460748F4F72CFB0346002B01D0FDF7F6
:10D1400019F9034800F072F900BF2837BD4680BDC9
:10D15000DC68002080B58AB000AF07F12003002210
:10D160001A605A603B1D00221A605A609A60DA60A9
:10D170001A615A619A61224B224A1A60204B00229E
:10D180005A601F4B00229A601D4B40F60F62DA6016
:10D190001B4B00221A611A4B80229A611848F3F740
:10D1A000DCFE0346002B01D0FDF7E4F800233B62D0
:10D1B00000237B6207F1200319461148F4F7B2FF00
:10D1C0000346002B01D0FDF7D5F860237B600023D8
:10D1D000BB600023FB6000237B613B1D0C221946D2
:10D1E0000748F4F7D5FA0346002B01D0FDF7C2F843
:10D1F000034800F01BF900BF2837BD4680BD00BFC3
:10D2000024690020000C004080B584B000AF3B468C
:10D2100000221A605A609A60DA60194B194A1A6043
:10D22000174B40F207725A60154B00229A60144B5C
:10D230004FF6FF72DA60124B00221A61104B002287
:10D240009A610F48F3F7A0FF0346002B01D0FDF7CA
:10D2500091F800233B6001237B600023BB60002327
:10D26000FB603B46002219460548F4F7F5F90346F2
:10D27000002B01D0FDF77EF800BF1037BD4680BD02
:10D280006C6900200040014080B500AF0E4B0F4A92
:10D290001A600D4B42F23A325A600B4B00229A60F0
:10D2A000094B6322DA60084B00221A61064B002208
:10D2B0009A610548F3F762FD0346002B01D0FDF7A4
:10D2C00059F800BF80BD00BFB4690020001C0040B9
:10D2D00080B485B000AF78607B681B68B3F1804F85
:10D2E0000ED10023FB60134B1B6C124A43F0010369
:10D2F0001364104B1B6C03F00103FB60FB6812E02E
:10D300007B681B680C4A93420DD10023BB60094B1C
:10D310001B6C084A43F008031364064B1B6C03F0B4
:10D320000803BB60BB6800BF1437BD465DF8047BD3
:10D33000704700BF00380240000C004080B58AB042
:10D3400000AF786007F1140300221A605A609A60F7
:10D35000DA601A617B681B681D4A934233D100234F
:10D360003B611C4B5B6C1B4A43F480335364194B89
:10D370005B6C03F480333B613B690023FB60154B1E
:10D380001B6B144A43F001031363124B1B6B03F036
:10D390000103FB60FB6804237B610223BB61002364
:10D3A000FB6100233B6203237B6207F114031946F0
:10D3B0000948F6F73DF9002206211820F7F798F9F9
:10D3C0001820F7F7B1F900BF2837BD4680BD00BF70
:10D3D00000400140003802400000024080B584B0A7
:10D3E00000AF78607B681B680E4A934215D100231A
:10D3F000FB600D4B1B6C0C4A43F0800313640A4B1B
:10D400001B6C03F08003FB60FB68002206212C20CC
:10D41000F7F76EF92C20F7F787F900BF1037BD46F4
:10D4200080BD00BF001C00400038024080B58AB0BB
:10D4300000AF786007F1140300221A605A609A6006
:10D44000DA601A617B681B68B3F1804F1FD100233B
:10D450003B61224B1B6B214A43F0020313631F4BBA
:10D460001B6B03F002033B613B694FF480637B61FC
:10D470000223BB610023FB6100233B6201237B622B
:10D4800007F1140319461648F6F7D2F822E07B6834
:10D490001B68144A93421DD10023FB600F4B1B6B8A
:10D4A0000E4A43F0010313630C4B1B6B03F00103A3
:10D4B000FB60FB6808237B610223BB610023FB61E7
:10D4C00000233B6202237B6207F1140319460648DE
:10D4D000F6F7AEF800BF2837BD4680BD00380240E1
:10D4E00000040240000C00400000024080B485B0FF
:10D4F00000AF7860274B1B781946274A7B6842F8B3
:10D500002130244B1B785A1C244B83FB02135910E7
:10D51000D317C91A0B469B000B44D11ACAB21D4B34
:10D520001A701F4B1B78002B06D11A4B1B78002B4F
:10D5300002D11B4B01221A700023FB60184B1B7891
:10D54000002B02D1134B1B7800E00523BB72002394
:10D55000FB7209E0FB7A104A52F82330FA68134450
:10D56000FB60FB7A0133FB72FA7ABB7A9A42F1D301
:10D57000BB7A002B04D0BB7AFA68B2FBF3F300E06D
:10D580000023084A136000BF1437BD465DF8047BD2
:10D59000704700BF246A0020106A00206766666634
:10D5A000256A0020286A002080B582B000AF00F014
:10D5B000F5F93860154B1B683A68D31AB3F57A7FD2
:10D5C0001ED9134B00221A70124B00221A6000233E
:10D5D000FB7107E0FB79104A002142F82310FB7928
:10D5E0000133FB71FB79042BF4D90C4B00221A7028
:10D5F0000B4B00221A700B4B00221A60002301E033
:10D60000084B1B6818460837BD4680BD0C6A0020D1
:10D61000086A0020046A0020106A0020246A0020A2
:10D62000256A0020286A002080B584B000AF7860A9
:10D630007B681B68264A934246D17B681B7F012B7F
:10D6400042D100217868F4F765F90346214A136056
:10D6500000F0A4F90346204A1360204B1B78DBB28C
:10D66000002B26D01B4B1A681D4B1B689A4207D310
:10D67000184B1A681A4B1B68D31A1A4A136008E031
:10D68000144B1A68164B1B68D31A03F58033154ADE
:10D690001360154B01221A70124B1B68002B08D027
:10D6A000104B1B68114AB2FBF3F3FB60F868FFF7FD
:10D6B0001DFF084B1B680A4A1360084B1B78DBB23E
:10D6C0000133DAB2054B1A7000BF1037BD4680BD7A
:10D6D00000400140006A00200C6A0020096A002016
:10D6E000FC690020046A0020086A0020C0C62D00E2
:10D6F00080B500AF144B154A1A60154B93F86C3087
:10D70000DBB21A46134B53F822300F4A53600E4BCC
:10D7100000229A600C4B0022DA600B4B00221A6147
:10D72000094B0C225A61084B00229A61064B4FF4B8
:10D730000042DA610448F7F755FF0346002B01D099
:10D74000FCF718FE00BF80BD2C6A002000100140CD
:10D7500010640020A86D010880B58AB000AF786021
:10D7600007F1140300221A605A609A60DA601A61A5
:10D770007B681B68344A934262D100233B61334B80
:10D780005B6C324A43F010035364304B5B6C03F024
:10D7900010033B613B690023FB602C4B1B6B2B4A46
:10D7A00043F001031363294B1B6B03F00103FB6080
:10D7B000FB684FF4C0637B610223BB610023FB6104
:10D7C00003233B6207237B6207F1140319462048B9
:10D7D000F5F72EFF1F4B204A1A601E4B4FF00062D8
:10D7E0005A601C4B00229A601A4B0022DA60194BD7
:10D7F0004FF480621A61174B00225A61154B0022C8
:10D800009A61144B0022DA61124B00221A62114B0A
:10D8100000225A620F48F6F7DFF90346002B01D0C9
:10D82000FCF7A8FD7B680B4ADA630A4A7B689363BE
:10D83000002205212520F6F75BFF2520F6F774FF6F
:10D8400000BF2837BD4680BD0010014000380240AF
:10D8500000000240746A00204064024080B582B03B
:10D8600000AF78607B681B680C4A934212D10C4B66
:10D870005B6C0B4A23F0100353644FF4C0610948FA
:10D88000F6F76AF87B68DB6B1846F6F753FA252043
:10D89000F6F758FF00BF0837BD4680BD00100140B5
:10D8A000003802400000024080B400AF00BFFDE736
:10D8B00080B400AF00BFFDE780B400AF00BFFDE75C
:10D8C00080B400AF00BFFDE780B400AF00BFFDE74C
:10D8D00080B400AF00BFBD465DF8047B7047000018
:10D8E00080B500AF0248F7F7E3FF00BF80BD00BF7F
:10D8F0002C6A002080B500AF0248F3F7BDFD00BFE1
:10D9000080BD00BFB469002080B500AF0248F3F7C6
:10D91000B3FD00BF80BD00BFD46A002080B500AF5A
:10D920000248F3F7A9FD00BF80BD00BF6C6900206D
:10D9300080B500AF0248F6F745FB00BF80BD00BFD1
:10D94000746A002080B582B000AF00237B60124B68
:10D950005B6C114A43F4804353640F4B5B6C03F4DC
:10D9600080437B607B6800233B600B4B1B6C0A4A47
:10D9700043F080531364084B1B6C03F080533B60EF
:10D980003B6800220F216FF00100F6F7B1FE00BFE7
:10D990000837BD4680BD00BF0038024080B400AFEC
:10D9A000034B1B681846BD465DF8047B704700BFFB
:10D9B000AC00002080B58EB000AF78600023FB6221
:10D9C0000023BB620023FB60334B1B6C324A43F4E1
:10D9D00080731364304B1B6C03F48073FB60FB6833
:10D9E00007F1100207F1140311461846F5F720F964
:10D9F0003B6AFB62FB6A002B03D1F5F7F1F8786311
:10DA000004E0F5F7EDF803465B007B637B6B234A8C
:10DA1000A2FB03239B0C013BBB62214B214A1A60F2
:10DA20001F4B40F2E732DA601D4ABB6A53601C4B61
:10DA300000221A611A4B00229A60194B00229A6147
:10DA40001748F3F79BF9034687F8333097F83330DC
:10DA5000002B1BD11248F3F7E1F9034687F8333066
:10DA600097F83330002B11D12D20F6F75DFE7B683F
:10DA70000F2B08D8002279682D20F6F739FE0A4AC4
:10DA80007B68136002E0012387F8333097F8333066
:10DA900018463837BD4680BD0038024083DE1B4340
:10DAA000D46A0020002000400400002080B586B029
:10DAB00000AF7860144A154BD31A7B617B693B61D8
:10DAC000134B1B68002B02D1114B124A1A60104BEA
:10DAD0001A687B6813443A699A4207D208F0BCFB83
:10DAE00003460C221A604FF0FF3309E0084B1B6815
:10DAF000FB60074B1A687B681344054A1360FB6898
:10DB000018461837BD4680BD000002200004000002
:10DB10001C6B0020506E0020DFF834D0F3F700F9C2
:10DB20000C480D490D4A002302E0D458C450043378
:10DB3000C4188C42F9D30A4A0A4C002301E013604E
:10DB40000432A242FBD308F08DFBFCF71FFB7047A9
:10DB500000000220000000208C00002098C2010874
:10DB60008C0000204C6E0020FEE7000080B500AF66
:10DB70000C210448F3F740FA00210348F3F754FB63
:10DB800000BF80BD246900206C69002080B582B090
:10DB900000AF0346FB71FB79002B05D00122022167
:10DBA0000648F5F7E5FF04E0002202210348F5F7F7
:10DBB000DFFF00BF0837BD4680BD00BF0000024048
:10DBC00080B586B000AF0346FB71704BDB6D3B61E7
:10DBD0006E4B93F89332DBB2002B52D06B4B93F821
:10DBE000A032FB754FF08043FB6002E0FB7D013308
:10DBF000FB75FB7D032B19D8FB7D644A06339B0024
:10DC00001344DB889BB207EE903AB8EEE77AF2EE67
:10DC1000046AC7EE267A97ED047AB4EEE77AF1EE5D
:10DC200010FAE3DC02E0FB7D013BFB75FB7D002B82
:10DC30001AD0FB7D013B554A06339B001344DB8819
:10DC40009BB207EE903AF8EEE77AF2EE046A87EEBE
:10DC5000A67AD7ED037A77EE677A97ED047AB4EE79
:10DC6000E77AF1EE10FADED9484AFB7D82F8A0325D
:10DC7000FB7D464A06339B0013441B899BB2FB7114
:10DC800061E0424BDB7BDBB2FA799A4202D93F4B2F
:10DC9000DB7BFB71D7ED047A9FED3D7AF4EEC77A1A
:10DCA000F1EE10FA0FDB3B4B01221A70D7ED047A2C
:10DCB0009FED377AF4EEC77AF1EE10FA24DB364B9B
:10DCC00001221A7020E0D7ED047A9FED347AF4EE49
:10DCD000C77AF1EE10FA07D52E4B1B78002B03D034
:10DCE0002C4B00221A700FE0D7ED047A9FED287AB2
:10DCF000F4EEC77AF1EE10FA06D5274B1B78002B0D
:10DD000002D0244B00221A70224B1B78002B0ED01D
:10DD1000FB790A33FB71204B1B78002B02D0FB7977
:10DD20000F33FB71FB79632B01D96423FB71FB7902
:10DD3000002B08D0154B9B7BDBB2FA799A4202D2BA
:10DD4000124B9B7BFB71FB794FF4616202FB03F387
:10DD5000134AA2FB03235B097B810C4B1B78DBB2CC
:10DD6000002B09D1FB79002B03D10020FFF70EFF18
:10DD700002E00120FFF70AFF0A4B1B687A891A6448
:10DD8000FB7918461837BD4680BD00BF10640020DF
:10DD900000004842206B0020216B0020000034422C
:10DDA0001F85EB512469002080B500AF05F012FEFD
:10DDB00000BF80BD80B58EB000AF87ED010AD7ED02
:10DDC000017AFCEEE77A17EE903A3B636E4A3B6BC2
:10DDD000934201D36D4BD0E04FF4FD723B6B934205
:10DDE00001D86B4BC9E000237B63C1E0694A7B6BC0
:10DDF000DB0013445B683A6B9A4200F2B6807B6B9F
:10DE00000133644ADB0013445B683A6B9A42C0F00A
:10DE1000AC80604A7B6B32F9333007EE903AB8EE53
:10DE2000E77AF2EE046AC7EE267AC7ED0B7A7B6BCF
:10DE30000133584A32F9333007EE903AB8EEE77AB8
:10DE4000F2EE046AC7EE267AC7ED0A7A514A7B6B76
:10DE5000DB0013445B6807EE903AF8EE677AC7ED93
:10DE6000097A7B6B01334B4ADB0013445B6807EE96
:10DE7000903AF8EE677AC7ED087AD7ED097AF5EEB1
:10DE8000C07AF1EE10FA44DDD7ED087AF5EEC07AEB
:10DE9000F1EE10FA3DDD97ED097AD7ED087AB4EE90
:10DEA000677AF1EE10FA34D03B6B07EE903AF8EE59
:10DEB000677AB0EE670A06F055FE87ED070A97ED20
:10DEC000090A06F04FFE87ED060A97ED080A06F0EC
:10DED00049FE87ED050A97ED0A7AD7ED0B7A37EE02
:10DEE000677AD7ED076AD7ED067A76EEE77A67EEBE
:10DEF000276A97ED057AD7ED067A37EE677AC6EE90
:10DF0000877A97ED0B7A77EE277AC7ED047A3B692B
:10DF100033E097ED097AD7ED087AB4EE677AF1EE3F
:10DF200010FA20D097ED0A7AD7ED0B7A37EE677AA0
:10DF30003B6B07EE903AF8EE676AD7ED097A76EE1A
:10DF4000E77A67EE276A97ED087AD7ED097A37EE18
:10DF5000677AC6EE877A97ED0B7A77EE277AC7ED68
:10DF6000037AFB6809E0FB6A07E07B6B01337B63A4
:10DF70007B6BA42B7FF73AAF074B07EE903AB0EEDE
:10DF8000670A3837BD4680BDA84F0300000020C295
:10DF90000000FA42D86D01080000C84180B58AB07F
:10DFA00000AF764BFB61764BBB61764B7B61002308
:10DFB0007B8200237B6200233B6223E07248F4F7FC
:10DFC00085F90A217048F4F753FA6F48F4F7DBFA41
:10DFD000034699B26D4A3B6A18335B0013440A4604
:10DFE0009A806A4A3B6A18335B0013449B889BB251
:10DFF0001A467B6A13447B620220F6F7E7FB3B6A12
:10E0000001333B623B6A132BD8DD7B6A604AA2FB7B
:10E0100003231B097B827B8A0A2B0CD97B8AD7EDD1
:10E02000057AB2EE047A77EEC77AFCEEE77A17EE5D
:10E03000902A934207D3554B564ADA65534B564ABA
:10E040001A66544B93E07B8A07EE903AB8EEE77A73
:10E05000D7ED077A67EE276A97ED057AC6EE877ADD
:10E06000C7ED037A97ED037AD7ED067A67EE276A54
:10E0700097ED077AD7ED037A37EE677AC6EE877A9F
:10E08000C7ED027AD7ED027A9FED447AF4EEC77AB3
:10E09000F1EE10FA64DDD7ED027A9FED417AF4EEED
:10E0A000C77AF1EE10FA5BD597ED020AFFF782FE10
:10E0B00087ED010AD7ED017A9FED3A7AF4EEC77A3F
:10E0C000F1EE10FA08D4D7ED017A9FED377AF4EE2D
:10E0D000C77AF1EE10FA07DD2C4B2E4ADA652B4B8E
:10E0E0002D4A1A662B4B42E0284A7B68D365D7ED50
:10E0F000017AB2EE027A27EE877AF1EE046AC7EE71
:10E10000267A9FED2A7A77EE877A204BC3ED187A2C
:10E11000D7ED017A9FED267AF4EEC77AF1EE10FA88
:10E1200009DD1A4B4FF00002C3F88022174B03227F
:10E1300083F8B02212E0D7ED017A9FED1E7AF4EE5B
:10E14000C77AF1EE10FA09D5104B93F8B032DBB272
:10E15000032B03D10D4B002283F8B0227B6806E02D
:10E160000A4B0C4ADA65094B0B4A1A66094B07EE53
:10E17000903AB0EE670A2837BD4680BD333353402E
:10E1800000401C4600F07F45D0670020106400204E
:10E19000CDCCCCCC00004843000068430000FA43DB
:10E1A00000247448000020C20000FA42000000422F
:10E1B0000000704200005C4280B586B000AF0023D2
:10E1C000002200211448F6F79EFB002300221021B4
:10E1D0001148F6F798FB00210F48F6F73DFB102198
:10E1E0000D48F6F739FB0220F6F7F0FA3B1D002246
:10E1F0001A605A609A60DA601A6130237B600323E8
:10E20000BB600023FB603B1D19460448F5F710FA7C
:10E2100000BF1837BD4680BD1868002000000240CE
:10E2200080B586B000AF87ED010AD7ED017AF5EE33
:10E23000C07AF1EE10FA02D8DFED367A65E0D7ED5C
:10E24000017AB7EE007AF4EEC77AF1EE10FA02DB4B
:10E25000F7EE007A59E0304B7B61D7ED057AB6EEE8
:10E26000007A67EE877AB0EE670A06F045FCF0EEBA
:10E27000407AB7EE007A37EE877AF7EE006AC6EE9C
:10E28000877AC7ED047AD7ED057AF1EE677AB6EEB4
:10E29000007A67EE877AB0EE670A06F02DFCF0EEA2
:10E2A000407AB7EE007A37EE877AF7EE006AC6EE6C
:10E2B000877AC7ED037AD7ED057AB1EE677AD7EDA5
:10E2C000017AF6EE006A77EEE67A67EE277AB0EE2C
:10E2D000670A06F011FCF0EE407AB7EE007A37EEEE
:10E2E000877AF7EE006AC6EE877AC7ED027A97ED75
:10E2F000027AD7ED047A77EE676A97ED037AD7ED65
:10E30000047A37EE677AC6EE877AB0EE670A183776
:10E31000BD4680BD000000000000204180B588B0EF
:10E3200000AF87ED010A0023FB83D7ED017AF5EEFC
:10E33000C07AF1EE10FA02D54FF000037B60D7ED02
:10E34000017A9FED6B7AF4EEC77AF1EE10FA01DDF7
:10E35000684B7B60684B9B889BB21A46664B5B8818
:10E360009BB2D31A07EE903AB8EEE77AD7ED016A7E
:10E370009FED5F6AC6EE867A67EE277AFCEEE77A53
:10E3800017EE903ABB835C4B9B889BB2BA8B9A4248
:10E3900002D9594B9B88BB83D7ED017AF5EE407AC1
:10E3A000F1EE10FA02D10023BB8305E0524B5B88EB
:10E3B0009AB2BB8B1344BB834F4B93F89332DBB2BF
:10E3C000002B57D04C4B1B78DBB2002B52D14B4B60
:10E3D0001B7883F00103DBB2002B08D0484ABB8BCB
:10E3E0001380FFF7DBFA0346434AC2F89C32FFF77B
:10E3F000D5FA0246404BD3F89C32D31ABB61BB69B5
:10E40000B3F5FA7F2FD2BB6907EE903AB8EE677A80
:10E41000DFED3C6AC7EE267AC7ED057A97ED050A6F
:10E42000FFF7FEFE87ED040A334B5B8B9BB21A4667
:10E43000334B1B88D31AFB60314B1B8807EE903A95
:10E44000B8EE677AFB6807EE903AF8EEE76AD7ED28
:10E45000047A66EEA77A77EE277AFCEEE77A17EE73
:10E46000903AFB8302E0244B5B8BFB83234B01221E
:10E470001A7004E0214B00221A70BB8BFB83FA8BCD
:10E4800013461B039B1A204A82FB03121A44D21222
:10E49000DB17D31A7B817B89002200211B48F6F70A
:10E4A00032FA0346002B1FD100211848F6F755FA1F
:10E4B00003469AB2104BA3F878220F4BB3F8783288
:10E4C0009BB21A4640F6E44302FB03F3104A82FB78
:10E4D00003121A44D212DB17D31A07EE903AF8EE61
:10E4E000E77A054BC3ED9F7A00BF2037BD4680BD5C
:10E4F0000000C8420000C84210640020226B0020C7
:10E50000246B00200000FA43EF09E09E1868002009
:10E510008100088080B584B000AF87ED010AD7ED97
:10E52000017AB7EE007AF4EEC77AF1EE10FA02D56E
:10E530004FF000037B60D7ED017A9FED3A7AF4EE5D
:10E54000C77AF1EE10FA01DD374B7B60374B5B8900
:10E550009BB21A46354B1B899BB2D31A07EE903AF1
:10E56000B8EEE77AD7ED016A9FED2E6AC6EE867A9D
:10E5700067EE277AFCEEE77A17EE903AFB812B4B99
:10E580005B899BB2FA899A4202D9284B5B89FB814D
:10E59000D7ED017AF5EE407AF1EE10FA02D10023C0
:10E5A000FB8105E0214B1B899AB2FB891344FB8157
:10E5B000FA8913461B039B1A1D4A82FB03121A4455
:10E5C000D212DB17D31ABB81BB8900221021194854
:10E5D000F6F799F90346002B1FD110211548F6F7DD
:10E5E000BCF903469AB2114BA3F884220F4BB3F83F
:10E5F00084329BB21A4640F6E44302FB03F30E4A10
:10E6000082FB03121A44D212DB17D31A07EE903A98
:10E61000F8EEE77A054BC3EDA27A00BF1037BD468E
:10E6200080BD00BF0000C8420000C8421064002046
:10E63000EF09E09E186800208100088080B500AFD7
:10E640004FF400710248F5F7ACFA00BF80BD00BF7F
:10E650000008024080B500AF01210548F5F770FAC7
:10E660000346002B0CBF01230023DBB2184680BDFC
:10E670000004024080B500AF02210548F5F760FABA
:10E680000346002B0CBF01230023DBB2184680BDDC
:10E690000004024080B500AF10210548F5F750FA9C
:10E6A0000346002B0CBF01230023DBB2184680BDBC
:10E6B0000008024080B500AF20210548F5F740FA78
:10E6C0000346002B0CBF01230023DBB2184680BD9C
:10E6D0000008024080B400AFBFF34F8F00BF064B6D
:10E6E000DB6803F4E0620449044B1343CB60BFF3DF
:10E6F0004F8F00BF00BFFDE700ED00E00400FA050A
:10E7000080B485B000AF78600B467B804FF6FF7316
:10E71000FB810023BB8126E0BB897A6813441B7808
:10E720001A46FB895340FB810823BB6015E0FB8937
:10E7300003F00103002B0AD0FB895B08FB81FB89F6
:10E7400083F4BF4383F07E03DB43FB8102E0FB895C
:10E750005B08FB81BB68013BBB60BB68002BE6D15B
:10E76000BB890133BB81BA897B889A42D4D3FB89A8
:10E7700018461437BD465DF8047B704780B500AF7E
:10E780004FF4807202490348F7F739F800BF80BDA3
:10E790007F6400202C6A002080B483B000AF034661
:10E7A000FB80FB88B3F5805F0AD3FB88B3F5905FED
:10E7B00006D20E4B1B78DBB2002B01D002230FE0F8
:10E7C000FB88B3F5005F0AD3FB88B3F50C5F06D274
:10E7D000064B1B78DBB2012B01D0022300E00023A3
:10E7E00018460C37BD465DF8047B70471064002066
:10E7F00080B584B000AF0346FB710B46BB71134676
:10E800007B71FB793B72BB7963F07F03DBB27B7278
:10E810007B79BB7207F1080303211846FFF770FFED
:10E820000346FB81FB89DBB2FB72FB891B0A9BB2AF
:10E83000DBB23B7307F10801642305220348F6F7B6
:10E8400053FF00BF1037BD4680BD00BF2C6A0020BB
:10E8500080B485B000AF0346FB80FB88012B06D156
:10E86000904B1B78DBB2904A1946118015E2FB8869
:10E87000022B05D14FF4A0738B4A194651800CE24C
:10E88000FB88032B06D1874B9B8A9BB2864A19468D
:10E89000918002E2FB88042B06D1824BDB8A9BB27B
:10E8A000814A1946D180F8E1FB88052B07D17D4BC1
:10E8B00093F86C30DBB27C4A19461181EDE1FB889C
:10E8C000102B03D1784BDB8B9BB2E6E1FB88112B3D
:10E8D00003D1754B1B8C9BB2DFE1FB88B3F5805FE6
:10E8E0000BD1704BD3EDA07AFCEEE77A17EE903A9D
:10E8F0009BB26D4A19465184CFE1FB8841F2010277
:10E9000093420CD1674BD3ED177AB2EE047A67EEDF
:10E91000877AFCEEE77A17EE903A9BB2BDE1FB886E
:10E9200041F20202934204D15E4BB3F864309BB2D1
:10E93000B3E1FB88B3F5885F06D15A4B5B889BB285
:10E94000594A19461185A8E1FB8841F20112934208
:10E9500006D1544B9B889BB2534A194651859CE182
:10E96000FB8841F20212934206D14E4B9B7BDBB2F5
:10E970004D4A1946918590E1FB8841F2031293427A
:10E9800006D1484BDB7BDBB2474A1946D18584E18F
:10E99000FB8841F20412934206D1424B1B7CDBB24E
:10E9A000414A1946118678E1FB8841F205129342EB
:10E9B00006D13C4B5B8E9BB23B4A194651866CE1BB
:10E9C000FB88B3F5905F06D1364B5B8B9BB2364A22
:10E9D0001946918661E1FB8841F20122934206D1FA
:10E9E000304B9B8B9BB2304A1946118755E1FB880F
:10E9F00041F20222934203D12A4BDB8B9BB24CE1C2
:10EA0000FB8841F20322934203D1264B1B8C9BB21D
:10EA100043E1FB8841F20422934203D1214B5B8CFA
:10EA20009BB23AE1FB8841F20522934203D11D4B90
:10EA30009B8C9BB231E1FB8841F20622934203D1C9
:10EA4000184BDB8C9BB228E1FB8841F207229342F2
:10EA500003D1144B1B8D9BB21FE1FB8841F20822AE
:10EA6000934203D10F4B5B8D9BB216E1FB8841F2C1
:10EA70000922934203D10B4B9B8D9BB20DE1FB8886
:10EA800041F20A22934203D1064BDB8D9BB204E193
:10EA9000FB8841F20B22934208D1024B1B8E9BB2A2
:10EAA000FBE000BF10640020286B0020FB88B3F55A
:10EAB000005F08D17C4B93F86D30DBB27B4A19467E
:10EAC000A2F84E10E9E0FB8842F2010293420CD119
:10EAD000754BD3EDA07AFCEEE77A17EE903A9BB235
:10EAE000724A1946A2F85010D7E0FB8842F202029F
:10EAF00093420CD16C4BD3EDA37AFCEEE77A17EE80
:10EB0000903A9BB2694A1946A2F85210C5E0FB88B8
:10EB100042F20302934204D1644BB3F856309BB2E5
:10EB2000BBE0FB8842F2040293420CD15E4BD3ED72
:10EB3000177AB2EE047A67EE877AFCEEE77A17EE80
:10EB4000903A9BB2A9E0FB88B3F5045F07D1564B1E
:10EB50005B889BB2554A1946A2F85A109DE0FB8883
:10EB600042F20112934207D14F4B9B889BB24F4A0E
:10EB70001946A2F85C1090E0FB8842F20212934220
:10EB800007D1494B1B899BB2484A1946A2F85E102F
:10EB900083E0FB8842F20312934207D1424B5B8928
:10EBA0009BB2424A1946A2F8601076E0FB8842F216
:10EBB0000412934207D13C4B9B7BDBB23B4A194684
:10EBC000A2F8621069E0FB8842F20512934207D175
:10EBD000354BDB7BDBB2354A1946A2F864105CE0AA
:10EBE000FB8842F20612934207D12F4B1B7CDBB20B
:10EBF0002E4A1946A2F866104FE0FB88B3F5704F15
:10EC000001D1002349E0FB884FF20102934201D178
:10EC1000002342E0FB88B3F57F4F03D1234B5B8990
:10EC20009BB23AE0FB884FF60172934203D11F4B2F
:10EC30009B899BB231E0FB884FF60272934203D16D
:10EC40001A4BDB899BB228E0FB88B3F5085F23D31E
:10EC5000FB8842F2632293421ED8FB88A3F5085337
:10EC6000FB81FB895B08BB81BB89312B14D8FB89F5
:10EC700003F001039BB2002B06D1BB890B4A1A3368
:10EC800032F823309BB208E0BB89084A1A339B0054
:10EC900013445B889BB200E0002318461437BD463E
:10ECA0005DF8047B704700BF10640020286B0020D3
:10ECB00080B588B000AF03460A46FB801346BB8090
:10ECC000FB881846FFF768FD0346FB74FB7C002BAE
:10ECD00001D0FB7CF3E3FB88022B0ED0FB8841F2D2
:10ECE0000102934209D0FB8841F20202934204D010
:10ECF000FB8842F20402934201D10023DFE3FB8848
:10ED0000012B20D0FB88032B1DD0FB88042B1AD0AD
:10ED1000FB88B3F5885F04D3FB8841F2121293425B
:10ED200011D9FB88B3F5905F04D3FB8841F2102220
:10ED3000934208D9FB88B3F5045F0BD3FB8842F2FA
:10ED40001012934206D8954B5B899BB2002B01D1E0
:10ED50000523B4E3FB88012B11D1BB88012B01D91A
:10ED60000323ACE38D4ABB881380BB88002B14BF00
:10ED700001230023DBB21A46894B1A709EE3FB88FD
:10ED8000032B03D1864ABB88938297E3FB88042B2D
:10ED900003D1834ABB88D38290E3FB88052B0DD136
:10EDA000BB880B2B01D9032389E37C4ABB881381E1
:10EDB000BB88DAB27A4B83F86C207FE3FB88102B98
:10EDC00008D1BB88012B01D9032378E3734ABB88A0
:10EDD000D38373E3FB88112B0DD1BB88312B04D96E
:10EDE000BB8841F28832934201D9032367E36B4A1F
:10EDF000BB88138462E3FB88B3F5805F5CD1BB887A
:10EE0000652B01D903235AE3BB88652B42D1644BA0
:10EE1000DB8D9BB207EE903AB8EE677AF2EE046AA9
:10EE2000C7EE267AC7ED077AD7ED077AB2EE047AF5
:10EE3000F4EEC77AF1EE10FA01D85A4BFB61584B49
:10EE4000D3ED177A97ED077AB4EEE77AF1EE10FA80
:10EE50001EDD534B93ED177AD7ED077AF2EE046A75
:10EE600077EEE67AB4EEE77AF1EE10FA09D94C4B78
:10EE7000D3ED177A9FED4C7AF4EEC77AF1EE10FAE3
:10EE800006D8474B012283F89322FCF77BF815E361
:10EE9000042314E3414ABB885384414B002283F886
:10EEA0009322BB8807EE903AF8EE677A3C4BC3EDAD
:10EEB000A07AFCF75BF801E3FB88B3F5885F0DD11E
:10EEC000BB8840F2DC52934201D90323F7E2334A74
:10EED000BB881385324ABB885380EFE2FB8841F23E
:10EEE000011293420DD1BB8840F2DC52934201D90A
:10EEF0000323E4E2294ABB885385294ABB889380CF
:10EF0000DCE2FB8841F2021293420CD1BB88642BF5
:10EF100001D90323D3E2214ABB889385BB88DAB2A7
:10EF20001F4B9A73CAE2FB8841F2031293420CD141
:10EF3000BB88642B01D90323C1E2184ABB88D3855F
:10EF4000BB88DAB2164BDA73B8E2FB8841F20412DE
:10EF500093420FD1BB88002B02D0BB880A2B01D96A
:10EF60000323ACE20D4ABB881386BB88DAB20C4B94
:10EF70001A74A3E2FB8841F20512934216D1BB88B2
:10EF8000B3F5E15F01D9032399E2044ABB885386B4
:10EF9000034ABB885386FBF7E9FF8FE2286B00200A
:10EFA000106400200000704200007042FB88B3F53E
:10EFB000905F0DD1BB8840F2DC52934201D903230C
:10EFC0007DE28E4ABB8893868D4ABB88538375E267
:10EFD000FB8841F2012293420ED1BB88B3F5616FE9
:10EFE00001D903236BE2854ABB881387844ABB8817
:10EFF0009383FBF7C7FF61E2FB8841F20122934252
:10F0000040F2B080FB8841F20B22934200F2AA80CA
:10F01000FB88A3F59053023BDA0F13445B10BB74DB
:10F02000FB88A3F59053023B002B03F00103B8BF0C
:10F030005B427B747B7C002B4CD0BB88642B01D95A
:10F0400003233CE2BB7C002B12D0BB7C013B6C4A0F
:10F0500006339B0013441B899BB2BA889A4207D29D
:10F06000BB7C013B664A06339B0013441B89BB8073
:10F07000BB7C634A06339B001344BA881A81BB7C6D
:10F080000133BB6122E05E4ABB6906339B00134437
:10F090001B899AB2BB69013B594906339B000B445B
:10F0A0001B899BB29A420ED2BB69013B544A06337C
:10F0B0009B0013441B8999B2514ABB6906339B00DC
:10F0C00013440A461A81BB690133BB61BB69042B37
:10F0D000D9DDF3E1BB7C002B12D0BB7C013B484A5D
:10F0E00006339B001344DB889BB2BA889A4207D24E
:10F0F000BB7C013B424A06339B001344DB88BB8048
:10F10000BB7C3F4A06339B001344BA88DA80BB7C41
:10F1100001337B6122E03A4A7B6906339B0013444A
:10F12000DB889AB27B69013B354906339B000B446F
:10F13000DB889BB29A420ED27B69013B304A063390
:10F140009B001344DB8899B22D4A7B6906339B00F0
:10F1500013440A46DA807B6901337B617B69042BA7
:10F16000D9DDABE1FB88B3F5005F0ED1BB88F72B8F
:10F1700001D90323A3E1214ABB88A2F84E30BB8802
:10F18000DAB21F4B83F86D2098E1FB8842F201024E
:10F19000934211D1BB88642B01D903238FE1174A15
:10F1A000BB88A2F85030BB8807EE903AF8EE677A39
:10F1B000134BC3EDA07A81E1FB8842F20202934235
:10F1C00011D1BB88642B01D9032378E10B4ABB889A
:10F1D000A2F85230BB8807EE903AF8EE677A084BF7
:10F1E000C3EDA37A6AE1FB8842F20302934260D145
:10F1F000BB88322B06D9032361E100BF286B0020B6
:10F20000106400209B4ABB88A2F85630994ABB88FC
:10F21000A2F85430BB88DAB2974B83F82120BB8820
:10F22000002B2FD0BB88322B2CD8BB88013B7B8195
:10F230007B89904A1A3332F823309AB28D4BA3F867
:10F2400050207B898B4A1A339B0013445B889AB207
:10F25000884BA3F85220874BB3F850309BB207EE8F
:10F26000903AF8EE677A854BC3EDA07A814BB3F8FC
:10F2700052309BB207EE903AF8EE677A7F4BC3EDBF
:10F28000A37A1BE1BB88002B40F01881794B002248
:10F29000A3F85020774B0022A3F85220774B4FF071
:10F2A0000002C3F88022754B4FF00002C3F88C2295
:10F2B00004E1FB88B3F5045F0ED1BB8840F2DC5259
:10F2C000934201D90323FAE06A4ABB88A2F85A3074
:10F2D0006A4ABB885380F1E0FB8842F201129342F4
:10F2E0000ED1BB8840F2DC52934201D90323E6E001
:10F2F000604ABB88A2F85C30604ABB889380DDE03E
:10F30000FB8842F2021293420ED1BB8840F2DC52DB
:10F31000934201D90323D2E0564ABB88A2F85E305B
:10F32000564ABB881381C9E0FB8842F2031293421C
:10F330000ED1BB8840F2DC52934201D90323BEE0D8
:10F340004C4ABB88A2F860304C4ABB885381B5E078
:10F35000FB8842F2041293420DD1BB88642B01D981
:10F360000323ACE0434ABB88A2F86230BB88DAB220
:10F37000424B9A73A2E0FB8842F2051293420DD1F0
:10F38000BB88642B01D9032399E03A4ABB88A2F8D1
:10F390006430BB88DAB2394BDA738FE0FB8842F213
:10F3A0000612934210D1BB88002B02D0BB880A2BD7
:10F3B00001D9032383E02F4ABB88A2F86630BB88BB
:10F3C000DAB22E4B1A7479E0FB88B3F5704F04D192
:10F3D000BB88012B72D1FFF77DF9FB884FF2010248
:10F3E000934208D1BB88012B68D10021002000F096
:10F3F000E3FCFFF76FF9FB88B3F57F4F1AD1BB88A9
:10F40000012B13D11B4B9B899BB242F226029342E4
:10F410000AD1184BDB899BB24FF6FF72934203D19E
:10F42000144B01225A8149E0062348E0114B002287
:10F430005A8143E0FB884FF60172934203D10D4A93
:10F44000BB8893813AE0FB884FF60272934203D166
:10F45000084ABB88D38131E0FB88B3F5085F2BD322
:10F46000FB8842F26322934226D8BB88642B07D9DB
:10F47000032324E0286B0020C466002010640020D1
:10F48000FB88A3F50853FB81FB895B08BB81FB89E3
:10F4900003F001039BB2002B06D1BB890A491A3342
:10F4A000BA8821F8232009E0BB89074A1A339B0058
:10F4B0001344BA885A8001E0022300E00023184672
:10F4C0002037BD4680BD00BF286B002080B5D2B07C
:10F4D00000AF07F5A473A3F5A27318600A4607F5F9
:10F4E000A473A3F5A3731A8007F5A473A3F5A373FC
:10F4F0001B88032B40F2E68207F5A473A3F5A273E1
:10F500001B681B7887F83F3107F5A473A3F5A27336
:10F510001B685B7887F83E3107F5A473A3F5A373E6
:10F520001B88023B07F5A472A2F5A272126813446D
:10F530001B781AB207F5A473A3F5A3731B88013BCC
:10F5400007F5A471A1F5A27109680B441B781BB2E1
:10F550001B021BB213431BB2A7F83C3107F5A4737F
:10F56000A3F5A3731B88023B9AB207F5A473A3F516
:10F57000A27311461868FFF7C3F80346A7F83A319B
:10F58000B7F83C21B7F83A319A4240F0A282C84B12
:10F590001B78DBB2002B04D0C54B93F86D30DBB287
:10F5A00000E0002387F8393197F83F2197F8393187
:10F5B0009A4209D097F83931002B00F08A8297F8E7
:10F5C0003F31002B40F0858297F83E31032B04D069
:10F5D00097F83E31042B40F0E18007F5A473A3F5C2
:10F5E000A3731B88072B40F26F8207F5A473A3F562
:10F5F000A2731B6802331B781BB21B021AB207F5F9
:10F60000A473A3F5A2731B6803331B781BB21343C7
:10F610001BB2A7F8223107F5A473A3F5A2731B68E8
:10F6200004331B781BB21B021AB207F5A473A3F5AF
:10F63000A2731B6805331B781BB213431BB2A7F8D8
:10F640002031B7F82031002B03D0B7F820317D2BC3
:10F6500008D997F83E1197F83F3103221846FFF773
:10F66000C7F836E2B7F822311846FFF795F8034697
:10F6700087F81F3197F81F31002B09D097F81F2109
:10F6800097F83E1197F83F311846FFF7B1F820E29E
:10F6900007F5A473A3F59E7397F83F211A7007F539
:10F6A000A473A3F59E7397F83E215A70B7F82031E2
:10F6B000DBB25B00DAB207F5A473A3F59E739A7010
:10F6C0000323A7F846310023A7F844312EE0B7F80A
:10F6D0002221B7F8443113449BB21846FFF7B8F81B
:10F6E0000346A7F81A31B7F81A311B0A99B2B7F8CE
:10F6F00046315A1CA7F846211A46C9B207F5A47329
:10F70000A3F59E739954B7F846315A1CA7F84621C1
:10F710001A46B7F81A31D9B207F5A473A3F59E7348
:10F720009954B7F844310133A7F84431B7F844216C
:10F73000B7F820319A42CAD3B7F8462107F10C0333
:10F7400011461846FEF7DCFF0346A7F81C31B7F850
:10F7500046315A1CA7F846211A46B7F81C31D9B2CF
:10F7600007F5A473A3F59E739954B7F81C311B0ACF
:10F7700099B2B7F846315A1CA7F846211A46C9B2C1
:10F7800007F5A473A3F59E739954B7F8462107F1C2
:10F790000C0164234748F5F7A7FF9AE197F83E313B
:10F7A000062B40F0898007F5A473A3F5A3731B888B
:10F7B000072B40F28B8107F5A473A3F5A2731B6896
:10F7C00002331B781BB21B021AB207F5A473A3F510
:10F7D000A2731B6803331B781BB213431BB2A7F839
:10F7E0002A3107F5A473A3F5A2731B6804331B78B1
:10F7F0001BB21B021AB207F5A473A3F5A2731B6810
:10F8000005331B781BB213431BB2A7F82831B7F896
:10F810002821B7F82A3111461846FFF749FA03465E
:10F8200087F8273197F82731002B09D097F827213F
:10F8300097F83E1197F83F311846FEF7D9FF48E197
:10F8400001F008F897F83F3187F8143197F83E3106
:10F8500087F8153107F5A473A3F5A2731B689B788D
:10F8600087F8163107F5A473A3F5A2731B68DB783C
:10F8700087F8173107F58A7304211846FEF740FF11
:10F880000346A7F82431B7F82431DBB287F81831E2
:10F89000B7F824311B0A9BB2DBB287F8193107F5A0
:10F8A0008A71642306220348F5F71EFF11E100BFA9
:10F8B000106400202C6A002097F83E31102B40F095
:10F8C000F88007F5A473A3F5A3731B880A2B40F2F5
:10F8D000FF8007F5A473A3F5A2731B6802331B789E
:10F8E0001BB21B021AB207F5A473A3F5A2731B681F
:10F8F00003331B781BB213431BB2A7F8363107F54D
:10F90000A473A3F5A2731B6804331B781BB21B02FC
:10F910001AB207F5A473A3F5A2731B6805331B780D
:10F920001BB213431BB2A7F8343107F5A473A3F538
:10F93000A2731B689B7987F8333197F83321B7F8A6
:10F9400034315B009A4208D097F83E1197F83F3166
:10F9500003221846FEF74CFFBBE0B7F836311846D5
:10F96000FEF71AFF034687F8323197F83231002B41
:10F9700009D097F8322197F83E1197F83F31184691
:10F98000FEF736FFA5E00723A7F842310023A7F8CA
:10F99000403141E0B7F8423107F5A472A2F5A272F6
:10F9A000126813441B781BB21B021AB2B7F842311B
:10F9B000013307F5A471A1F5A27109680B441B7806
:10F9C0001BB213431BB2A7F82E31B7F842310233F2
:10F9D000A7F84231B7F83621B7F8403113449BB24B
:10F9E000B7F82E2111461846FFF762F9034687F84B
:10F9F0002D3197F82D31002B09D097F82D2197F84C
:10FA00003E1197F83F311846FEF7F2FE61E0B7F875
:10FA100040310133A7F84031B7F84021B7F834310D
:10FA20009A42B7D300F016FF97F83F3187F80C31B0
:10FA300097F83E3187F80D3107F5A473A3F5A2734B
:10FA40001B689B7887F80E3107F5A473A3F5A273A2
:10FA50001B68DB7887F80F3107F5A473A3F5A27351
:10FA60001B681B7987F8103107F5A473A3F5A273FF
:10FA70001B685B7987F8113107F5867306211846F4
:10FA8000FEF73EFE0346A7F83031B7F83031DBB25F
:10FA900087F81231B7F830311B0A9BB2DBB287F816
:10FAA000133107F58671642308220C48F5F71CFE14
:10FAB0000FE097F83E1197F83F3101221846FEF704
:10FAC00097FE06E000BF04E000BF02E000BF00E0D8
:10FAD00000BF07F5A477BD4680BD00BF2C6A00209B
:10FAE00080B582B000AF78600B467B807B681B6876
:10FAF000074A934208D1074A7B88A2F87032064B26
:10FB00001B681846F9F786FE00BF0837BD4680BD62
:10FB100000100140106400202467002080B582B0EE
:10FB200000AF294B5B687B60284BB3F870329BB207
:10FB3000042B21D9254B1B78DBB2002B04D0234B9F
:10FB400093F86D30DBB200E00023FB701F4B93F89D
:10FB50006F30BB70BA78FB789A4205D0FB78002BE7
:10FB60000AD0BB78002B07D1184BB3F870329BB288
:10FB700019461748FFF7AAFC144B93F86C30DBB218
:10FB80001A46144B53F822307A689A4212D0142045
:10FB9000F9F749FD0C48F5F775FD0C4B93F86C30FF
:10FBA000DBB21A460B4B53F82230074A5360064823
:10FBB000F5F718FD4FF4807205490348F5F71FFE6D
:10FBC00000BF0837BD4680BD2C6A002010640020AD
:10FBD0007F6400200873010880B582B000AF7860B0
:10FBE0007B681B68064A934205D14FF48072054931
:10FBF0000548F5F704FE00BF0837BD4680BD00BFCD
:10FC0000001001407F6400202C6A002080B5A6B05F
:10FC100000AF394B1B68002B6AD04FF48063A7F804
:10FC200090300023C7F894300023A7F8923010E0FA
:10FC3000314B1A68B7F8923013441B781A46D7F83C
:10FC400094301344C7F89430B7F892300133A7F8D2
:10FC50009230B7F89220B7F890309A42E8D3274B09
:10FC6000C7F88C30D7F88C00F0F7FEFF03469AB245
:10FC7000C823D7F88C102248F5F736FD381DD7F881
:10FC80009430204A802106F019FA3B1D1846F0F7FF
:10FC9000EBFF03469AB2391D64231948F5F724FD9A
:10FCA000194BC7F88830D7F88800F0F7DDFF034616
:10FCB0009AB26423D7F888101148F5F715FD0E4B5A
:10FCC0001968B7F890204FF4FA730D48F5F70CFD5A
:10FCD0000E4BC7F88430D7F88400F0F7C5FF034611
:10FCE0009AB26423D7F884100548F5F7FDFC00E0CC
:10FCF00000BF9837BD4680BDE86C0020506A0108FF
:10FD00002C6A0020806A0108906A0108A06A010834
:10FD100080B584B000AF0346FB71FB793B730022D2
:10FD20004FF480510948F3F723FF07F10C016423D6
:10FD300001220748F4F70DFF01224FF480510348D8
:10FD4000F3F716FF00BF1037BD4680BD0004024028
:10FD50002C68002080B584B000AF78600023FB726F
:10FD600003233B737B681B0ADBB27B737B68DBB2CC
:10FD7000BB7300224FF480510D48F3F7F9FE07F1F1
:10FD80000C01642303220B48F4F7E3FE07F10B0197
:10FD9000642301220748F5F720F801224FF480512F
:10FDA0000348F3F7E5FEFB7A18461037BD4680BDE1
:10FDB000000402402C68002080B584B000AF786059
:10FDC0000B46FB7002233B737B681B0ADBB27B7321
:10FDD0007B68DBB2BB73FB78FB730620FFF798FFF1
:10FDE00000224FF480510A48F3F7C2FE07F10C01DC
:10FDF000642304220748F4F7ACFE01224FF480513B
:10FE00000348F3F7B5FE00BF1037BD4680BD00BF05
:10FE1000000402402C68002080B586B000AFF86076
:10FE2000B9601346FB8002233B75FB681B0ADBB2FB
:10FE30007B75FB68DBB2BB750620FFF769FF00220C
:10FE40004FF480510D48F3F793FE07F1140164233A
:10FE500003220B48F4F77DFEFA884FF47A73B968F1
:10FE60000748F4F776FE01224FF480510348F3F778
:10FE70007FFE00BF1837BD4680BD00BF00040240B2
:10FE80002C68002080B586B000AFF860B9601346DA
:10FE9000FB8003233B75FB681B0ADBB27B75FB68A9
:10FEA000DBB2BB7500224FF480510D48F3F760FEC2
:10FEB00007F11401642303220A48F4F74AFEFA8882
:10FEC0004FF47A73B9680748F4F787FF01224FF4BB
:10FED00080510348F3F74CFE00BF1837BD4680BD84
:10FEE000000402402C68002090B589B000AF0023C8
:10FEF000FB7701224FF48051B348F3F739FE02201B
:10FF0000F4F764FC0020FFF725FF0346FB77FB7F37
:10FF1000AA2B0AD0FB7FFF2B07D00520F4F756FC55
:10FF20000020FFF717FF0346FB77FB7FAA2B40F06B
:10FF300067820120FFF70EFF03461A46A34B83F8A2
:10FF40006D200620FFF706FF03461A469F4B1A70E6
:10FF50009E4B1B78DBB2002B0ED09C4B1B78DBB288
:10FF6000012B09D0994B00221A70984B1B78DBB2F9
:10FF700019460620FFF720FF0420FFF7EBFE03469B
:10FF80001A46924B83F86C201E20FFF7E3FE0346CF
:10FF9000002B14BF01230023DAB28C4B83F8AC2270
:10FFA0000720FFF7D7FE03461BB21B021CB2082036
:10FFB000FFF7D0FE03461BB223431BB29AB2834B1A
:10FFC0005A800920FFF7C6FE03461BB21B021CB273
:10FFD0000A20FFF7BFFE03461BB223431BB29AB2AF
:10FFE0007A4B9A800B20FFF7B5FE03461BB21B022B
:10FFF0001CB20C20FFF7AEFE03461BB223431BB21C
:020000040801F1
:100000009AB2724BDA800D20FFF7A4FE03461BB2B2
:100010001B021CB20E20FFF79DFE03461BB22343BA
:100020001BB29AB2694B1A810F20FFF793FE034669
:100030001BB21B021CB21020FFF78CFE03461BB242
:1000400023431BB29AB2614B5A811120FFF782FE03
:1000500003461BB21B021CB21220FFF77BFE0346B5
:100060001BB223431BB29AB2584B9A811E20FFF752
:1000700071FE0346002B14BF01230023DAB2534B59
:1000800083F8AC221520FFF765FE03461A464F4B56
:100090001A761D20FFF75EFE03461A464C4BA3F866
:1000A00054201320FFF756FE03461A46474B9A7317
:1000B0001420FFF74FFE03461A46444BDA7316200E
:1000C000FFF748FE03461A46404B1A743F4B1B7C11
:1000D000DBB2002B04D03D4B1B7CDBB20A2B02D9D8
:1000E0003A4B05221A741720FFF734FE03461BB261
:1000F0001B021CB21820FFF72DFE03461BB2234340
:100100001BB29AB2314B5A821920FFF723FE0346E5
:100110001BB21B021CB21A20FFF71CFE03461BB2C7
:1001200023431BB29AB2294B9A821B20FFF712FE7F
:1001300003461BB21B021CB21C20FFF70BFE03463A
:100140001BB223431BB29AB2204BDA821F4B5B8A4D
:100150009BB24FF6FF72934204D01C4B5B8A9BB25A
:10016000002B03D1194B4FF4A0725A82174B9B8A74
:100170009BB24FF6FF72934204D0144B9B8A9BB202
:10018000002B03D1114B42F204629A820F4BDB8A9F
:100190009BB24FF6FF72934203D10C4B4FF4704267
:1001A000DA821F20FFF7D6FD03461BB21B021CB2EA
:1001B0002020FFF7CFFD03461BB223431BB29AB2A8
:1001C000024B5A83242005E0000402401064002002
:1001D000286B0020FFF7BEFD03461BB21B021CB2BA
:1001E0002520FFF7B7FD03461BB223431BB29AB28B
:1001F000A94B9A833A20FFF7ADFD03461BB21B02C1
:100200001CB23B20FFF7A6FD03461BB223431BB2E3
:100210009AB2A14B5A86A04B5B8B9BB24FF6FF72F2
:10022000934203D19C4B40F2BF425A839A4B9B8B23
:100230009BB24FF6FF72934203D1974B4FF4167265
:100240009A83954B5B8E9BB24FF6FF72934203D11C
:10025000914B4FF4E1625A862620FFF77BFD03465F
:100260001BB21B021CB22720FFF774FD03461BB212
:1002700023431BB29AB2884BDA832820FFF76AFD2A
:1002800003461BB21B021CB22920FFF763FD034685
:100290001BB223431BB29AB27F4B1A842A20FFF76A
:1002A00059FD03461BB21B021CB22B20FFF752FD67
:1002B00003461BB223431BB29AB2774B5A842C20BD
:1002C000FFF748FD03461BB21B021CB22D20FFF7AF
:1002D00041FD03461BB223431BB29AB26E4B9A8474
:1002E0002E20FFF737FD03461BB21B021CB22F2046
:1002F000FFF730FD03461BB223431BB29AB2664B95
:10030000DA843020FFF726FD03461BB21B021CB225
:100310003120FFF71FFD03461BB223431BB29AB2E5
:100320005D4B1A853220FFF715FD03461BB21B02F9
:100330001CB23320FFF70EFD03461BB223431BB252
:100340009AB2554B5A853420FFF704FD03461BB281
:100350001B021CB23520FFF7FDFC03461BB22343F2
:100360001BB29AB24C4B9A853620FFF7F3FC03463A
:100370001BB21B021CB23720FFF7ECFC03461BB27A
:1003800023431BB29AB2444BDA853820FFF7E2FCD4
:1003900003461BB21B021CB23920FFF7DBFC0346ED
:1003A0001BB223431BB29AB23B4B1A863A4BDB8BF0
:1003B0009BB24FF6FF7293421FD10023BB7719E027
:1003C000BA7FBB7F354931F82210334A06339B0090
:1003D00013440A46DA80BB7FBA7F30499B000B4446
:1003E00058882D49931D9B000B4402461A81BB7F00
:1003F0000133BB77BB7F042BE2D900F015FC20E270
:100400001720FFF7A7FC03461C021820FFF7A2FCE9
:10041000034623434FF6FF72934214BF0123002388
:10042000FB74FB7C002B04D00620FFF793FC0346F3
:1004300000E000237B777B7F002B04D07B7F012BA8
:1004400001D000237B77FB7C002B0FD01920FFF716
:1004500081FC03461BB21B021CB21A20FFF77AFC78
:1004600003461BB223431BB29BB201E042F204637A
:100470007B83FB7C002B13D01B20FFF76BFC034618
:100480001BB21B021CB21C20FFF764FC03461BB20C
:1004900023431BB29BB205E01064002038730108AF
:1004A0004FF470433B837B8B4FF6FF72934202D035
:1004B0007B8B002B02D142F204637B833B8B4FF694
:1004C000FF72934202D14FF470433B837B7F002B3A
:1004D0007FD19C4B002283F86D209A4B082283F831
:1004E0006C20984B00221A76964B4FF4A0725A82D9
:1004F000944B00221A70934BC8225A80914B4FF4B0
:1005000070729A808F4B0022DA808E4B00221A8103
:100510008C4B00225A818B4B00229A81894B1422EA
:100520009A73884B2D22DA73864B05221A74854BF9
:1005300040F2BF425A83834B4FF416729A83814B29
:100540004FF4E1625A860023FB7519E0FA7DFB7DCA
:100550007D4931F822107B4A06339B0013440A463A
:10056000DA80FB7DFA7D78499B000B4458887549F9
:10057000931D9B000B4402461A81FB7D0133FB75E2
:10058000FB7D042BE2D90023BB7518E0BA7DBB7D4F
:100590006E4931F822106E4A1A3322F82310BB7DBF
:1005A000BA7D6A499B000B445888694902F11A03D5
:1005B0009B000B4402465A80BB7D0133BB75BB7D5B
:1005C000312BE3D95F4A7B8B93825E4A3B8BD3828C
:1005D0002FE1FB7C002B0FD00720FFF7BBFB03466E
:1005E0001BB21B021CB20820FFF7B4FB03461BB270
:1005F00023431BB29BB200E0C8233B82FB7C002B51
:100600000FD00920FFF7A6FB03461BB21B021CB24A
:100610000A20FFF79FFB03461BB223431BB29BB28A
:1006200001E040F28A23FB81FB7C002B0FD00B20E2
:10063000FFF790FB03461BB21B021CB20C20FFF716
:1006400089FB03461BB223431BB29BB200E000238D
:10065000BB81FB7C002B0FD00D20FFF77BFB0346FB
:100660001BB21B021CB20E20FFF774FB03461BB229
:1006700023431BB29BB200E0C8237B81FB7C002B91
:100680000FD00F20FFF766FB03461BB21B021CB204
:100690001020FFF75FFB03461BB223431BB29BB244
:1006A00001E040F28A233B81FB7C002B0FD011201C
:1006B000FFF750FB03461BB21B021CB21220FFF7D0
:1006C00049FB03461BB223431BB29BB200E000234D
:1006D000FB80FB7C002B04D01320FFF73BFB034681
:1006E00000E00A237B71FB7C002B04D01420FFF771
:1006F00031FB034600E032233B71FB7C002B04D02E
:100700001620FFF727FB034600E005237B757B7D62
:10071000002B02D07B7D0A2B01D905237B75094B69
:10072000642283F86D20074B052283F86C20054B6B
:1007300000221A76034B4FF4A0725A8200233B75B5
:1007400023E000BF10640020387301084C730108D7
:10075000286B00203B7D3D4A1A3312F823100021FC
:1007600002F823109B0013445A7800225A703B7DF4
:10077000364A1A339B0013449A7800229A70DA782A
:100780000022DA703B7D01333B753B7D312BE1D993
:100790002F4B40F2DC525A832D4B00229A832C4B74
:1007A00000225A862A4B4FF4FA72DA83284B3222FF
:1007B0001A84274B40F226225A84254B3C229A84E5
:1007C000234B4FF41672DA84214B46221A85204BB4
:1007D00040F28A225A851E4B50229A851C4B4FF4B8
:1007E0002F72DA851A4B64221A86194A7B7F13709E
:1007F000174A3B8A5380164AFB899380144ABB8967
:10080000D380134A7B891381114A3B895381104A53
:10081000FB8893810E4A7B7993730D4A3B79D3739E
:100820000B4A7B7D13740A4A7B8B9382084A3B8B6D
:10083000D38200F00FF800F0EBF9AA210020FFF7B7
:10084000BBFA00BF2437BD4690BD00BF286B002017
:100850001064002080B500AFAE4B1B78DBB21946A8
:100860000620FFF7A9FAAB4B93F86D30DBB21946BF
:100870000120FFF7A1FAA74B93F86C30DBB21946C1
:100880000420FFF799FAA34B5B889BB21B0A9BB22B
:10089000DBB219460720FFF78FFA9E4B5B889BB2AD
:1008A000DBB219460820FFF787FA9A4B9B889BB268
:1008B0001B0A9BB2DBB219460920FFF77DFA954B64
:1008C0009B889BB2DBB219460A20FFF775FA914B61
:1008D000DB889BB21B0A9BB2DBB219460B20FFF7E9
:1008E0006BFA8C4BDB889BB2DBB219460C20FFF70E
:1008F00063FA884B1B899BB21B0A9BB2DBB2194679
:100900000D20FFF759FA834B1B899BB2DBB21946C6
:100910000E20FFF751FA7F4B5B899BB21B0A9BB2FB
:10092000DBB219460F20FFF747FA7A4B5B899BB27F
:10093000DBB219461020FFF73FFA764B9B899BB23A
:100940001B0A9BB2DBB219461120FFF735FA714B37
:100950009B899BB2DBB219461220FFF72DFA6D4B33
:1009600093F8AC32DBB219461E20FFF725FA694B2B
:100970009B7BDBB219461320FFF71EFA654BDB7B2E
:10098000DBB219461420FFF717FA624B1B7CDBB26F
:1009900019461620FFF710FA5E4B1B7EDBB2194694
:1009A0001520FFF709FA5C4BB3F854309BB2DBB269
:1009B00019461D20FFF700FA564B5B8A9BB21B0AB3
:1009C0009BB2DBB219461720FFF7F6F9514B5B8A51
:1009D0009BB2DBB219461820FFF7EEF94D4B9B8A0C
:1009E0009BB21B0A9BB2DBB219461920FFF7E4F950
:1009F000484B9B8A9BB2DBB219461A20FFF7DCF901
:100A0000444BDB8A9BB21B0A9BB2DBB219461B200C
:100A1000FFF7D2F93F4BDB8A9BB2DBB219461C20B1
:100A2000FFF7CAF93B4B5B8B9BB21B0A9BB2DBB255
:100A300019461F20FFF7C0F9364B5B8B9BB2DBB228
:100A400019462020FFF7B8F9324B9B8B9BB21B0A4B
:100A50009BB2DBB219462420FFF7AEF92D4B9B8BDE
:100A60009BB2DBB219462520FFF7A6F9294B5B8E16
:100A70009BB21B0A9BB2DBB219463A20FFF79CF9E6
:100A8000244B5B8E9BB2DBB219463B20FFF794F9F7
:100A9000204BDB8B9BB21B0A9BB2DBB21946262094
:100AA000FFF78AF91B4BDB8B9BB2DBB21946272081
:100AB000FFF782F9174B1B8C9BB21B0A9BB2DBB270
:100AC00019462820FFF778F9124B1B8C9BB2DBB23A
:100AD00019462920FFF770F90E4B5B8C9BB21B0A5D
:100AE0009BB2DBB219462A20FFF766F9094B5B8CF3
:100AF0009BB2DBB219462B20FFF75EF9054B9B8CAE
:100B00009BB21B0A9BB2DBB219462C20FFF754F9AB
:100B100004E000BF10640020286B00203B4B9B8C3E
:100B20009BB2DBB219462D20FFF746F9374BDB8C21
:100B30009BB21B0A9BB2DBB219462E20FFF73CF991
:100B4000324BDB8C9BB2DBB219462F20FFF734F916
:100B50002E4B1B8D9BB21B0A9BB2DBB21946302079
:100B6000FFF72AF9294B1B8D9BB2DBB219463120C6
:100B7000FFF722F9254B5B8D9BB21B0A9BB2DBB2C0
:100B800019463220FFF718F9204B5B8D9BB2DBB280
:100B900019463320FFF710F91C4B9B8D9BB21B0AA3
:100BA0009BB2DBB219463420FFF706F9174B9B8D39
:100BB0009BB2DBB219463520FFF7FEF8134BDB8DF5
:100BC0009BB21B0A9BB2DBB219463620FFF7F4F842
:100BD0000E4BDB8D9BB2DBB219463720FFF7ECF8EA
:100BE0000A4B1B8E9BB21B0A9BB2DBB21946382004
:100BF000FFF7E2F8054B1B8E9BB2DBB2194639209A
:100C0000FFF7DAF800F004F800BF80BD10640020A0
:100C100080B500AFC8220349C820FFF7FDF800BF28
:100C200080BD00BF906B002080B500AFC822034993
:100C3000C820FFF727F900BF80BD00BF906B0020E0
:100C400080B483B000AF03460A46FB801346BB80E6
:100C5000B7F90630002B0DDBB7F906307F2B09DC26
:100C6000B7F90430002B05DBB7F904303F2B01DC6A
:100C7000012300E0002303F00103DBB218460C3728
:100C8000BD465DF8047B704780B582B000AF034677
:100C9000FB800B46BB8013467B80B7F90420B7F975
:100CA000063011461846FFF7CBFF0346002B05D050
:100CB000FB88B9887A88184603F054F900BF0837D2
:100CC000BD4680BD90B587B000AF044608461146CA
:100CD0001A462346FB800346BB800B467B801346A7
:100CE0003B807B887B6100233B617B88C3F10103F0
:100CF000FB6097E07B699AB2FB8813449BB218B201
:100D00003B699AB2BB8813449BB21BB23A8819461E
:100D1000FFF7BAFF7B699BB2FA88D31A9BB218B26D
:100D20003B699AB2BB8813449BB21BB23A881946FE
:100D3000FFF7AAFF7B699AB2FB8813449BB218B2F3
:100D40003B699BB2BA88D31A9BB21BB23A88194648
:100D5000FFF79AFF7B699BB2FA88D31A9BB218B24D
:100D60003B699BB2BA88D31A9BB21BB23A88194628
:100D7000FFF78AFF3B699AB2FB8813449BB218B213
:100D80007B699AB2BB8813449BB21BB23A8819465E
:100D9000FFF77AFF3B699BB2FA88D31A9BB218B26D
:100DA0007B699AB2BB8813449BB21BB23A8819463E
:100DB000FFF76AFF3B699AB2FB8813449BB218B2F3
:100DC0007B699BB2BA88D31A9BB21BB23A88194688
:100DD000FFF75AFF3B699BB2FA88D31A9BB218B24D
:100DE0007B699BB2BA88D31A9BB21BB23A88194668
:100DF000FFF74AFF3B6901333B61FB68002B06DCD0
:100E00003B695B000133FA681344FB600AE07B69CD
:100E1000013B7B613A697B69D31A5B000133FA6855
:100E20001344FB607A693B699A42BFF663AF00BF27
:100E300000BF1C37BD4690BD90B585B000AF0446DD
:100E4000084611461A462346FB800346BB800B46E4
:100E50007B8013467B700023FB7315E0FB7B9BB20A
:100E60007A889A420DD3FB88013B98B2BB88013B3C
:100E700099B2FB7B9BB27A88D31A9AB23B8CFFF76C
:100E800021FFFB7B0133FB73FA7B7B789A42E5D32E
:100E900000BF00BF1437BD4690BD90B587B000AF0E
:100EA0000446084611461A462346FB800346BB808B
:100EB0000B467B8013463B807B887B6100233B6134
:100EC0007B88C3F10103FB60FB88013BFB80BB888F
:100ED000013BBB80B7F90630B7F904103A881846D1
:100EE000FFF7D2FE6FE07B699BB2FA88D31A9BB200
:100EF0007B811DE03B699AB2BB8813449BB219B257
:100F00003A88B7F90A301846FFF7BEFE3B699BB234
:100F1000BA88D31A9BB219B23A88B7F90A30184680
:100F2000FFF7B2FEB7F90A309BB201339BB27B8167
:100F3000B7F90A20F9887B690B449A42DADD3B69EC
:100F40009BB2FA88D31A9BB23B811DE07B699AB2AF
:100F5000BB8813449BB219B23A88B7F908301846D7
:100F6000FFF792FE7B699BB2BA88D31A9BB219B283
:100F70003A88B7F908301846FFF786FEB7F9083007
:100F80009BB201339BB23B81B7F90820F9883B69DA
:100F90000B449A42DADD3B6901333B61FB68002B6D
:100FA00006DC3B695B000133FA681344FB600AE02E
:100FB0007B69013B7B613A697B69D31A5B00013332
:100FC000FA681344FB607A693B699A428BDA00BF86
:100FD00000BF1C37BD4690BD80B500AF3422002154
:100FE000064805F0C3F8064B1B68184602F08CFF54
:100FF000B42002F099FF00BF80BD00BF586C0020F4
:10100000006D002080B500AF002003F01BF900BF89
:1010100080BD80B588B000AFBA601A460346FB8138
:101020000B46BB811346FB800023FB6140E0FA695D
:1010300013465B0013441A46BB6813441B7819041B
:10104000FA6913465B0013440133BA6813441B78F2
:101050001B021943FA6913465B0013440233BA6852
:1010600013441B780B437B610023BB611AE04FF4F0
:101070000002BB6942FA03F31A467B691340002B56
:101080000DD0BB699AB2FB89134498B2FB699AB23E
:10109000BB8913449BB2FA88194602F063FFBB690F
:1010A0000133BB61BB69122BE1DDFB690133FB61DD
:1010B000FB69122BBBDD00BF00BF2037BD4680BDE2
:1010C00080B588B000AFBA601A460346FB810B4674
:1010D000BB811346FB800023FB6135E0FB695B00AD
:1010E0001A46BB6813441B781BB21B021AB2FB6979
:1010F0005B000133B9680B441B781BB213431BB26E
:10110000FB820023BB6119E0FA8A4FF40041BB69FE
:1011100041FA03F31340002B0DD0BB699AB2FB894F
:10112000134498B2FB699AB2BB8913449BB2FA8804
:10113000194602F017FFBB690133BB61BB690F2B76
:10114000E2DDFB690133FB61FB690B2BC6DD00BFF0
:1011500000BF2037BD4680BD80B584B004AF0023FA
:101160000293012301934FF6FF7300933F237F22E5
:101170000121012003F062FA00230293012301936D
:101180004FF6FF7300932B237E222B21022003F0C6
:101190009BF900BFBD4680BD80B588B000AF034657
:1011A000FB808023FB824023BB820023FB6140E065
:1011B000B7F90630FA69D31A3B613B69002B35DD7C
:1011C000BB8A013B3A699A4230DA0123BB6128E0CD
:1011D000BB69002B00DA0733DB10FB60FB691A01E7
:1011E000FB681344174AD35CFB72FA7ABB6903F0BD
:1011F0000703802141FA03F31340002B14BF01239E
:101200000023BB72BB7A002B08D0BB699BB23A6942
:1012100091B24FF6FF72184602F0A4FEBB6901338B
:10122000BB61FB8A013BBA699A42D1DBFB6901339E
:10123000FB61BB8AFA699A42BADB00BF00BF203764
:10124000BD4680BD7C7E010890B58BB004AF0446DE
:10125000084611461A462346FB800346BB800B46D0
:101260007B8013463B80FA887B8813449CB2BA8803
:101270003B8813449BB2B988F8880022029201226D
:1012800001924FF6FF720092224603F0D7F93B8D90
:101290007A88023A03FB02F2BB8D92FBF3F3FB82E6
:1012A0007B885A1EFB8A9A4202DC7B88023BFB82C7
:1012B000FB8A002B28D0FA88FB8A13449BB20233A6
:1012C000BB827A88FB8813445A1EBB8A9A4205DC8B
:1012D0007A88FB8813449BB2023BBB82FB880233B3
:1012E00098B2BB88023399B2BA883B8813449BB248
:1012F000013B9BB2BA8A01240294012401944FF667
:10130000FF74009403F09AF9FA8A7B88023B9A42B0
:101310001DDAFA88FB8A13449BB2013398B2BB886A
:10132000013399B2FA887B8813449BB2013B9CB28B
:10133000BA883B8813449BB2013B9BB201220292C4
:101340000122019200220092224603F077F90A233B
:101350003B6126E07B88023B3A6902FB03F3154AB6
:1013600082FB03125211DB17D31A9AB2FB88134483
:101370009BB20133FB81BB88013399B2BA883B88A9
:1013800013449BB2023B9BB2FA89F8890024029471
:10139000012401940024009403F096F83B690A3379
:1013A0003B613B695A2BD5DD00BF00BF1C37BD46F2
:1013B00090BD00BF1F85EB5180B500AFFFF722FE47
:1013C000FFF7CAFE00BF80BD80B58CB004AF0346F6
:1013D000FB800B467B7113467B8001230293012324
:1013E000019300230093182363220421192003F0A2
:1013F00025F9FCF7D3FAB8610123FB777B88002B32
:1014000024D07B881E2B21D87B880A2B0FD8BA6961
:10141000604BA3FB02135B094FF4FA7101FB03F36A
:10142000D31A952B8CBF01230023FB770EE0BA69FA
:10143000584BA3FB02139B094FF47A7101FB03F392
:10144000D31AC72B8CBF01230023FB777B79002B9A
:1014500042D0FB7F002B34D07B88002B26D07A88AB
:1014600007F10C034C49184604F05EFE7B88B3F587
:101470007A7F0BD27B88632B06D87B88092B01D916
:101480002A2304E0302302E0242300E01E23FB751E
:10149000FB7D98B207F10C024FF6FF730193002316
:1014A00000933E4B082103F0F1F90AE04FF6FF7379
:1014B0000193002300933A4B3A4A0821242003F079
:1014C000E5F964230193642300930C2378221D2102
:1014D0000420FFF7B9FE59E0FB7F002B4CD0FB88BE
:1014E000642B01D96423FB80FA8807F108032E4995
:1014F000184604F019FE0023BB77FB88632B0ED936
:101500001923BB7707F108024FF6FF7301930023FD
:101510000093264B06211E2003F0B8F922E0FB8839
:10152000092B0ED91423BB7707F108024FF6FF737E
:101530000193002300931D4B0621282003F0A6F9F8
:1015400010E00A23BB77BB7F9BB2283398B207F128
:1015500008024FF6FF73019300230093134B0621FB
:1015600003F094F9BB7F9BB2373398B24FF6FF7309
:101570000F4A0A21FFF7A4FD64230193FB8800931F
:101580000C2378221D210420FFF75EFE00BF2037C8
:10159000BD4680BDD34D6210C06A01082C000020FA
:1015A00024000020C46A0108CC6A0108340000202D
:1015B0001474010880B58EB004AF87ED010A0123D1
:1015C000029301230193002300933C2341222D2108
:1015D000052003F033F8654B93F82C30002B15D021
:1015E000624B5B8D1A4607F114036149184604F0FB
:1015F0009BFD07F114024FF6FF7301930023009344
:101600005C4B2F21052003F041F9ACE0D7ED017AC6
:101610009FED597AF4EEC77AF1EE10FAC0F2968097
:10162000D7ED017A9FED557AF4EEC77AF1EE10FA14
:1016300000F28C80D7ED017AFCEEE77AC7ED007AF4
:101640003B7887F8273097F8273007EE903AF8EE86
:10165000E77A97ED017A77EE677AB2EE047A67EE71
:10166000877AB6EE007A77EE877AFCEEE77AC7EDF6
:10167000007A3B7887F8263097F82630092B07D96F
:1016800097F82730013387F82730002387F8263072
:1016900097F82730632B09D897F8272097F826303A
:1016A00007F10C00364904F03FFD07E097F82720CA
:1016B00007F10C033349184604F036FDD7ED017AE3
:1016C0009FED317AF4EEC77AF1EE10FA05DC2F4B7C
:1016D00093F8B032DBB2032B01D1012300E00023E9
:1016E00087F8243097F8243003F0010387F824307A
:1016F000012387F8253097F82430002B0ED0FCF713
:101700004DF90346224AA2FB03235B0903F00103C0
:10171000002B0CBF0123002387F8253097F82530D4
:10172000002B1FD007F10C024FF6FF73019300232B
:101730000093104B2F21052003F0A8F84FF6FF73FC
:10174000144A2C212020FFF7BBFC0BE04FF6FF735F
:10175000019300230093074B0F4A2F21052003F02C
:1017600095F800E000BF2837BD4680BD586C0020CA
:10177000C06A01081C000020000020C20000FA42DC
:10178000D06A0108CC6A0108000070421064002091
:10179000D34D62102C740108D86A010880B58CB052
:1017A00004AF0346FB80012302930123019300232E
:1017B00000933B237E222F21472002F03FFFFA882F
:1017C00007F10C030949184604F0AEFC07F10C02BE
:1017D0004FF6FF73019300230093054B2F21472001
:1017E00003F054F800BF2037BD4680BD046B0108EC
:1017F0001C00002080B586B004AF03460A46FB718A
:101800001346BB710123029301230193002300932C
:10181000272373220F21102002F010FFFB79002BE9
:101820001AD0BB79002B17D0002302930123019318
:101830004FF6FF730093262372221021112002F02D
:10184000FDFE4FF6FF73019300230093044B054AFE
:101850001421152003F01AF800BF0837BD4680BDDB
:10186000240000200C6B0108F0B59DB004AF0446C5
:10187000084611461A462346FB800346BB800B46AA
:10188000FB7013463B80FB8816339AB2BB88163335
:101890009BB2B988F88801240294012401940024A1
:1018A000009402F0CBFEFB880B33A7F85630BB88C0
:1018B0000B33A7F85430B7F85410B7F856004FF66A
:1018C000FF73009301230B22FFF7B6FAB7F8541009
:1018D000B7F856004FF6FF73009301230A22FFF773
:1018E000ABFA3B88002B09D0FB7807EE903AF8EE74
:1018F000E77AB2EE047A67EE877A01E0DFEDA27A4A
:10190000C7ED147A0023FB6521E2FB6D07EE903AE8
:10191000F8EEE77A9FED9D7A67EE877A97ED147A75
:1019200077EE277AC7ED137A4FF08043BB64984B6C
:101930007B64984B3B6497ED107AF0EE006AC7EE3B
:10194000267A97ED137A77EE677A9FED937A27EEF2
:10195000877ADFED926AC7EE267AC7ED0F7AD7ED68
:10196000107AF0EE006A87EEA67AD7ED137A77EE5A
:10197000277A9FED897A27EE877ADFED886AC7EEAE
:10198000267AC7ED0E7AB7F85660B86CEEF7CEFE41
:1019900004460D46F86BEEF7C9FE02460B4643ECD3
:1019A000102B03F001F853EC102B20462946EEF7DC
:1019B0002FFC02460B4610461946EEF797FF0346EA
:1019C00033447B63B7F85460B86CEEF7AFFE04465F
:1019D0000D46F86BEEF7AAFE02460B4643EC102BC1
:1019E00003F036F853EC102B20462946EEF710FC96
:1019F00002460B4610461946EEF778FF034633447D
:101A00003B63B7F85660B86CEEF790FE04460D469F
:101A1000B86BEEF78BFE02460B4643EC102B02F040
:101A2000C3FF53EC102B20462946EEF7F1FB02468C
:101A30000B4610461946EEF759FF03463344FB6246
:101A4000B7F85460B86CEEF771FE04460D46B86BFB
:101A5000EEF76CFE02460B4643EC102B02F0F8FF4B
:101A600053EC102B20462946EEF7D2FB02460B46DC
:101A700010461946EEF73AFF03463344BB62B7F807
:101A80005660786CEEF752FE04460D46F86BEEF7A2
:101A90004DFE02460B4643EC102B02F085FF53EC43
:101AA000102B20462946EEF7B3FB02460B461046A4
:101AB0001946EEF71BFF034633447B62B7F85460C8
:101AC000786CEEF733FE04460D46F86BEEF72EFE0B
:101AD00002460B4643EC102B02F0BAFF53EC102BDE
:101AE00020462946EEF794FB02460B46104619465F
:101AF000EEF7FCFE034633443B62B7F85660786C61
:101B0000EEF714FE04460D46B86BEEF70FFE0246E4
:101B10000B4643EC102B02F047FF53EC102B2046F2
:101B20002946EEF775FB02460B4610461946EEF7BE
:101B3000DDFE03463344FB61B7F85460786CEEF782
:101B4000F5FD04460D46B86BEEF7F0FD02460B4678
:101B500043EC102B02F07CFF53EC102B204629465F
:101B6000EEF756FB02460B4610461946EEF7BEFE50
:101B700003463344BB61D7ED127AB6EE007A77EEB6
:101B8000877AC7ED167AA2E0000000000000B44298
:101B90000000104100000C42D00F494000003443C7
:101BA000CDCC4C3FB7F85660B86DEEF7BFFD04469C
:101BB0000D46F86BEEF7BAFD02460B4643EC102BD0
:101BC00002F0F2FE53EC102B20462946EEF720FBE4
:101BD00002460B4610461946EEF788FE034633448C
:101BE0007B61B7F85460B86DEEF7A0FD04460D4672
:101BF000F86BEEF79BFD02460B4643EC102B02F010
:101C000027FF53EC102B20462946EEF701FB024636
:101C10000B4610461946EEF769FE034633443B6116
:101C2000B7F85660B86DEEF781FD04460D46B86B07
:101C3000EEF77CFD02460B4643EC102B02F0B4FE9F
:101C400053EC102B20462946EEF7E2FA02460B46EB
:101C500010461946EEF74AFE03463344FB60B7F8D8
:101C60005460B86DEEF762FD04460D46B86BEEF7B2
:101C70005DFD02460B4643EC102B02F0E9FE53ECEF
:101C8000102B20462946EEF7C3FA02460B461046B3
:101C90001946EEF72BFE03463344BB607B6998B2CE
:101CA0003B6999B2FB689AB2BB689BB2002402946C
:101CB000012401944FF6FF74009402F005FCD7ED67
:101CC000167A1FED497A77EE877AC7ED167A97ED87
:101CD000167AD7ED117AB4EEE77AF1EE10FA3FF505
:101CE00061AF7B6B98B23B6B99B27B6A9AB23B6AED
:101CF0009BB200240294012401944FF6FF740094D7
:101D000002F0E2FBFB6A98B2BB6A99B2FB699AB235
:101D1000BB699BB200240294012401944FF6FF7426
:101D2000009402F0D1FB7B6A98B23B6A99B2FB69DE
:101D30009AB2BB699BB200240294012401944FF62D
:101D4000FF74009402F0C0FBFB6D0133FB65FB6D7B
:101D5000032B7FF7DAADB7F85410B7F856004FF6FB
:101D6000FF730322FFF799F8B7F85410B7F856003D
:101D700000230222FFF791F8B7F85630013B9BB2DF
:101D800018B2B7F85430013B9BB21BB24FF6FF724A
:101D90001946FEF779FF00BF6437BD46F0BD00BFAE
:101DA00080B586B000AF78607B68002B01D100233E
:101DB0006FE07B6893F82D30002B03D17B68DB7BD1
:101DC000002B01D0002364E0FBF7E8FDF8604FF43E
:101DD000FA737B6101233B617B689B89002B29D0CF
:101DE0007B689B8941F65832934204D903233B61B7
:101DF00014237B611EE07B689B8941F270729342E1
:101E000004D902233B6132237B6113E07B689B8909
:101E1000B3F5965F04D902233B6164237B6109E03B
:101E20007B689B89B3F5486F02D964237B6101E02D
:101E300096237B617B68DB69FA68D31A7A699A42D8
:101E400026D87B689B89002B12D07B681B7E1A46A4
:101E50003B691A44D3081149A1FB03139B084FF4B3
:101E6000B47101FB03F3D31ADAB27B681A7602E08D
:101E70007B6800221A767B68FA68DA617B681A7ED2
:101E80007B689B8904216620FFF7EEFC012300E0BC
:101E9000002318461837BD4680BD00BF176CC11619
:101EA00090B587B004AF0346FB800B46BB8013465A
:101EB000FB70FB8813339AB2BB8813339BB2B9888B
:101EC000F88801240294012401940024009402F073
:101ED000B5FBFB7883F00103DBB2002B1CD1104B68
:101EE00093F82830002B0FD0FB88023398B2BB88C0
:101EF000023399B24FF6FF73019300230093094B0D
:101F0000094A02F0C3FC08E0B988F8884FF6FF736D
:101F1000064AFFF77EF800E000BF0C37BD4690BDD3
:101F2000586C002024000020186B0108447401083C
:101F300080B584B000AF78607B68002B66D000234A
:101F4000FB730023BB737B681B7A002B06D07B6876
:101F50009B89B3F5FA7F01D80123FB737B68D3ED2E
:101F6000007A9FED2C7AF4EEC77AF1EE10FA01DDDB
:101F70000123FB73284B93F8B032DBB2032B03D160
:101F80000123FB730123BB73FB7B002B09D07B6810
:101F90005B6A002B05D1FBF701FD02467B685A62A4
:101FA0001FE0FB7B83F00103DBB2002B07D07B68D3
:101FB0005B6A002B03D07B6800225A6211E0FB7B36
:101FC000002B0ED07B685B6A002B0AD0FBF7E6FC87
:101FD00002467B685B6AD31AB3F57A7F01D9012385
:101FE000BB737B6893F82030BA7B9A4203D17B683D
:101FF0001B7D002B0BD07B68BA7B83F82020BB7B3A
:102000001A4607210520FFF74BFF00E000BF1037FD
:10201000BD4680BD000070421064002080B588B0CD
:1020200004AF03460A46FB711346BB71FB7983F08C
:102030000103DBB2002B40F0EC800123029301236B
:102040000193002300933D2367220421192002F00D
:10205000F5FA00230293012301934FF6FF730093D7
:102060003D2367220421192002F0E8FA002302939D
:10207000012301934FF6FF7300933C236622052151
:102080001A2002F0DBFA4FF6FF730193002300934E
:10209000624B634A0821322002F0F8FB00230293CE
:1020A000012301934FF6FF7300931423622214213E
:1020B0001E2002F009FA1723FB732323BB732F237F
:1020C0007B73BB79002B35D1FB7B99B2FB7B9BB239
:1020D0000B339BB201220292012201924FF6FF7252
:1020E000009264221C2002F0A9FAFB7B99B2002323
:1020F00001934FF6FF730093484B4A4A1E2002F0AB
:10210000C5FBBB7B99B24FF6FF730193002300938D
:10211000424B454A1E2002F0B9FB7B7B99B24FF639
:10212000FF730193002300933C4B404A1E2002F0B2
:10213000ADFB6FE0BB79012B35D1FB7B99B24FF63C
:10214000FF73019300230093344B394A1E2002F0A1
:102150009DFBBB7B99B2BB7B9BB20B339BB2012235
:102160000292012201924FF6FF72009264221C201B
:1021700002F064FABB7B99B2002301934FF6FF7320
:102180000093264B2B4A1E2002F080FB7B7B99B2EA
:102190004FF6FF73019300230093204B234A1E2028
:1021A00002F074FB36E0FB7B99B24FF6FF730193AC
:1021B00000230093194B1E4A1E2002F067FBBB7BD5
:1021C00099B24FF6FF73019300230093134B164A05
:1021D0001E2002F05BFB7B7B99B27B7B9BB20B33B7
:1021E0009BB201220292012201924FF6FF720092ED
:1021F00064221C2002F022FA7B7B99B20023019317
:102200004FF6FF730093054B0B4A1E2002F03EFB76
:1022100000E000BF1037BD4680BD00BF1C0000209D
:102220001C6B0108246B0108306B0108386B010836
:10223000406B01084C6B0108546B010880B590B0ED
:1022400004AFFEF7DFFE00230293012301934FF654
:10225000FF7300933F237F220121012002F0EEF95A
:1022600007F1200000230093042301221F4903F0FB
:102270005BFF1F4B9B8A9BB21A461D4BDB8A9BB2AE
:1022800007F110001B4903F04FFF3B461A4A1B4958
:10229000184603F049FF1320FEF77EFF07F12002E6
:1022A0004FF6FF73019300230093154B182106206E
:1022B00002F0ECFA07F110024FF6FF7301930023CE
:1022C00000930F4B2521062002F0E0FA3A464FF624
:1022D000FF73019300230093094B3221062002F083
:1022E000D5FA00BF3037BD4680BD00BF5C6B01082A
:1022F00010640020706B0108806B01088C6B010872
:102300001C00002080B483B000AF0346FB7100BF07
:102310000C37BD465DF8047B70470000B0B584B053
:1023200000AF78607B68002B00F0B0810023FB7366
:102330007B6893F82F30002B26D07B681B7D002B09
:1023400008D1734B93F82F3083F00103DBB2002BDD
:1023500000F09E81FFF772FF7B6800221A7501234F
:10236000FB736C4B1B680021184601F0C8FC684ADF
:102370007B6814461D460FCD0FC40FCD0FC40FCD83
:102380000FC42B68236083E1614B1A7A7B681B7A48
:102390009A4215D15E4B93F830207B6893F8303029
:1023A0009A420DD15A4B5A8E7B685B8E9A4207D166
:1023B0007B685B8E002B18D07B685B8E1E2B14D83D
:1023C0007B6893F82D3083F00103DBB2002B0AD039
:1023D0007B681B7A18467B6893F830107B685B8EAD
:1023E0001A46FEF7F1FF0123FB73494B93ED007A88
:1023F0007B68D3ED007AB4EE677AF1EE10FA18D06C
:10240000434B93F82C3083F00103DBB2002B10D048
:102410007B6893F82D3083F00103DBB2002B06D0EC
:102420007B68D3ED007AB0EE670AFFF7C3F80123AB
:10243000FB73374B5A7A7B685B7A9A420ED07B6883
:1024400093F82D3083F00103DBB2002B04D07B68BE
:102450005B7A1846FFF7A2F90123FB737B68DB7BED
:10246000002B15D0FBF79AFA03462B4AA2FB032355
:102470001B0903F00103002B0CBF01230023BB73D6
:10248000BB7B19460120FFF7B5F90123FB731DE063
:102490001F4BDA7B7B68DB7B9A4206D00021002051
:1024A000FFF7A8F90123FB7310E07B68DB7B83F067
:1024B0000103DBB2002B09D0154BDB7B002B05D0D1
:1024C00000210020FFF796F90123FB73104B93F8CE
:1024D0002D207B6893F82D309A420CD17B6893F8BD
:1024E0002D30002B1FD00A4B93F82E207B6893F8D9
:1024F0002E309A4217D07B6893F82D30002B0DD0E8
:102500007B6893F82E3019460120FFF787FD08E01D
:10251000586C0020006D0020D34D62107B680122B2
:102520001A750123FB735C4B93F830207B6893F89A
:1025300030309A421BD07B6893F82D3083F0010332
:10254000DBB2002B13D07B681B7D83F00103DBB271
:10255000002B0CD0504B1A7A7B681B7A9A4206D11A
:102560007B6893F8303083F00103DBB2002B7B688B
:1025700093F82D3083F00103DBB2002B0FD0464BD4
:1025800093F82F30002B0AD07B6893F82F3083F01C
:102590000103DBB2002B02D07B6801221A757B6835
:1025A0001B7D002B4CD0FEF707FF7B681B7A18467B
:1025B0007B6893F830107B685B8E1A46FEF704FF49
:1025C0007B68D3ED007AB0EE670AFEF7F3FF7B6815
:1025D0005B7A1846FFF7E2F87B6800221A76FBF771
:1025E000DDF902467B68DA617B681A7E7B689B892D
:1025F00004216620FFF738F97868FFF799FC7B68BB
:1026000093F83030002B0AD07B6893F82D3083F09C
:102610000103DBB2002B02D00120FFF773FE7B68C1
:1026200093F82D30002B06D07B6893F82E30194696
:102630000120FFF7F3FC7B6800221A750123FB736E
:102640007868FFF7ADFB0346002B02D1FB7B002B24
:1026500001D0012300E00023FB737868FFF768FCDA
:10266000FB7B002B15D00D4B1B680021184601F099
:1026700046FB094A7B6814461D460FCD0FC40FCD9B
:102680000FC40FCD0FC42B68236002E000BF00E031
:1026900000BF1037BD46B0BD586C0020006D002053
:1026A00080B500AF482200210A4803F05FFD0A4BC5
:1026B000B3F854309BB2DAB2084B83F82120084BB0
:1026C0001B68184601F020FC002001F02DFC00BF23
:1026D00080BD00BF8C6C0020286B0020C4660020E9
:1026E000006D002080B500AF002001F01DFC00202F
:1026F00001F0A8FD00BF80BD80B588B000AFBA6012
:102700001A460346FB810B46BB811346FB80002320
:10271000FB6140E0FA6913465B0013441A46BB684C
:1027200013441B781904FA6913465B001344013300
:10273000BA6813441B781B021943FA6913465B00FD
:1027400013440233BA6813441B780B437B610023A4
:10275000BB611AE04FF40002BB6942FA03F31A4668
:102760007B691340002B0DD0BB699AB2FB891344DF
:1027700098B2FB699AB2BB8913449BB2FA88194696
:1027800001F0F0FBBB690133BB61BB69122BE1DDDA
:10279000FB690133FB61FB69122BBBDD00BF00BF8E
:1027A0002037BD4680BD80B588B000AFBA601A46FC
:1027B0000346FB810B46BB811346FB800023FB6174
:1027C00035E0FB695B001A46BB6813441B781BB2FB
:1027D0001B021AB2FB695B000133B9680B441B781A
:1027E0001BB213431BB2FB820023BB6119E0FA8AC0
:1027F0004FF40041BB6941FA03F31340002B0DD0A5
:10280000BB699AB2FB89134498B2FB699AB2BB893F
:1028100013449BB2FA88194601F0A4FBBB6901334B
:10282000BB61BB690F2BE2DDFB690133FB61FB6917
:102830000B2BC6DD00BF00BF2037BD4680BD80B575
:1028400084B004AF00230293012301934FF6FF737A
:1028500000933F237F220121012001F0EFFE00BF02
:10286000BD4680BD80B584B004AFFFF73BFFFFF7E6
:10287000E6FF00230293012301934FF6FF730093B9
:10288000302340220121402001F01EFE00BFBD4642
:1028900080BD80B400AF00BFBD465DF8047B7047CB
:1028A00090B58BB004AF0446084611461A4623463D
:1028B000FB800346BB800B467B8013463B8097F82A
:1028C0002C30002B7FD0FB88013398B2BB880133BA
:1028D00099B27B8801339AB23B8802339BB20124C0
:1028E0000294012401944FF6FF74009401F0A6FEB7
:1028F000FB88FB8210E0FA8A97F82830134403F033
:102900000203002B05D1B988FB8A0022184601F08A
:1029100029FBFB8A0133FB82FA8A7B889A42EAD937
:10292000FB88BB8215E0BA8A97F82830D31A5A423E
:1029300003F0030302F0030258BF5342012B05DCEE
:102940003988BB8A0022184601F00CFBBB8A013390
:10295000BB82BA8A7B889A42E5D9BB887B8215E024
:102960007A8A97F82830D31A5A4203F0030302F008
:10297000030258BF5342012B05DC798AFB880022F1
:10298000184601F0EFFA7B8A01337B827A8A3B8812
:102990009A42E5D9BB883B8210E03A8A97F8283002
:1029A000134403F00203002B05D1398A7B880022EF
:1029B000184601F0D7FA3B8A01333B823A8A3B88BA
:1029C0009A42EAD96DE0FB88FB8111E0FA8997F819
:1029D0002830134403F00203002B06D1B988FB8989
:1029E0004FF6FF72184601F0BDFAFB890133FB81F7
:1029F000FA897B889A42E9D9FB88BB8116E0BA89BB
:102A000097F82830D31A5A4203F0030302F0030266
:102A100058BF5342012B06DC3988BB894FF6FF7241
:102A2000184601F09FFABB890133BB81BA897B88C4
:102A30009A42E4D9BB887B8116E07A8997F82830DE
:102A4000D31A5A4203F0030302F0030258BF534261
:102A5000012B06DC7989FB884FF6FF72184601F0DE
:102A600081FA7B8901337B817A893B889A42E4D958
:102A7000BB883B8111E03A8997F82830134403F072
:102A80000203002B06D139897B884FF6FF72184666
:102A900001F068FA3B8901333B813A893B889A42CD
:102AA000E9D900BF1C37BD4690BD000090B5A9B064
:102AB00004AF87ED030AC7ED020A03460A46FB711D
:102AC0001346BB71D7ED037AFDEEE77A17EE903A25
:102AD000C7F88C30D7ED027AFDEEE77A17EE903A20
:102AE000C7F88830D7F88C30642B02DD6423C7F830
:102AF0008C30D7F88830642B02DD6423C7F8883027
:102B000007F15C03D7F88C20A549184603F00CFBAD
:102B100007F15003D7F88820A149184603F004FBB9
:102B2000A04B93F82130002B05D09E4B93F8213019
:102B3000013BDBB200E0002387F88730994B93F824
:102B40002130002B08D097F88730974A1A3332F893
:102B500023309BB2DBB200E0002387F88630914B34
:102B600093F82130002B09D097F887308E4A1A331A
:102B70009B0013445B889BB2DBB200E0002387F824
:102B8000853097F8862007F140038849184603F0FE
:102B9000CBFA97F8852007F130038549184603F0F2
:102BA000C3FA804B93F8313087F88430FB7903F017
:102BB0000103002B14BF0123002387F88330FB7926
:102BC00003F00203002B14BF0123002387F8823097
:102BD00097F88430002B29D097F88330002B0AD047
:102BE000704B5B7B0122019200932D233D22022139
:102BF0000220FFF755FE97F88230002B0AD0694B70
:102C00005B7B0122019200932D237C220221412033
:102C1000FFF746FE97F88330002B03D197F88230F8
:102C2000002B27D05F4B01221A7623E097F88330E0
:102C3000002B0DD05B4B5B7B0022019200932D2378
:102C40003D2202210220FFF72BFE564B01221A766D
:102C500097F88230002B0DD0524B5B7B0022019203
:102C600000932D237C2202214120FFF719FE4D4BBA
:102C700001221A7697F88430002B05D097F883301C
:102C8000002B01D0012300E0002387F8813097F862
:102C9000813003F0010387F8813097F88430002BEE
:102CA00005D097F88230002B01D0012300E00023EB
:102CB00087F8803097F8803003F0010387F8803080
:102CC00097F88130002B01D0002301E04FF6FF730D
:102CD000A7F87E3097F88130002B02D04FF6FF73B3
:102CE00000E00023A7F87C3097F88030002B01D05B
:102CF000002301E04FF6FF73A7F87A3097F8803091
:102D0000002B02D04FF6FF7300E00023A7F87830C5
:102D100007F14002B7F87E300193B7F87C3000939A
:102D2000244B0521052001F0B1FDD7F88C30632B31
:102D3000CCBF0123002387F8773097F87730002B3A
:102D400001D0042306E0D7F88C30092B01DC1523D1
:102D500000E00A233B673B6F98B297F87730002B6F
:102D600001D0172100E0152197F87730002B01D012
:102D7000114C00E0114C07F15C02B7F87E30019372
:102D8000B7F87C300093234601F080FD97F8773048
:102D900083F00103DBB2002B12D03B6F9CB211E039
:102DA000946B0108C4660020286B0020986B010812
:102DB000A06B01081C0000202C0000203400002023
:102DC0004FF6FE7407F15C031846EDF74DFF03461E
:102DD0009BB21B019BB223449BB2013B98B2B7F854
:102DE0007E304E4A1B21FFF7DEFC07F13002B7F8B8
:102DF0007A300193B7F878300093494B052144208D
:102E000001F044FDD7F88830632BCCBF01230023A9
:102E100087F86F3097F86F30002B01D0432306E01E
:102E2000D7F88830092B01DC542300E04A23BB6625
:102E3000BB6E98B297F86F30002B01D0172100E0DD
:102E4000152197F86F30002B01D0364C00E0364C3E
:102E500007F15002B7F87A300193B7F87830009351
:102E6000234601F013FD97F86F3083F00103DBB2C6
:102E7000002B02D0BB6E9CB200E03D2407F1500352
:102E80001846EDF7F1FE03469BB21B019BB22344AB
:102E90009BB2013B98B2B7F87A30204A1B21FFF76A
:102EA00082FC00230293012301934FF6FF730093EA
:102EB00030237D223021022001F006FB1B4B93F8CA
:102EC00026301A4607F110031949184603F02CF969
:102ED00007F110024FF6FF73019300230093104B8C
:102EE0003221042001F0D2FC104B93F821301A4615
:102EF00007F110030F49184603F016F907F1100205
:102F00004FF6FF73019300230093054B32214A20B3
:102F100001F0BCFC00BF9437BD4690BD147401089D
:102F20001C0000202C00002034000020C46600207B
:102F3000A86B0108B06B010880B59EB004AF0346D2
:102F40000A46FB711346BB71FFF7CCFBFFF777FC1A
:102F500000237B66FB79012B07D9FB79013B7B665C
:102F60007B6E2E2B01DD2E237B6600230293012333
:102F700001934FF6FF7300933D237E2202217A20B6
:102F800001F05CFBFA791346DB009B1ADB009B1A0D
:102F90007A4A82FB03121211DB17D31A0233FB6544
:102FA000FB6D99B2FB6D9BB204339BB2012202927E
:102FB000012201924FF6FF7200927D227B2001F0E8
:102FC0003DFB00233B66D0E07A6E3B6E1344BB654D
:102FD000BB6D312B01DD00BFCBE0694ABB6D1A33FD
:102FE00032F823309BB287F85730654ABB6D1A33ED
:102FF0009B0013445B889BB287F85630BB6D5A1C0C
:10300000BB799A4201D12A2200E02022BB6D013314
:1030100007F138005B4903F087F897F8572007F16C
:1030200030035949184603F07FF897F8562007F106
:1030300028035549184603F077F83A6E13461B01EA
:103040009B1A02333B65FB79BA6D9A4270D13B6D96
:103050009BB2013B99B23B6D9BB20D339BB20122F7
:103060000292012201924FF6FF7200927822022012
:1030700001F0E4FA3B6D99B207F1380200230193A5
:103080004FF6FF730093414B042001F0FFFB404BD0
:1030900093F82530012B0FD13B6D9BB2013B99B2C8
:1030A00007F130024FF6FF73019300230093374B73
:1030B000412001F0EBFB0CE03B6D99B207F13002CF
:1030C000002301934FF6FF730093304B412001F032
:1030D000DDFB3B6D99B2002301934FF6FF73009324
:1030E0002A4B2C4A562001F0D1FB294B93F825306E
:1030F000022B0FD13B6D9BB2013B99B207F1280225
:103100004FF6FF73019300230093204B5F2001F0E3
:10311000BDFB27E03B6D99B207F128020023019324
:103120004FF6FF730093194B5F2001F0AFFB19E0DE
:1031300097F8571097F8563007F1380207F1080052
:1031400000930B46144902F0EFFF3B6D99B207F173
:1031500008024FF6FF730193002300930B4B0420EA
:1031600001F094FB3B6E01333B663B6E032B7FF714
:103170002BAF00BF6837BD4680BD00BF9D8297530F
:10318000286B0020BC6B0108CC6B01081C000020E0
:10319000C4660020D06B0108D46B010880B5C4B0B0
:1031A00004AF024607F58073A3F5807319601346D8
:1031B000FB71FFF797FAFFF742FB07F58073A3F562
:1031C00080731B681B781A4607F10C039349184655
:1031D00002F0AAFF07F58073A3F580731B685B8874
:1031E0001A4607F10C0320338D49184602F09CFF64
:1031F00007F58073A3F580731B68DB881A4607F117
:103200000C0340338749184602F08EFF07F58073A0
:10321000A3F580731B689B881A4607F10C03603383
:103220008149184602F080FF07F58073A3F580738B
:103230001B681B891A4607F10C0380337B4918462B
:1032400002F072FF07F58073A3F580731B68DB7AC9
:10325000002B01D0764A00E0764A07F10C03A03338
:103260007549184602F060FF07F10C03C03373493B
:10327000184602F059FF0023C7F8FC30FB79012BF8
:103280000AD9FB79013BC7F8FC30D7F8FC30052B95
:1032900002DD0523C7F8FC300023029301230193CC
:1032A0004FF6FF7300933D237E2202217A2001F026
:1032B000C5F9FA791346DB009B1ADB009B1A604ABA
:1032C00082FB03121A449210DB17D31A0133C7F89A
:1032D000F430D7F8F43099B2D7F8F4309BB2053314
:1032E0009BB201220292012201924FF6FF720092DC
:1032F0007D227B2001F0A2F90023C7F8F83081E09D
:10330000D7F8FC20D7F8F8301344C7F8F030D7F8D6
:10331000F030062B7CDCD7F8F82013461B019B1AF3
:103320000233C7F8EC30FB79D7F8F0209A4252D13B
:10333000444B93F82330002B15D0D7F8EC309BB2D8
:10334000013B99B2D7F8EC309BB20D339BB200220F
:103350000292012201924FF6FF720092782202201F
:1033600001F06CF914E0D7F8EC309BB2013B99B254
:10337000D7F8EC309BB20D339BB2012202920122AE
:1033800001924FF6FF7200927822022001F056F966
:10339000D7F8EC3099B207F10C02D7F8F0305B01A6
:1033A000D018284B93F82330002B01D0002301E0E4
:1033B0004FF6FF73234A92F82320002A02D04FF6DB
:1033C000FF7200E00022019200931F4B024604208E
:1033D00001F05CFA11E0D7F8EC3099B207F10C0279
:1033E000D7F8F0305B011A444FF6FF7301930023C6
:1033F0000093154B042001F049FAD7F8F830013357
:10340000C7F8F830D7F8F830032B7FF779AF00E032
:1034100000BF00BF07F58077BD4680BDE06B0108A7
:10342000E86B0108F46B0108006C01080C6C0108E2
:10343000186C01081C6C0108206C01082C6C010838
:1034400093244992C46600201C00002080B590B0EF
:1034500004AFFFF747F9FFF7F2F907F12000002367
:103460000093042301222A4902F05EFE294B9B8A25
:103470009BB21A46274BDB8A9BB207F11000264904
:1034800002F052FE3B46254A2549184602F04CFE02
:103490004FF6FF73019300230093224B224A05212C
:1034A0000E2001F0F3F907F120024FF6FF730193AC
:1034B000002300931B4B1421042001F0E7F907F1CE
:1034C00010024FF6FF73019300230093154B212147
:1034D000042001F0DBF93A464FF6FF730193002315
:1034E0000093104B2E21042001F0D0F90023029309
:1034F000012301934FF6FF7300933A237D223A2173
:10350000022000F0E1FF00BF3037BD4680BD00BFA4
:10351000346C010810640020486C0108586C0108E4
:10352000646C01081C0000206C6C010880B586B03A
:1035300004AF03460A46FB711346BB71FB79002BAF
:103540001AD0BB79002B17D00023029301230193DB
:103550004FF6FF730093262361221021212001F0F2
:103560006DF84FF6FF73019300230093044B054A57
:1035700014212A2001F08AF900BF0837BD4680BD1A
:1035800024000020886C010880B582B000AF03469B
:10359000FB800B46BB801346FB70FB7883F0010376
:1035A000DBB2002B07D1B988F8884FF6FF73044AC5
:1035B000FFF7A2F800E000BF0837BD4680BD00BF9E
:1035C0004474010880B584B000AF78607B68002B3C
:1035D00055D00023FB730023BB732B4B93F8B03201
:1035E000DBB2032B03D10123FB730123BB73FB7BF2
:1035F000002B09D07B68DB69002B05D1FAF7CEF9E7
:1036000002467B68DA611FE0FB7B83F00103DBB2DB
:10361000002B07D07B68DB69002B03D07B6800227E
:10362000DA6111E0FB7B002B0ED07B68DB69002B9D
:103630000AD0FAF7B3F902467B68DB69D31AB3F50F
:103640007A7F01D90123BB737B685B7EBA7B9A4288
:1036500003D17B681B7E002B12D07B685B7EBA7B1C
:103660009A4202D07B6801221A767B68BA7B5A762E
:10367000BB7B1A4607210520FFF786FF00E000BF4D
:103680001037BD4680BD00BF1064002080B584B0F7
:1036900000AF78607B68002B00F075810023FB731E
:1036A0007B681B78002B54D17B681B7E002B36D1A6
:1036B000A24B1B78002B32D1A04B93ED017A7B6893
:1036C000D3ED017AB4EE677AF1EE10FA27D19B4B75
:1036D00093ED027A7B68D3ED027AB4EE677AF1EE6D
:1036E00010FA1CD1954B1A7B7B681B7B9A4216D132
:1036F000924B9A7B7B689B7B9A4210D18F4B93F8BD
:1037000031207B6893F831309A4208D18B4B93F883
:1037100021207B6893F821309A4200F0F4807B6886
:1037200000221A76FFF79EF87B68D3ED017A7B685A
:1037300093ED027A7B681A7B7B689B7B1946104667
:10374000F0EE470AB0EE670AFFF7B0F90123FB730A
:10375000D9E07B681B78012B38D17B6893F8303037
:10376000002B0AD07B6893F82530002B05D17B68AD
:10377000002283F83020FDF76DF87B681B7E002B5C
:1037800014D16E4B1B78012B10D16C4B93F8202079
:103790007B6893F820309A4208D1684B93F8212037
:1037A0007B6893F821309A4200F0AD807B6800225C
:1037B0001A767B6893F820207B6893F821301946AD
:1037C0001046FFF7B9FB0123FB739CE07B681B7875
:1037D000022B40F08580594B93F826207B6893F8A4
:1037E00026309A4227D1554B1A8D7B681B8D9A4201
:1037F00021D1524B9A8D7B689B8D9A421BD14F4BA6
:103800005A8D7B685B8D9A4215D14C4BDA8D7B6863
:10381000DB8D9A420FD1494B93F821207B6893F8B6
:1038200021309A4207D1454B93F831207B6893F8B9
:1038300031309A4201D0012300E00023BB73BB7BEF
:1038400003F00103BB73BB7B002B0CD07B6893F8A8
:10385000243083F00103DBB2002B04D07B6801220B
:1038600083F8242012E07B6893F8233083F001036F
:10387000DBB2002B0AD07B6893F82430002B05D0F4
:103880007B68002283F82420FCF7E4FF7B681B7E22
:10389000002B16D1294B1B78022B12D1274B93F802
:1038A00022207B6893F822309A420AD1234B93F866
:1038B00031207B6893F831309A4202D1BB7B002BD8
:1038C00021D07B6800221A767B6893F822207B68DF
:1038D000263319461046FFF761FC0123FB7312E003
:1038E0007B681B78032B0ED17B681B7E002B03D1DA
:1038F000124B1B78032B06D07B6800221A76FFF749
:10390000A5FD0123FB737B681B7C002B1AD0FAF703
:1039100045F803460A4AA2FB03231B0903F00103EF
:10392000002B0CBF012300237B737B7B19460120F6
:10393000FFF7FCFD0123FB7310E000BF8C6C00203F
:10394000D34D6210124B1A7C7B681B7C9A4205D0C7
:1039500000210020FFF7EAFD0123FB737868FFF7E1
:1039600031FEFB7B002B0FD00A4B1B68B42118469D
:1039700000F0C5F9064A7B681046194648231A46E6
:1039800002F096FC00E000BF1037BD4680BD00BFCE
:103990008C6C0020006D002080B400AF034B1B68CE
:1039A0001846BD465DF8047B704700BFD46C00200C
:1039B00080B400AF054B00221A60054B00221A604C
:1039C00000BFBD465DF8047B704700BFD46C00208B
:1039D000D86C002080B500AF0A20F0F7F7FE094B45
:1039E00000221A60084B00221A60084B00221A704D
:1039F000F9F7D4FF0346064A1360064B00221A600B
:103A000000BF80BDD46C0020D86C0020DC6C00208E
:103A1000E06C0020E46C002080B483B000AF7860DC
:103A2000044A7B68136000BF0C37BD465DF8047B19
:103A3000704700BFD46C002080B483B000AF034651
:103A4000FB71044AFB79137000BF0C37BD465DF86B
:103A5000047B7047DC6C002080B483B000AF7860DA
:103A6000044A7B68136000BF0C37BD465DF8047BD9
:103A7000704700BFE06C002080B483B000AF786076
:103A8000054B1A687B681344034A136000BF0C3768
:103A9000BD465DF8047B7047E46C002080B500AF44
:103AA000012208210B48F0F763F8642000F0CAF9FE
:103AB000002208210748F0F75BF8642000F0C2F903
:103AC000012208210348F0F753F8642000F0BAF906
:103AD00000BF80BD0004024080B582B000AF034645
:103AE000FB71002204210B48F0F742F800224FF44A
:103AF00000410948F0F73CF8FB79184600F090F9CE
:103B000001224FF400410448F0F732F800BF0837B3
:103B1000BD4680BD000C02400000024080B582B06E
:103B200000AF0346FB71012204210B48F0F720F897
:103B300000224FF400410948F0F71AF8FB791846C3
:103B400000F06EF901224FF400410448F0F710F83C
:103B500000BF0837BD4680BD000C02400000024097
:103B600080B500AFAE20FFF7B7FF0020FFF7B4FF2E
:103B70001020FFF7B1FFB020FFF7AEFFDC20FFF70A
:103B8000ABFF0020FFF7A8FF8120FFF7A5FF6F2004
:103B9000FFF7A2FF2120FFF79FFFA020FFF79CFF68
:103BA000C020FFF799FFA420FFF796FFA620FFF79C
:103BB00093FFA820FFF790FF3F20FFF78DFFD32052
:103BC000FFF78AFF6020FFF787FFD520FFF784FF0C
:103BD0004120FFF781FFD920FFF77EFF2220FFF76A
:103BE0007BFFDB20FFF778FF3520FFF775FFAD2067
:103BF000FFF772FF8A20FFF76FFF00BF80BD80B51F
:103C000000AFFFF74BFFFFF7ABFFC82000F01AF93A
:103C1000AF20FFF761FF00BF80BD80B584B000AF6B
:103C200010237B8140233B81B020FFF755FF002309
:103C3000FB8124E0FB89C3F13F03FB80FB88DBB2FF
:103C400003F00F03DBB21846FFF746FFFB881B09A2
:103C50009BB2DBB21033DBB21846FFF73DFF002307
:103C6000BB8105E00020FFF759FFBB890133BB8111
:103C7000BA897B899A42F5D3FB890133FB81FA89A2
:103C80003B899A42D6D300BF00BF1037BD4680BDE6
:103C900080B483B000AF0346FB7197F907305B0037
:103CA0005BB223F055035AB2FB795B105BB203F0B1
:103CB00055035BB213435BB2FB7197F907309B006E
:103CC0005BB223F033035AB2FB799B105BB203F073
:103CD00033035BB213435BB2FB7197F907301B01EF
:103CE0005AB2FB791B09DBB25BB213435BB2FB71C7
:103CF000FB7918460C37BD465DF8047B704780B5EC
:103D000086B000AF78600B467B8010233B82402357
:103D1000FB81B020FFF7E0FE0023FB826FE07B8891
:103D2000B42B33D1FB8ABB81BB89DBB203F00F0319
:103D3000DBB21846FFF7D0FEBB891B099BB2DBB292
:103D40001033DBB21846FFF7C7FE0023BB8218E032
:103D50003A8ABB8AD31A9BB2013B3B813A89FB8AE0
:103D6000398A01FB03F313441A467B6813441B781A
:103D70007B817B89DBB21846FFF7D0FEBB8A01331B
:103D8000BB82BA8A3B8A9A42E2D335E0FB8AC3F10E
:103D90003F03BB81BB89DBB203F00F03DBB21846E4
:103DA000FFF79AFEBB891B099BB2DBB21033DBB273
:103DB0001846FFF791FE00237B8219E07A8AFB8A7E
:103DC000398A01FB03F313441A467B6813441B78BA
:103DD0007B817B89DBB21846FFF75AFF03467B8164
:103DE0007B89DBB21846FFF799FE7B8A01337B8221
:103DF0007A8A3B8A9A42E1D3FB8A0133FB82FA8AB0
:103E0000FB899A428BD300BF00BF1837BD4680BDE7
:103E100080B400AF00231846BD465DF8047B7047B0
:103E200080B582B000AF0346FB71F91D0A23012261
:103E30000348F0F78EFE002318460837BD4680BDC4
:103E40008468002080B582B000AF78607868F0F7B1
:103E5000BDFC00BF0837BD4680BD000080B485B002
:103E600000AFF860084611461A4603467B810B46B0
:103E70003B811346FB80234B00221A60214AFB68DA
:103E80001360204A7B8913811E4A3B8953811D4A56
:103E90003B8B93811B4B0222DA827B8903F0070361
:103EA0009BB2002B03D17B89DB089BB204E07B89AA
:103EB000DB089BB201339BB2124A5382114A3B8901
:103EC0009382104AFB88D3810E4B00221A82FB8812
:103ED000002B02D0FB88B42B06D10A4A7B89938041
:103EE000084A3B89D38006E0064A3B899380054A0D
:103EF0007B89D38000BF00BF1437BD465DF8047BCB
:103F0000704700BFE86C002080B483B000AF7860D9
:103F1000044A7B68136000BF0C37BD465DF8047B24
:103F2000704700BFE86C002080B483B000AF034648
:103F3000FB80FB88002B09D0FB885A2B06D0FB881E
:103F4000B42B03D0FB88B3F5877F02D1044AFB88EA
:103F5000D38100BF0C37BD465DF8047B704700BFBE
:103F6000E86C002080B48BB000AF0346FB800B46AA
:103F7000BB8013467B809B4B9B88FA889A4200F259
:103F80005281984BDB88BA889A4200F24C81954B5B
:103F9000DB89B3F5877F2BD0B3F5877F00F34581AD
:103FA000B42B16D0B42B00F34081002B02D05A2B37
:103FB00005D03AE1FB88FB84BB88BB8422E0894BB7
:103FC0001A89BB88D31A9BB2013BFB84FB88BB8454
:103FD00018E0844B1A89FB88D31A9BB2013BFB84FF
:103FE000804B5A89BB88D31A9BB2013BBB8409E042
:103FF000BB88FB847B4B5A89FB88D31A9BB2013B5D
:10400000BB8400BF774B1B8A032B00F2108101A2F7
:1040100052F823F0634001082540010835400108AB
:10402000454001086F4B1A89FB8CD31A9BB2013BA8
:10403000FB8417E06B4B5A89BB8CD31A9BB2013BB4
:10404000BB840FE0674B1A89FB8CD31A9BB2013BF0
:10405000FB84644B5A89BB8CD31A9BB2013BBB8453
:1040600000E000BF5F4B1B89FA8C9A4200F2E180AE
:104070005C4B5B89BA8C9A4200F2DB80594BDB8A3D
:10408000022B38D1FB8CDB089BB21946BB8C554AFE
:10409000528A02FB03F30B44FB60524B1A68FB6825
:1040A00013441B78FB727B88002B12D1FB8C03F02E
:1040B00007036FF0800242FA03F35AB297F90B300C
:1040C000134059B2474B1A68FB681344CAB21A70BE
:1040D000B0E0FB8C03F00703802242FA03F35AB2EC
:1040E00097F90B30134359B23E4B1A68FB681344DF
:1040F000CAB21A709EE03B4BDB8A042B36D1FB8C94
:104100009B089BB21946BB8C364A528A02FB03F3CA
:104110000B447B617B8803F003037B80314B1A687F
:104120007B6913441B78FB74FB8C03F003035B0077
:104130006FF0C00242FA03F35AB297F913301340FA
:104140005BB2FB747B889A01FB8C03F003035B007A
:1041500042FA03F35AB297F91330134359B2214B81
:104160001A687B691344CAB21A7063E01D4BDB8A7C
:10417000102B39D1FB8C5B089BB21946BB8C194ABA
:10418000528A02FB03F30B44FB61164B1A68FB696E
:1041900013441B78FB767B8803F00F037B80FB8C3A
:1041A00003F001039B006FF0F00242FA03F35AB2EE
:1041B00097F91B3013405BB2FB767B881A01FB8CAE
:1041C00003F001039B0042FA03F35AB297F91B3044
:1041D000134359B2034B1A68FB691344CAB21A70ED
:1041E00028E000BFE86C0020154BDB8A412B21D171
:1041F000FB8C5A00BB8C1249498A01FB03F3134420
:104200003B627B881B0A99B20D4B1A683B6A1344C8
:10421000CAB21A700A4B1A683B6A013313447A888F
:10422000D2B21A7006E000BF04E000BF02E000BF97
:1042300000E000BF2C37BD465DF8047B704700BF2F
:10424000E86C002080B489B000AF0346FB80524B7D
:10425000DB8A022B03D0504BDB8A042B25D10023B1
:10426000FB831CE00023BB8311E0BA8BFB8B4A4924
:10427000498A01FB03F31344BB60474B1A68BB68D0
:104280001344FA88D2B21A70BB8B0133BB83424B02
:104290005B8ABA8B9A42E8D3FB8B0133FB833E4B9C
:1042A0009B8AFA8B9A42DDD36FE03B4BDB8A102B63
:1042B00030D100237B8327E000233B831CE03A8B33
:1042C0007B8B3549498A01FB03F31344FB60FB8870
:1042D00003F00F03FB80FB885BB21B015AB2FB8823
:1042E0005BB2134359B22C4B1A68FB681344CAB231
:1042F0001A703B8B01333B83274B5B8A3A8B9A4284
:10430000DDD37B8B01337B83234B9B8A7A8B9A4251
:10431000D2D33AE0204BDB8A412B36D10023FB82FB
:104320002DE00023BB8222E0BB8A5A00FB8A1A4997
:10433000498A01FB03F313443B61FB881B0A9BB2D0
:10434000DAB2154B19683B690B4402F00F02D2B286
:104350001A70FB88DAB2104B19683B6901330B44C1
:1043600002F00F02D2B21A70BB8A0133BB820A4B31
:104370005B8ABA8A9A42D7D3FB8A0133FB82064B07
:104380009B8AFA8A9A42CCD3FFE700BF2437BD4606
:104390005DF8047B704700BFE86C002090B585B0E5
:1043A00000AF0446084611461A462346FB800346E2
:1043B000BB800B467B8013467B70424B9B88FA8800
:1043C0009A427AD83F4BDB88BA889A4275D897F8D8
:1043D0002030012B44D10023FB8139E00023BB8135
:1043E00029E0FA88B7F90E301A447B78D31A002BEB
:1043F00028DBBA88B7F90C301A447B78D31A002B23
:1044000020DBFA89FB8813449AB27B789BB2D31ADB
:1044100098B2BA89BB8813449AB27B789BB2D31AFC
:104420009BB27A881946FFF79DFDB7F90C309BB215
:1044300001339BB2BB81B7F90C207B785B00013B59
:104440009A42CEDBB7F90E309BB201339BB2FB81AF
:10445000B7F90E207B785B00013B9A42BEDB2DE072
:104460000023FB8123E00023BB8115E0FA89FB8850
:1044700013449BB2013B98B2BA89BB8813449BB2E8
:10448000013B9BB27A881946FFF76CFDB7F90C30F7
:104490009BB201339BB2BB81B7F90C207B789A4267
:1044A000E4DBB7F90E309BB201339BB2FB81B7F965
:1044B0000E207B789A42D6DB00E000BF1437BD4661
:1044C00090BD00BFE86C002090B58DB002AF0446EF
:1044D000084611461A462346FB800346BB800B461E
:1044E0007B8013463B80534B9B88FA889A4200F2AC
:1044F0009880504BDB88BA889A4200F292804D4BEC
:104500009B887A889A4200F28C804A4BDB883A88F2
:104510009A4200F28680FB88FB84BB88BB847A8841
:10452000FB88D31A002BB8BF5B42BB613A88BB88BB
:10453000D31A002BB8BF5B425B427B61FA887B8851
:104540009A4201D2012301E04FF0FF333B61BA8868
:104550003B889A4201D2012301E04FF0FF33FB6018
:10456000BA697B6913443B620023FB77FB7F01330D
:10457000FB7797F84030012B25D1FA7F2E4BA3FB18
:10458000021359080B465B000B44D31ADBB2002B15
:1045900019D13B8F002B09D097F83C30B98CF88C9F
:1045A000012200920022FFF7F9FE09E097F83C3063
:1045B000B98CF88C012200924FF6FF72FFF7EEFEE5
:1045C0000023FB7708E097F83C303A8FB98CF88CE1
:1045D00001240094FFF7E2FE3B6A5B007A699A428D
:1045E0000CDCFA8C7B889A421DD03A6A7B691344B2
:1045F0003B623B699AB2FB8C1344FB843B6A5B00D1
:10460000BA699A42B2DBBA8C3B889A420DD03A6AB8
:10461000BB6913443B62FB689AB2BB8C1344BB84F6
:10462000A4E700BF02E000BF00E000BF2C37BD469A
:1046300090BD00BFE86C0020ABAAAAAA90B589B0D3
:1046400004AF0446084611461A462346FB8003463B
:10465000BB800B467B8013463B80374B9B88FA8898
:104660009A4264D8344BDB88BA889A425FD8324B7E
:104670009B887A889A425AD82F4BDB883A889A428C
:1046800055D897F82830002B18D0BB88FB8110E054
:10469000FC897A88F989F8880023029397F82430F6
:1046A00001933B8C00932346FFF70EFFFB890133F8
:1046B000FB81FA893B889A42EAD339E0BC887A8840
:1046C000B988F8880023029397F8243001933B8C33
:1046D00000932346FFF7F8FE3C88FA88B988F888EB
:1046E0000023029397F8243001933B8C00932346D8
:1046F000FFF7EAFEBC887A8839887888002302931D
:1047000097F8243001933B8C00932346FFF7DCFE9F
:104710003C88FA88398878880023029397F82430F7
:1047200001933B8C00932346FFF7CEFE00E000BFD1
:104730001437BD4690BD00BFE86C002080B588B03E
:1047400000AF7B600346FB810B46BB811346FB72C7
:104750004D4B9B88FA899A4200F291804A4BDB8844
:10476000BA899A4200F28B80FB7A203B7A68D28821
:1047700002FB03F37A689288D20892B211467A68F3
:10478000928802F0070292B2002A14BF012200228E
:10479000D2B20A4402FB03F37B617B681A687B692F
:1047A0001344BB610023FB8363E00023BB834EE023
:1047B000BB8D4FF6FF72934218D1BB691B78194627
:1047C000BB8B03F00703802242FA03F30B40002B5C
:1047D00031D0FA89BB8B134498B2BA89FB8B13444E
:1047E0009BB23A8D1946FFF7BDFB24E0BB691B78ED
:1047F0001946BB8B03F00703802242FA03F30B40F8
:10480000002B0CD0FA89BB8B134498B2BA89FB8B6E
:1048100013449BB23A8D1946FFF7A4FB0BE0FA89CB
:10482000BB8B134498B2BA89FB8B13449BB2BA8DED
:104830001946FFF797FBBB8B03F007039BB2072BCF
:1048400002D1BB690133BB61BB8B0133BB837B6886
:104850009B88BA8B9A42ABD37B689B8803F0070393
:104860009BB2002B02D0BB690133BB61FB8B0133D0
:10487000FB837B68DB88FA8B9A4296D300E000BF0B
:104880002037BD4680BD00BFE86C002080B588B0F1
:1048900002AFBA607B600346FB810B46BB81FB899C
:1048A000FB82BB89BB82214B9B88FA899A4238D80C
:1048B0001E4BDB88BA899A4233D82DE0FB8A7A688E
:1048C00092881344194A9288934206DDFB89FB8241
:1048D0007B68DA88BB8A1344BB82BB8A7A68D28839
:1048E0001344124AD288934203DDFB89FB82BB89C1
:1048F000BB82BB681A78B98AF88A3B8C0193BB8C5F
:1049000000937B68FFF71AFFBB680133BB607B68CD
:104910009A88FB8A1344FB82BB681B78002BCDD19D
:1049200000E000BF1837BD4680BD00BFE86C002026
:1049300080B584B002AFFFF76BFA0346002B02D0BC
:104940004FF0FF3327E0FFF75AF9FFF766F94FF40E
:104950008063FB80FB88184601F0FAFA03461A468A
:104960000F4B1A600E4B1B68002B02D14FF0FF3328
:1049700011E00B4B186800230093B42340228021E0
:10498000FFF76CFA064B1B681846FFF7BDFA0020CC
:10499000FFF758FC002318460837BD4680BD00BF0E
:1049A000006D0020000000001FB553EC102B2648BE
:1049B00023F00041814206D89FED211B05B05DF830
:1049C00004EB00F00DB92148814208D91046194680
:1049D000EBF74CFD41EC100B05B05DF804FB6846AD
:1049E00000F082FA00F0030001280BD0022815D055
:1049F000D8B99DED021B9DED000B00F0F1F851ECD4
:104A0000100BE7E79DED021B9DED000B00F0B0F9E8
:104A100053EC102B104603F10041DBE79DED021B28
:104A20009DED000B00F0DCF8F2E79DED021B9DED23
:104A3000000B012000F09CF9E1E700BFAFF300801C
:104A40000000000000000000FB21E93FFFFFEF7FB6
:104A50001FB553EC102B264823F00041814207D8A4
:104A60009FED211B002005B05DF804EB00F080B93C
:104A70002048814208D910461946EBF7F7FC41EC73
:104A8000100B05B05DF804FB684600F02DFA00F04D
:104A9000030001280CD0022811D0E8B99DED021BBB
:104AA0009DED000B012000F063F951EC100BE6E7DF
:104AB0009DED021B9DED000B00F092F8F5E79DEDDA
:104AC000021B9DED000B012000F052F953EC102B5E
:104AD000104603F10041D2E79DED021B9DED000B56
:104AE00000F07EF8F2E700BF0000000000000000C8
:104AF000FB21E93FFFFFEF7F08B52DED028BF0EEC4
:104B0000408A00F0F5FBB0EE408AB0EE680A00F093
:104B100057F860B1DFED0F7AF4EEE78AF1EE10FAA4
:104B20000ADD01F099FB9FED0C8A22230360B0EEB1
:104B3000480ABDEC028B08BDDFED087AF4EEE78A87
:104B4000F1EE10FAF3D501F087FB22239FED048AE2
:104B50000360ECE71772B1420000807FB5F1CFC26D
:104B60000000000008B52DED028BB0EE408A00F089
:104B70008DFCB4EE488AF1EE10FA0FD6B5EEC08A7D
:104B8000F1EE10FA0ADCB5EE408AF1EE10FA08D127
:104B900001F062FB22239FED080A0360BDEC028B4B
:104BA00008BD01F059FBBDEC028B21230360BDE879
:104BB0000840024800F00EB8000080FF65C0010800
:104BC00010EE103A23F00040B0F1FF4FACBF0020D0
:104BD000012070479FED010A704700BF0000C07FB1
:104BE0002DE9F74F57EC106B27F00048B8F1795FCB
:104BF0008DED001B06D230463946EBF777FE0028D4
:104C000000F0888032463B4630463946EBF700FBE1
:104C1000514B002204460D46EBF7FAFA40A3D3E9C4
:104C2000002382468B4620462946EBF7F1FA3EA345
:104C3000D3E90023EBF71CFC22462B46EBF7E8FAFE
:104C40003BA3D3E90023EBF711FC22462B46EBF7FD
:104C5000DFFA39A3D3E90023EBF70AFC22462B46FF
:104C6000EBF7D6FA36A3D3E90023EBF7FFFB224696
:104C70002B46EBF7CDFA34A3D3E90023EBF7F8FB8F
:104C800022462B46EBF7C4FA22462B46EBF7C0FA36
:104C9000DDE9002304460D4630463946EBF7B8FA05
:104CA0000B46024629462046EBF7E0FB2B4B984586
:104CB00006460F4610D802460B4650465946EBF7BB
:104CC000D5FB0B46264902460020EBF7CFFB41EC13
:104CD000100B03B0BDE8F08F224B214998458CBFE3
:104CE000214DA8F50015002422462B460020EBF7A5
:104CF000BDFB2246804689462B4650465946EBF777
:104D0000B5FB32463B46EBF7B1FB02460B4640464D
:104D10004946DAE79FED0E0BDBE700BFAFF30080FB
:104D2000D43888BEE9FAA8BDC4B1B4BD9EEE213E18
:104D3000AD529C804F7E923E9015CB19A001FA3E59
:104D40007751C1166CC1563F4C5555555555A53F29
:104D5000000000000000F03F0000E03F3233D33F8E
:104D60000000F03F0000E93F0000D23F00000000DB
:104D70002DE9F04F55EC104B25F0004385B0B3F111
:104D8000795F8DED021B804605D220462946EBF760
:104D9000ADFD002852D022462B4620462946EBF78F
:104DA00037FA82468B4602460B4620462946EBF7E9
:104DB0002FFA42A3D3E90023CDE90001504659461A
:104DC000EBF726FA3FA3D3E90023EBF74FFB52465C
:104DD0005B46EBF71DFA3DA3D3E90023EBF748FB55
:104DE00052465B46EBF714FA3AA3D3E90023EBF7FC
:104DF0003DFB52465B46EBF70BFA38A3D3E90023A1
:104E0000EBF736FB06460F46B8F1000F1BD1024602
:104E10000B4650465946EBF7FBF925A3D3E900238F
:104E2000EBF724FBDDE90023EBF7F2F902460B4632
:104E300020462946EBF71CFB04460D4645EC104B7B
:104E400005B0BDE8F08FDDE902011B4B0022EBF756
:104E5000DFF93246804689463B46DDE90001EBF743
:104E6000D7F902460B4640464946EBF7FFFA524651
:104E70005B46EBF7CDF9DDE90223EBF7F7FA0CA37C
:104E8000D3E9002306460F46DDE90001EBF7C0F940
:104E900002460B4630463946EBF7EAFA02460B4625
:104EA00020462946EBF7E2FAC6E700BFAFF30080E1
:104EB000495555555555C53F0000E03F7CD5CF5A63
:104EC0003AD9E53DEB9C2B8AE6E55A3E7DFEB1578B
:104ED000E31DC73ED561C119A0012A3FA6F81011F4
:104EE0001111813F000000002DE9F04F57EC106BCD
:104EF000C54B8DB027F0004898450446049707D865
:104F00000022002380ED000BC0E90223002528E0E9
:104F1000BE4B984578D8049BBD4D002B3046ACA3C2
:104F2000D3E90023394638DDEBF7A0FAA845064659
:104F30000F461AD0A8A3D3E90023EBF797FA02464D
:104F40000B468046894630463946EBF78FFAA2A3D6
:104F5000D3E90023EBF78AFAC4E90089C4E9020126
:104F6000012528460DB0BDE8F08F9DA3D3E90023AD
:104F7000EBF77CFA9CA3D3E9002306460F46EBF738
:104F800075FA02460B468046894630463946EBF7AD
:104F90006DFA95A3D3E90023DCE7EBF769FAA8459E
:104FA00006460F4618D08CA3D3E90023EBF760FA2E
:104FB00002460B468046894630463946EBF756FA9C
:104FC00085A3D3E90023EBF753FA4FF0FF35C4E98B
:104FD0000089C4E90201C4E781A3D3E90023EBF708
:104FE00047FA81A3D3E9002306460F46EBF740FAC0
:104FF00002460B468046894630463946EBF736FA7C
:1050000079A3D3E90023DEE7824B984500F2D180F3
:1050100000F066F957EC106B75A3D3E90023304616
:105020003946EBF7F5F87C4B0022EBF721FAEBF76A
:105030005DFC0546EBF768FB02460B46CDE9022313
:1050400063A3D3E90023EBF7E3F802460B463046AF
:105050003946EBF70BFA60A3D3E9002382468B466F
:10506000DDE90201EBF7D4F81F2D06460F460CDCF4
:105070006A4B6A1E53F82230434506D032463B46FF
:1050800050465946EBF7F2F90EE03B4632465046A1
:105090005946EBF7EBF94FEA28530593C1F30A534E
:1050A000C3EB1853102B02DCC4E9000139E04CA318
:1050B000D3E90023DDE90201EBF7AAF806460F4623
:1050C00002460B4650465946EBF7D0F902460B46CE
:1050D0008046894650465946EBF7C8F932463B466A
:1050E000EBF7C4F940A3D3E9002306460F46DDE9F8
:1050F0000201EBF78DF832463B46EBF7B7F9024673
:105100000B4606460F4640464946EBF7AFF9059A6F
:10511000C1F30A53D31A312B20DCC4E90001C24683
:10512000CB46D4E90089504642464B465946EBF7F8
:105130009DF93B463246EBF799F9049B002BC4E9F5
:105140000201BFF60EAF09F10043636001F10043B5
:10515000C4F80080A060E3606D4202E726A3D3E9B3
:105160000023DDE90201EBF753F806460F4602463D
:105170000B4640464946EBF779F902460B46824614
:105180008B4640464946EBF771F932463B46EBF712
:105190006DF91BA3D3E9002306460F46DDE90201A2
:1051A000EBF736F832463B46EBF760F906460F461A
:1051B00064E71B4B984535D932463B463046394665
:1051C000EBF754F9C4E90201C4E900019EE600BF0F
:1051D00000004054FB21F93F3163621A61B4D03DB5
:1051E0000000601A61B4D03D7370032E8A19A33B8E
:1051F00083C8C96D305FE43F0000002E8A19A33BCD
:10520000C14920259A837B39FB21E93F7BD90240A4
:10521000FB21F93FFB2139410000E03F94C0010828
:10522000FFFFEF7F4FEA2855A5F21645A8EB055181
:1052300030460F46EBF75AFBEBF766FA02460B4691
:1052400030463946CDE90623EBF710F9224B002210
:10525000EAF7DEFF0F460646EBF748FBEBF754FA9A
:1052600002460B4630463946CDE90823EBF7FEF8F7
:10527000194B0022EAF7CCFFCDE90A010DF1300904
:105280004FF003080026002779E9020132463B4629
:10529000C24608F1FF38EBF7F7FA0028F4D10F4BBC
:1052A0000193022300932A465346214606A800F0A4
:1052B00007FA049B002B0546BFF653AED4E9002144
:1052C00001F10043C4E90023D4E9022101F10043C4
:1052D000C4E9022340E700BF0000704114C1010887
:1052E00051EC100B024621F0004343EC102B7047A9
:1052F00010EE102A22F00043B3F1FF4F02D930EE36
:10530000000A70474FEAD27106D1DFED4E7A0029CC
:1053100018BFB0EE670A70474B48824202DD00209A
:1053200000F0C6B9002A05DA484A934202D90020A3
:1053300000F0B8B9464A9342F7EE005A52D9454AAE
:1053400093424FEA810234D8434B134493ED007AE1
:10535000424B134430EE477A81F00102D3ED007ADC
:10536000521A37EE670A20EE006A9FED3D5ADFEDD4
:105370003D6AE6EE056A9FED3C5AA6EE865ADFEDE1
:105380003B6AE5EE066A9FED3A5AA6EE865AF0EEC3
:10539000406AE5EE466AB0EE006A20EE265A92BBFD
:1053A00076EEC66AC5EE267A37EEC00A35EEC00A3A
:1053B0007047304B9FED307ADFED306A1344D3ED08
:1053C000007AE0EE077AB0EE407AFDEEE77A17EE6B
:1053D000902AF8EEE77AA7EEE67ADFED296A67EE23
:1053E000A67ABEE7B3F1505F0BD2DFED266A70EE0E
:1053F000266AF4EEE56AF1EE10FA02DD30EE250AD7
:1054000070470022AFE736EE666A12F17D0FC5EEF7
:10541000066AB8BF643277EEE67A77EEC77A75EE41
:10542000E77A17EE903AABBF03EBC25303EBC253DC
:1054300000EE103ADFED147ABCBF00EE103A20EE19
:10544000270A7047000000001772B142B5F1CF4241
:105450001872B13E9115853F24C201081CC2010893
:105460004CBB31330EEADDB555B38A38610B36BB20
:10547000ABAA2A3E2CC201083BAAB83F8071313F3B
:10548000D1F71737CAF249710000800D10EE103ABB
:1054900033F0004206D19FED667ADFED667A87EE43
:1054A000270A7047002B1A4602DA30EE407AF4E7FA
:1054B000B3F1FF4F02DB30EE000A7047B3F5000F87
:1054C000B8BFDFED5D7A5D48BEBF60EE277A6FF052
:1054D000180117EE902A4FEAE253C2F31602104465
:1054E000A8BF00217F3B0B4400F4000181F07E51F6
:1054F000114300EE101A524903EBD05302F10F0092
:10550000F7EE007A014030EE670A89BBB5EE400A3B
:10551000F1EE10FA0FD1002B00F0878007EE903AE1
:105520009FED480A9FED487AF8EEE77A27EE800A69
:10553000A7EE870A7047DFED456AF6EE007AE0EEE7
:10554000667A20EE007A27EE277A13B930EE470A02
:10555000704707EE903ADFED3B6AF8EEE77AA7EE88
:10556000E67A37EE400A9FED387A97EE870A704761
:10557000F0EE007A70EE277ADFED355ADFED354A2E
:10558000354980EE276A1144C2F5571202F522729E
:105590000A43002A07EE903A26EE065AF8EEE76A2A
:1055A00025EE057ADFED2D7AE7EE257ADFED2C5A30
:1055B000E7EE875ADFED2B7AE7EE247ADFED2A4A11
:1055C000E7EE874ADFED297AE4EE877A67EE857A9F
:1055D000E5EE877A1ADDB6EE007A20EE077A27EE3E
:1055E000007A77EE877A67EE867A13B937EE677AB4
:1055F000ACE79FED146AE6EE867A37EE677A37EE0F
:10560000400ADFED117A96EEA70A704770EE677ACE
:1056100067EE867A13B930EE670A70479FED097A14
:10562000E6EEC77A37EEC00AEBE79FED020A704755
:10563000000000CC000000000000004C20FB4A00ED
:10564000F0FF7F00D1F717378071313FABAAAA3E38
:105650004FD01C3E9788173E305CCFFF298E633EAB
:10566000CDCCCC3E25333A3E2549923EABAA2A3FCB
:1056700010B52DED028BB0EE408A044600F0ECFD33
:10568000B0EE480ABDEC028B046010BD30B1F1EE03
:10569000407A27EE800A2220FFF7EABFF0EE407A38
:1056A000F7E700009FED010AFFF7F0BF00000010D0
:1056B0009FED010AFFF7EABF000000700000000044
:1056C0002DE9F04F2DED028BADF5197D12F1140F80
:1056D00006930491C24BA499089053F8213000938B
:1056E000069B03F1FF33A8BFD41E0593B2BF00246D
:1056F000182394FBF3F46FF0170304FB033303EB5D
:10570000020B009B059A9FEDB28B03EB0208A59B51
:10571000A71A20AE03EB87090025454512DD069B3D
:1057200020AA02EBC3050DF5E07A0027009B9F42FB
:105730002EDC9FEDA77BDDF820908DED027BA84647
:1057400000261BE0EF4207D459F82500EAF7DCFFFA
:10575000E6E802010135E0E751EC180BF8E778E9DB
:105760000223F9E80201EAF753FD02460B46DDE9A0
:105770000201EAF77DFECDE902010136059B9E425A
:10578000EDDD9DED027B0137AAEC027B0835CDE70C
:10579000009BDDF800800CAA02EB83030A93A59B13
:1057A00003EB840309934FEAC8030B9398AB03EB15
:1057B000C80313ED287B8DED027B0CAC70AB03EBC3
:1057C000C805A146C246BAF1000F77DC58469DEDE8
:1057D000020B00F0C5FA57EC106B00224FF07F531C
:1057E00030463946EAF714FD41EC100B00F034FB6B
:1057F0007C4B51EC100B0022EAF70AFD02460B46E7
:1058000030463946EAF732FE0F460646EBF76EF8A9
:105810000290EAF779FF02460B4630463946EAF72E
:1058200025FEBBF1000F06460F466CDD08F1FF3187
:105830000CAB029D53F82130CBF1180043FA00F273
:10584000154482409B1A0CAA029542F82130CBF1F4
:10585000170243FA02F9B9F1000F64DD029B00223E
:105860000133029315466FF07F41904500F3A1800C
:10587000BBF1000F07DDBBF1010F00F0C180BBF1F0
:10588000020F00F0C880B9F1020F4CD132463B46FE
:1058900055490020EAF7EAFD06460F46002D42D0A2
:1058A00058469FED4D0B00F05BFA3046394653ECFD
:1058B000102BEAF7DBFD06460F4634E04B4B002287
:1058C000DDE90201EAF7A4FCEBF710F8EAF71CFFA8
:1058D000474B002206460F46EAF79AFC02460B4663
:1058E000DDE90201EAF7C2FDEBF700F875E90223F2
:1058F00049F8040B39463046EAF7BAFD0AF1FF3A97
:10590000CDE902015FE707D108F1FF330CAA52F895
:1059100023304FEAE3599EE7364B0022EAF7D2FFE5
:10592000002843D181460022002330463946EAF759
:10593000ABFF002800F0C18008F1FF33002200997E
:105940008B4270DA002A00F08B8008F1FF380CAB34
:10595000ABF1180B53F82830002BF6D058469FEDCA
:105960001E0B00F0FDF908F10103DA00059255EC79
:10597000104B70AADFF874B002EBC30746464FF035
:10598000000A002E80F2D1804446002CC0F2FF8035
:10599000194B1F4670AB03EBC40306934FF0000A8C
:1059A0004FF0000B0026A8EB0405E4E04FF00209DD
:1059B00054E754F8043B0DBB23B1C3F1807344F8A2
:1059C000043C012301321D464FE700BFAFF30080C6
:1059D0000000000000000000000000000000F03F98
:1059E00078C20108000020400000F03F0000703E37
:1059F000000070410000E03F38C20108CB1ADEE72A
:105A000008F1FF320CAB53F82230C3F316030CA994
:105A100041F8223037E708F1FF320CAB53F822305F
:105A2000C3F31503F3E70CA951F82310013B0A4314
:105A300085E7013453F8042D002AFAD00B9B03F5B7
:105A400018730DEB0305069B20AA434408F10107D8
:105A5000983D02EBC3064444BC4204DAA046A2E6E9
:105A60000A9B0124E6E7099B53F82700EAF74CFE5E
:105A70009FEDAF7BE6E802018DED027BDDF8209023
:105A8000B2464FF00008059B984505DD9DED027B71
:105A90000137A5EC027BDFE77AE90223F9E802018E
:105AA000EAF7B6FB02460B46DDE90201EAF7E0FC45
:105AB00008F10108CDE90201E5E7CBF1000047EC70
:105AC000106B00F04DF955EC104B9B4B002220461B
:105AD0002946EAF7F7FE00B3984B002220462946F4
:105AE000EAF796FBEAF702FF0646EAF70DFE924B4D
:105AF0000022EAF78DFB0B46024629462046EAF7CC
:105B0000B5FCEAF7F3FE0CAB0BF1180B43F82800D9
:105B100008F1010843F8286020E720462946EAF703
:105B2000E5FE0CAB43F8280018E70CAB53F8260051
:105B3000EAF7EAFD22462B46EAF76AFB524667E996
:105B400002015B4620462946EAF762FB013E044615
:105B50000D4616E70699F1E802230691F7E80201DF
:105B6000EAF756FB02460B4650465946EAF780FCD8
:105B7000013682468B46009B9E4201DCAE42E9DD47
:105B800048AB03EBC505C5E900AB013CFDE6A49BB2
:105B9000022B0BDC002B35DC59D0029B03F00700F5
:105BA0000DF5197DBDEC028BBDE8F08FA49B032B96
:105BB000F3D1059B03F518730DEB0304A4F5A4744E
:105BC0002546C246BAF1000F69DC4546012D00F3B7
:105BD0008780059C48AB1C4400200021B8F1010FD0
:105BE00000F39C80DDE94856DDE94A78B9F1000F01
:105BF00040F0A680049BC3E90056C3E90278C3E9DC
:105C00000401CAE7059D48AB1D444446002000211D
:105C1000002C35DAB9F1000F38D0024601F100430B
:105C2000049CC4E9002302460B46DDE94801EAF77B
:105C30001DFC4AAD0124A0452BDAB9F1000F02D0BA
:105C400001F100431946049BC3E90201A5E7059C45
:105C500048AB1C4400200021B8F1000F09DAB9F16B
:105C6000000F02D001F100431946049BC3E9000173
:105C700093E774E90223EAF7FBFB08F1FF38EBE74F
:105C800075E90223EAF7F4FB013CC1E702460B4643
:105C9000C6E7F5E80223EAF7EBFB0134CBE735ED85
:105CA000027B8DED007B95ED027BDDE9000153EC7D
:105CB000172B8DED067BEAF7DBFB02460B4606460B
:105CC0000F46DDE90001EAF7D1FBDDE90623EAF73B
:105CD000CFFB0AF1FF3AC5E90201C5E9006771E7A8
:105CE00034ED027BD4E902AB51EC170B52465B4614
:105CF0008DED007BEAF7BCFB02460B4606460F46DD
:105D0000DDE90001EAF7B2FB52465B46EAF7B0FB79
:105D1000013DC4E90201C4E9006757E774E90223C1
:105D2000EAF7A6FB08F1FF3858E700BFAFF30080A1
:105D30000000000000000000000070410000703E04
:105D4000049B049A1D6006F100445C609F6008F1AA
:105D50000043D36001F10043106153611DE700BFB0
:105D600070B555EC104BC5F30A5106462B4691B958
:105D700025F0004323433BD0334B204629460022E5
:105D8000EAF746FA314B9E4204460D460FDA26A347
:105D9000D3E900231EE040F2FF7291420BD122466C
:105DA00020462946EAF764FB04460D4620E00B46F0
:105DB000C1F30A5136394CF2503296420DDD002DB6
:105DC0001BA1D1E9000102DA1BA1D1E9000118A34E
:105DD000D3E90023EAF71CFAE6E7721840F2FE71F5
:105DE0008A42ECDC002A06DD6FF31E5343EA0255BB
:105DF00045EC104B70BD12F1350F08DA002D0AA1E9
:105E0000D1E90001C3DA0EA1D1E90001BFE73632C2
:105E10006FF31E5343EA025520460D4B29460022DC
:105E2000D8E700BFAFF3008059F3F8C21F6EA50199
:105E30009C7500883CE4377E9C7500883CE437FE06
:105E400059F3F8C21F6EA58100005043B03CFFFF1C
:105E50000000903C0000000051EC100BC1F30A530D
:105E60002DE9F041A3F2FF36132E0C46054680467D
:105E700034DC002E17DA32A3D3E90023EAF7F8FA6C
:105E800000220023EAF728FD50B1002C55DA24F057
:105E900000442C430025AC422B4C08BF4FF000447B
:105EA0002146284623E0294F374101EA07030343EF
:105EB0001DD023A3D3E90023EAF7DAFA0022002356
:105EC000EAF70AFD0028EBD0002CBEBF4FF4801388
:105ED0003341E41824EA07040025E1E7332E0ADD04
:105EE000B6F5806F03D102460B46EAF7C1FA41ECE2
:105EF000100BBDE8F081A3F213434FF0FF37DF40F2
:105F00000742F4D00EA3D3E90023EAF7B1FA002246
:105F10000023EAF7E1FC0028C2D0002C0ADA142E94
:105F200001D1013406E0C6F134060123B3401D441B
:105F30004545F6D325EA0705B2E700252C46AFE72D
:105F40009C7500883CE4377E0000F0BFFFFF0F0027
:105F5000024B0146186800F025B800BF3C00002045
:105F600070B50F4E0C463168054611B900F064F962
:105F700030602146284600F05FF9431C03D14FF002
:105F8000FF34204670BDC41C24F00304A042F8D0A6
:105F9000211A284600F050F90130F2D1EFE700BF96
:105FA000046D00202DE9F843CD1C25F003050835CC
:105FB0000C2D38BF0C25002D064601DBA94204D963
:105FC0000C2333600020BDE8F883DFF8D48000F0B4
:105FD00069F8D8F800301C4644BB29463046FFF724
:105FE000BFFF431C044658D1D8F800402746002F75
:105FF00043D1002C4BD023683946304604EB0309CB
:1060000000F01AF9814542D121686D1A29463046BF
:10601000FFF7A6FF01303AD023682B442360D8F85D
:1060200000305A6862BBC8F800700FE02268521B4B
:1060300020D40B2A17D96119A342256018BF5960D3
:10604000636808BFC8F8001062514B60304600F02A
:106050002FF804F10B00231D20F00700C21A1CBF0B
:106060001B1AA350AFE76268A3420CBFC8F8002018
:106070005A60EBE723466468AEE73C467F68B6E7C4
:106080001A465B68A342FBD100235360DEE70C2372
:106090003360304600F00CF894E70560D6E700BFA7
:1060A000086D0020014800F001B900BF486E0020D3
:1060B000014800F0FCB800BF486E00200CB430B5B9
:1060C000184B0C1E1D689DB008DA8B232B604FF017
:1060D000FF301DB0BDE8304002B070474FF402738E
:1060E000ADF814304FF000031B9314BF04F1FF33DD
:1060F0002346049307934FF6FF7302900690ADF882
:106100001630209A21AB02A92846019300F084F9A9
:10611000431CBCBF8B232B60002CDAD0029B0022D7
:106120001A70D6E73C0000200EB410B59DB01FAB2E
:10613000029006906FF000410A48079104910A49C5
:1061400053F8042B0591002402A9006801931B94C5
:1061500000F062F9029B1C701DB0BDE8104003B056
:10616000704700BF3C0000200802FFFF02440346C6
:10617000934200D1704703F8011BF9E72D4B1B68D0
:10618000834270B5044653D0C3691BB3DB6863B167
:106190000025E369DB685959B1B90435802DF8D180
:1061A000E3692046D96800F091F8E369196811B1F4
:1061B000204600F08BF8E3699D685DB129462046D2
:1061C0002D6800F083F8F8E70E68204600F07EF8AE
:1061D0003146E1E7616911B1204600F077F8E169E5
:1061E00011B1204600F072F8216B11B1204600F089
:1061F0006DF8616B11B1204600F068F8A16B11B128
:10620000204600F063F8A16C11B1204600F05EF862
:10621000616C11B1204600F059F8E16A11B12046D5
:1062200000F054F8236A1BB12046BDE870401847BF
:1062300070BD00BF3C00002038B5064D0023044669
:1062400008462B60F7F732FC431C02D12B6803B1E0
:10625000236038BD446E0020014B1868704700BFB2
:106260003C00002070B50D4D0D4C641BA4100026A1
:10627000A64209D10B4D0C4C00F0A6FB641BA410E8
:106280000026A64205D170BD55F8043B984701365B
:10629000EEE755F8043B98470136F2E790C2010853
:1062A00090C2010890C2010894C20108704770476B
:1062B0000A44914200F1FF3300D1704710B511F844
:1062C000014B03F8014F9142F9D110BD38B5054695
:1062D000002941D051F8043C0C1F002BB8BFE41832
:1062E000FFF7E0FE1D4A136833B963601460284667
:1062F000BDE83840FFF7DCBEA34208D9206821186A
:106300008B4201BF19685B6809182160EDE71A46E6
:106310005B680BB1A342FAD911685018A0420BD1A7
:1063200020680144501883421160E0D118685B680E
:10633000536008441060DAE702D90C232B60D6E7DB
:10634000206821188B4204BF19685B68636004BF32
:10635000091821605460CAE738BD00BF086D0020ED
:106360002DE9F0478E681F46BE420B6882460C46F8
:1063700090462DD8B1F90C2012F4906F26D06569A3
:10638000096905EB4505A3EB010905EBD5757B1CF8
:106390004B446D109D4238BF1D46530527D52946F5
:1063A000FFF700FE064660B321694A46FFF780FF0B
:1063B000A38923F4906343F08003A3812661656180
:1063C0004E44A5EB09052660A5603E46BE4200D9B5
:1063D0003E4620683246414600F0A6FAA3689B1B61
:1063E000A3602368334423600020BDE8F0872A4679
:1063F00000F0B4FA06460028E0D121695046FFF7C4
:1064000065FF0C23CAF80030A38943F04003A38141
:106410004FF0FF30E9E700002DE9F04F98468B89F7
:106420001B069DB007460D46144610D50B6973B97F
:106430004021FFF7B7FD2860286130B90C233B608D
:106440004FF0FF301DB0BDE8F08F40236B6100239B
:10645000099320238DF82930CDF80C803023DFF804
:106460009C818DF82A304FF0010923469A4613F893
:10647000012B0AB1252AF9D1BAEB040B0BD05B46EC
:10648000224629463846FFF76BFF013000F0A7800F
:10649000099A5A4409929AF80030002B00F09F8024
:1064A00000234FF0FF32CDE905230AF1010A0493DE
:1064B00007938DF853301A935446052214F8011BA4
:1064C0004E48EAF7DDFB049AD8B9D00644BF202332
:1064D0008DF85330110744BF2B238DF853309AF8B1
:1064E00000302A2B15D0079A544600204FF00A0C92
:1064F000214611F8013B303B092B4BD9B0B1079233
:1065000014E0A0EB080309FA03F313430493A24633
:10651000D2E7039B191D1B680391002BBBBF5B4295
:1065200042F0020207930793B8BF049223782E2B00
:106530000AD163782A2B32D1039B1A1D1B68039260
:1065400043EAE37302340593DFF8C0A02178032205
:106550005046EAF795FB38B1049BA0EB0A004022B5
:10656000824013430134049314F8011B24488DF82E
:1065700028100622EAF784FB002836D0214B1BBBEB
:10658000039B073323F0070308330393099B33442A
:1065900009936AE70CFB02320C460120A8E70023AE
:1065A0000134059319464FF00A0C204610F8012BD0
:1065B000303A092A03D9002BC6D00591C4E70CFB59
:1065C000012104460123F0E703AB00932A460E4B5A
:1065D00004A93846AFF30080421C0646D6D1AB89E9
:1065E0005B063FF52DAF09982CE703AB00932A46D5
:1065F000054B04A9384600F079F8EDE760C00108C2
:106600006AC00108000000006163010866C001085B
:106610002DE9F047164698468A680B69DDF8209008
:106620009342B8BF1346336091F8432007460C46A7
:106630000AB1013333602368990642BF33680233DD
:106640003360256815F0060506D104F1190AE368E0
:1066500032689B1AAB4226DC94F843302268003B38
:1066600018BF012392062BD404F143024146384659
:10667000C84701301ED02368226903F00603042BAB
:1066800002BFE5683368ED1AA3680CBF25EAE5751B
:1066900000259342C4BF9B1AED1800261A34B54258
:1066A0001AD1002008E00123524641463846C84727
:1066B000013003D14FF0FF30BDE8F0870135C6E768
:1066C000E1185A1C302081F84300224494F8451008
:1066D00082F843100233C7E7012322464146384679
:1066E000C8470130E6D00136D9E700002DE9FF4761
:1066F0000F7E0C9E782F914680460C469A4601F1FB
:10670000430207D8622F0AD8002F00F0D180582FFB
:1067100000F0B88004F1420684F842703AE0A7F134
:106720006303152BF6D801A151F823F08567010802
:1067300099670108156701081567010815670108C1
:1067400015670108996701081567010815670108B1
:10675000156701081567010897680108C3670108F4
:10676000516801081567010815670108B968010833
:1067700015670108C3670108156701081567010857
:106780005968010833681A1D1B68326004F142061B
:1067900084F8423001239CE033682068191D316081
:1067A000060601D51D6803E04506FBD5B3F9005088
:1067B000002D03DA2D236D4284F8433058480A2314
:1067C00011E021683368080653F8045B02D44906D7
:1067D00048BFADB26F2F5248336014BF0A2308235D
:1067E000002184F843106668A660002E05DB21684E
:1067F0002E4321F0040121604BD01646B5FBF3F186
:1068000003FB1157C75D06F8017D2F46BB420D46BD
:10681000F4D9082B0BD12368DF0708D523696168F9
:106820009942DEBF302306F8013C06F1FF36921B89
:106830002261CDF800A04B4603AA21464046FFF74F
:10684000E7FE01304AD14FF0FF3004B0BDE8F087D9
:10685000236843F0200323603248782784F845708A
:10686000236831681F0651F8045B02D45F0648BFF5
:10687000ADB23160D90744BF43F0200323601DB19E
:106880001023ADE72648E9E7236823F020032360BF
:10689000F6E71646BDE7336825686169181D306064
:1068A0002E061B6801D5196002E06806FBD5198029
:1068B000002323611646BCE733681A1D32601E6848
:1068C000626800213046EAF7DBF908B1801B60609E
:1068D00063682361002384F84330AAE723693246C2
:1068E00049464046D0470130ADD023689B0713D4BA
:1068F000E068039B9842B8BF1846A6E701233246DA
:1069000049464046D04701309DD00135E3680399A0
:106910005B1AAB42F2DCEBE7002504F11906F5E760
:1069200071C0010882C00108884210B501EB020461
:1069300002D98442234607D8431EA14208D011F849
:10694000012B03F8012FF8E7024401468A4200D1E7
:1069500010BD13F8014D02F8014DF7E72DE9F041A4
:10696000074614460D4621B9BDE8F0411146FFF730
:1069700019BB2AB9FFF7AAFC25462846BDE8F081D5
:1069800000F01AF88442064602D8B4EB500FF4D84F
:1069900021463846FFF706FB804608B94546ECE736
:1069A000B4422246294628BF3246FFF781FC2946D9
:1069B0003846FFF78BFCF1E751F8043C181F002B19
:1069C000BCBF0B58C0187047F8B500BFF8BC08BC76
:1069D0009E467047F8B500BFF8BC08BC9E4670479D
:1069E00049444C4500000000546D7220537663000A
:1069F000546D7251000000004D61696E436F6E74FA
:106A0000726F6C5461736B00456E636F6465725492
:106A100061736B004164635461736B00436F6D6D10
:106A20005461736B00000000446973706C617954A9
:106A300061736B00636F6D6D53656D6170686F722C
:106A40006500000064656661756C745461736B0069
:106A50000A3C3C53435245454E5F53544152543EC9
:106A60003E0A53495A453A3132387836340A464F4D
:106A7000524D41543A4D4F4E4F5F314249540A00F6
:106A8000434845434B53554D3A2530386C580A001E
:106A90003C3C444154415F53544152543E3E0A00F1
:106AA0000A3C3C444154415F454E443E3E0A3C3C16
:106AB00053435245454E5F454E443E3E0A0000005A
:106AC00025647300424F4F535400000025640000BA
:106AD00025642E256400000054454D502045525237
:106AE00000000000256452504D0000004F46460053
:106AF000455252004C4544204F4E20004C45442006
:106B00004F4646004D454D3A2564000053415645D9
:106B1000204D454D00000000410000004D454E5500
:106B2000000000003E53415645204D454D200000D9
:106B300020426F6F737400002041626F7574000013
:106B40002053415645204D454D2000003E426F6F79
:106B5000737400003E41626F757400004657205602
:106B600065723A2025782E25782E257800000000C1
:106B7000532F4E3A202530347825303478000000E9
:106B80005649534F4C20496E632E00004D66723AB1
:106B9000202573002564000043483128256429001E
:106BA000434832282564290049443A25303264009C
:106BB000534C4F543A253032640000002563534C47
:106BC0004F5420253032643A000000002533640021
:106BD0002F00000025732533642F25336400000047
:106BE00049443A20256400004348312053743A2038
:106BF000256400004348322053743A202564000085
:106C0000434831204C693A20256400004348322033
:106C10004C693A20256400004F4E20004F46460044
:106C2000427264496E763A2025730000496E666FA1
:106C3000000000004657205665723A2025782E2520
:106C4000782E257800000000532F4E3A202530344E
:106C500078253034780000005649534F4C20496E57
:106C6000632E00004D66723A202573002D2D2053AF
:106C7000574952202D2D00004C4544204F4E2000F6
:106C80004C4544204F464600534156450000000005
:106C900000000000000000000102030406070809CC
:106CA0000000000001020304000610160006101682
:106CB000F86901080000000000000000000000006A
:106CC00000000000000200001800000000000000AA
:106CD00000000000086A0108000000000000000039
:106CE0000000000000000000000200002000000082
:106CF0000000000000000000146A0108000000000D
:106D0000000000000000000000000000000400007F
:106D10001000000000000000000000001C6A0108D4
:106D20000000000000000000000000000000000063
:106D30000004000018000000000000000000000037
:106D4000286A0108000000000000000000000000A8
:106D5000000000000010000018000000000000000B
:106D600000000000346A010800000000000000007C
:106D700000000000446A010800000000000000005C
:106D800000000000000000000002000018000000E9
:106D9000000000000000000000FF0100010000FFF3
:106DA000FF0000010001FF0080250000004B0000F3
:106DB0000096000000E10000002C010000C201006C
:106DC000008403000008070000100E0040420F007E
:106DD00080841E00C0C62D0070FE0000A84F030076
:106DE0007AFE0000282A030084FE000070050300DC
:106DF0008EFE000074E3020098FE00007C9F0200FB
:106E0000A2FE000070A10200ACFE0000AC7E0200F9
:106E1000B6FE000084420200C0FE0000F01702002F
:106E2000CAFE000020F70100D4FE000014E00100BB
:106E3000DEFE0000B0C60100E8FE0000DCAE01008E
:106E4000F2FE000034980100FCFE000012830100F5
:106E500006FF0000266F010010FF00005C5C0100CF
:106E60001AFF0000B44A010024FF0000063A0100A6
:106E70002EFF0000482A010038FF00007A1B0100A5
:106E800042FF00007E0D01004CFF000040000100A9
:106E900056FF0000CAF3000060FF0000FEE700009C
:106EA0006AFF0000D2DC000074FF000050D2000036
:106EB0007EFF000050C8000088FF0000E6BE000012
:106EC00092FF0000F4B500009CFF000084AD0000BC
:106ED000A6FF00008CA50000B0FF0000E49D0000AC
:106EE000BAFF0000BE960000C4FF0000CA8F000079
:106EF000CEFF000062890000D8FF00004083000040
:106F0000E2FF0000647D0000ECFF0000D877000085
:106F1000F6FF00009C720000000000009C6D000065
:106F20000A000000D868000014000000506400004F
:106F30001E0000000460000028000000EA5B000062
:106F4000320000000C5800003C00000056540000C5
:106F500046000000D250000050000000764D0000B6
:106F60005A000000424A0000640000002C47000064
:106F70006E000000484400007800000082410000DC
:106F800082000000DA3E00008C0000005A3C000045
:106F900096000000EE390000A0000000A0370000BD
:106FA000AA00000070350000B40000005433000057
:106FB000BE00000056310000C80000006C2F000029
:106FC000D2000000962D0000DC000000DE2B000047
:106FD000E6000000302A0000F000000096280000C3
:106FE000FA00000010270000040100009C250000AA
:106FF0000E0100003324000018010000DD22000013
:1070000022010000972100002C0100005A200000FE
:10701000360100002C1F0000400100000C1E000083
:107020004A010000FB1C000054010000EE1B0000A0
:107030005E010000F01A000068010000FC19000069
:1070400072010000121900007C01000031180000DC
:10705000860100005A170000900100008B16000006
:107060009A010000C4150000A401000006150000EC
:10707000AE0100004F140000B80100009F13000093
:10708000C2010000F6120000CC0100005312000003
:10709000D6010000B7110000E0010000211100003E
:1070A000EA01000090100000F4010000051000004B
:1070B000FE0100007F0F000008020000FF0E00002C
:1070C00012020000830E00001C0200000C0E0000E3
:1070D00026020000990D0000300200002A0D000079
:1070E0003A020000C00C000044020000590C0000ED
:1070F0004E020000F60B000058020000970B000043
:10710000620200003B0B00006C020000E30A00007A
:10711000760200008D0A0000800200003B0A000099
:107120008A020000EB090000940200009E090000A2
:107130009E02000054090000A80200000D09000092
:10714000B2020000C8080000BC0200008508000070
:10715000C602000045080000D00200000708000039
:10716000DA020000CB070000E402000091070000F3
:10717000EE02000059070000F8020000230700009B
:1071800002030000EE0600000C030000BC06000035
:10719000160300008B060000200300005B060000C1
:1071A0002A0300002E060000340300000106000040
:1071B0003E030000D705000048030000AD050000B5
:1071C00052030000850500005C0300005E0500001E
:1071D000660300003805000070030000140500007D
:1071E0007A030000F004000084030000CE040000D5
:1071F0008E030000AD040000980300008D04000021
:10720000A20300006E040000AC0300005004000064
:10721000B603000033040000C003000016040000A1
:10722000CA030000FB030000D4030000E0030000D9
:10723000DE030000C7030000E8030000AD03000008
:10724000F203000095030000FC0300007E03000031
:107250000604000067030000100400005103000052
:107260001A0400003B030000240400002603000071
:107270002E0400001203000038040000FE0200008B
:1072800042040000EB0200004C040000D9020000A0
:1072900056040000C702000060040000B5020000B0
:1072A0006A040000A40200007404000094020000BC
:1072B0007E040000830200008804000074020000C5
:1072C00092040000650200009C04000056020000C9
:1072D000A604000048020000B00400003A020000CA
:1072E000BA0400002C020000C40400001F020000C9
:1072F000CE04000012020000D804000006020000C4
:10730000E2040000FA01000080250000004B0000AC
:107310000096000000E10000002C010000C2010006
:10732000008403000008070000100E0040420F0018
:1073300080841E00C0C62D00F401410026025000CA
:107340005802640058026400580264000000000003
:10735000000000000000000000000000000000002D
:10736000000000000000000000000000000000001D
:10737000000000000000000000000000000000000D
:1073800000000000000000000000000000000000FD
:1073900000000000000000000000000000000000ED
:1073A00000000000000000000000000000000000DD
:1073B00000000000000000000000000000000000CD
:1073C00000000000000000000000000000000000BD
:1073D00000000000000000000000000000000000AD
:1073E000000000000000000000000000000000009D
:1073F000000000000000000000000000000000008D
:10740000000000000000000000000000000000007C
:10741000000000000C001E18333033601EC00DB099
:10742000037806CC0CCC1878003000000000000077
:107430000C00120012000C7C00C600C000C000C08E
:1074400000C6007C00000000600000F00001980011
:10745000019800030C0006660006F6000CF3001805
:1074600061801861803000C03060C0606060C00022
:1074700030FFFFF0000000000000000000000000EE
:1074800000000000000000000000000000000000FC
:1074900000000000000000000000000000000000EC
:1074A00000000000000000000000000000000000DC
:1074B00000000000000000000000000000000000CC
:1074C00000000000000000000000000000000000BC
:1074D00000000000000000000000000000000000AC
:1074E000000000000000000000000000000000009C
:1074F000000000000000000000000000000000008C
:10750000000000000000000000000000000000007B
:10751000000000000000000000000000000000006B
:10752000000000000000000000000000000000005B
:10753000000000000000000000000000000000004B
:10754000000000000000000000000000000000003B
:1075500000000000000000000303018000000000A4
:10756000000000000000000006030300000000000F
:107570000FC0007E0000000006060700000FFFC0DD
:107580007FF807FFE0FE01FE0C0E0600000FFFC1B2
:10759000FFFC0FFFF1FE03FF1C0C0600001FFF871E
:1075A000FFFE1FFFF1FE03FF3C1C0E00001FFF87C4
:1075B000FFFF3FCFF1FC07FF383C1C0000003F8F6E
:1075C000F0FF3FC7F1FC0FFF78383C0000003F8F11
:1075D000E0FF7FFF01FC1FFFF038780000007F9F75
:1075E000E0FF3FFF01FC1FFFF070700000007F1FF5
:1075F000C0FF1FFFC3FC3FFFE0F0F00000007F1F53
:10760000C0FF07FFE3F87F3FE1E0F00000007F1FCD
:10761000C1FE02FFE3F87F3FE1E1E0000000FF1F51
:10762000E3FC7E1FE3F8FE3FC3E1E00000007F1FA4
:10763000FFFC7F1FC3F9FC3FC3C3E0000000FF0F46
:10764000FFF87FFF87F1FC3FC7C7C0000000FE07BF
:10765000FFE03FFF07F3F83FCF87C00000007C0149
:10766000FF801FFE07F3F01FDF8FC0000000000047
:107670007C0003E00000001F1F8F8000000000005E
:10768000000000000000003F3F1F800000000000DD
:10769000000000000000007F3F3F000000000000ED
:1076A00000000000000000FE7F3F0000000000001E
:1076B00000000000000000FCFE7E00000000000052
:1076C00000000000000001FCFEFE000000000000C1
:1076D00000000000000001FDFCFC000000000000B4
:1076E00000000000000003F9F9FC000000000000A9
:1076F00000000000000007FBFBFC00000000000091
:1077000000000000000007FFF3F800000000000088
:107710000000000000000FF7F7F800000000000074
:107720000000000000001FFFFFF800000000000044
:107730000000000000001FFFFFF00000000000003C
:107740000000000000000FFFFFE00000000000004C
:107750000000000000000000000000000000000029
:107760000000000000000000000000000000000019
:107770000000000000000000000000000000000009
:1077800000000000000000000000000000000000F9
:1077900000000000000000000000000000000000E9
:1077A00000000000000000000000000000000000D9
:1077B00000000000000000000000000000000000C9
:1077C00000000000000000000000000000000000B9
:1077D00000000000000000000000000000000000A9
:1077E0000000000000000000000000000000000099
:1077F0000000000000000000000000000000000089
:107800000000000000000000000000000000000078
:107810000000000000000000000000000000000068
:107820000000000000000000000000000000000058
:107830000000000000000000000000000000000048
:107840000000000000000000000000000000000038
:107850000000000000000000000000000000000028
:107860000000000000000000000000000000000018
:107870000000000000000000000000000000000008
:1078800000000000000000000000000000000000F8
:1078900000000000000000000000000000000000E8
:1078A00000000000000000000000000000000000D8
:1078B00000000000000000000000000000000000C8
:1078C00000000000000000000000000000000000B8
:1078D00000000000000000000000000000000000A8
:1078E0000000000000000000000000000000000098
:1078F0000000000000000000000000000000000088
:107900000000000000000000000000000000000077
:107910000000000000000000000000000000000067
:107920000000000000000000000000000000000057
:107930000000000000000000000000000000000047
:107940000000000000000000000000000000000037
:107950000000000000000000000000000000000027
:107960000000000000000000000000000000000017
:107970000000000000000000000000000000000007
:1079800000000000000000000000000000000000F7
:1079900000000000000000000000000000000000E7
:1079A00000000000000000000000000000000000D7
:1079B00000000000000000000000000000000000C7
:1079C00000000000000000000000000000000000B7
:1079D00000000000000000000000000000000000A7
:1079E0000000000000000000000000000000000097
:1079F0000000000000000000000000000000000087
:107A00000000000000000000000000000000000076
:107A10000000000000000000000000000000000066
:107A20000000000000000000000000000000000056
:107A30000000000000000000000000000000000046
:107A40000000000000000000000000000000000036
:107A50000000000000000000000000000000000026
:107A60000000000000000000000000000000000016
:107A70000000000000000000000000000000000006
:107A800000000000000000000000000000000000F6
:107A900000000000000000000000000000000000E6
:107AA00000000000000000000000000000000000D6
:107AB00000000000000000000000000000000000C6
:107AC00000000000000000000000000000000000B6
:107AD00000000000000000000000000000000000A6
:107AE0000000000000000000000000000000000096
:107AF0000000000000000000000000000000000086
:107B00000000000000000000000000000000000075
:107B10000000000000000000000000000000000065
:107B20000000000000000000000000000000000055
:107B30000000000000000000000000000000000045
:107B40000000000000000000000000000000000035
:107B50000000000000000000000000000000000025
:107B60000000000000000000000000000000000015
:107B70000000000000000000000000000000000005
:107B800000000000000000000000000000000000F5
:107B900000000000000000000000000000000000E5
:107BA00000000000000000000000000000000000D5
:107BB00000000000000000000000000000000000C5
:107BC00000000000000000000000000000000000B5
:107BD00000000000000000000000000000000000A5
:107BE0000000000000000000000000000000000095
:107BF0000000000000000000000000000000000085
:107C00000000000000000000000000000000000074
:107C10000000000000000000000000000000000064
:107C20000000000000000000000000000000000054
:107C30000000000000000000000000000000000044
:107C40000000000000000000000000000000000034
:107C50000000000000000000000000000000000024
:107C60000000000000000000000000000000000014
:107C70000000000000000000000000000000000004
:107C800000000000000000000000000000000000F4
:107C900000000000000000000000000000000000E4
:107CA00000000000000000000000000000000000D4
:107CB00000000000000000000000000000000000C4
:107CC00000000000000000000000000000000000B4
:107CD00000000000000000000000000000000000A4
:107CE0000000000000000000000000000000000094
:107CF0000000000000000000000000000000000084
:107D00000000000000000000000000000000000073
:107D10000000000000000000000000000000000063
:107D20000000000000000000000000000000000053
:107D30000000000000000000000000000000000043
:107D40000000000000000000000000000000000033
:107D50000000000000000000000000000000000023
:107D60000000000000000000000000000000000013
:107D70000000000000000000000000000000000003
:107D800000000000000000000000000000000000F3
:107D900000000000000000000000000000000000E3
:107DA00000000000000000000000000000000000D3
:107DB00000000000000000000000000000000000C3
:107DC00000000000000000000000000000000000B3
:107DD00000000000000000000000000000000000A3
:107DE0000000000000000000000000000000000093
:107DF0000000000000000000000000000000000083
:107E00000000000000000000000000000000000072
:107E10000000000000000000000000000000000062
:107E20000000000000000000000000000000000052
:107E30000000000000000000000000000000000042
:107E40000000000000000000000000000000000032
:107E50000000000000000000000000000000000022
:107E60000000000000000000000000000000000012
:107E70000000000000000000000000000000000002
:107E800000000000000000000000000000000000F2
:107E900000000000000000000000000000000000E2
:107EA00000000000000000000000000000000000D2
:107EB00000000000000000000000000000000000C2
:107EC00000000000000000000000000000000000B2
:107ED00000000000000000000000000000000000A2
:107EE0000000000000000000000000000000000092
:107EF0000000000000000000000000000000000082
:107F00000000000000000000000000000000000071
:107F10000000000000000000000000000000000061
:107F20000000000000000000000000000000000051
:107F30000000000000000000000000000000000041
:107F40000000000000000000000000000000000031
:107F50000000000000000000000000000000000021
:107F60000000000000000000000000000000000011
:107F70000000000000000000000000000000000001
:107F800000000000000000000000000000000000F1
:107F900000000000000000000000000000000000E1
:107FA00000000000000000000000000000000000D1
:107FB00000000000000000000000000000000000C1
:107FC00000000000000000000000000000000000B1
:107FD00000000000000000000000000000000000A1
:107FE0000000000000000000000000000000000091
:107FF0000000000000000000000000000000700011
:108000000000000000780000000000000001FC0FEC
:10801000F07BDF3FE0FE78F03C7F80000003FE1F36
:10802000F87BCF3FF1FF3DE03C7FC0000003FE3F07
:10803000FC7BCF3FF3FF3FC03C7FE0000003DF3C11
:108040003C7BCF3CF3EF1FC03C79E0000003DF78BE
:108050001E7BCF3CF3CF0F803C79E0000003FF781C
:108060001E7BCF3DF3CF0F003C73E0000003FE7892
:108070000E7BCF3DF3EF0F003C73C0000003FC7894
:108080001E7BCF3DE3EF0F003C7380000003C03C3C
:108090001E7BCF3DE3EF0F003C7380000003C03E2A
:1080A0007C7FFF3DE3EF0F003C73C0000003C01F67
:1080B000FC7FFE3CF3CF0F003C73C0000003C00FF9
:1080C000F83FFE3CF3CF0F003C79E0000003C0070F
:1080D000E03E7C3CFBCF0F003C79E000000000005C
:1080E0000000000000000000000000000000000090
:1080F0000000000000000000000000000000000080
:10810000000000000000000000000000000000006F
:10811000000000000000000000000000000000005F
:10812000000000000000000000000000000000004F
:10813000000000000000000000000000000000003F
:10814000000000000000000000000000000000002F
:10815000000000000000000000000000000000001F
:10816000000000000000000000000000000000000F
:1081700000000000000000000000000000000000FF
:1081800000000000000000000000000000000000EF
:1081900000000000000000000000000000000000DF
:1081A00000000000000000000000000000000000CF
:1081B00000000000000000000000000000000000BF
:1081C00000000000000000000000000000000000AF
:1081D000000000000000000000000000000000009F
:1081E000000000000000000000000000000000008F
:1081F000000000000000000000000000000000007F
:10820000000000000000000000000000000000006E
:10821000000000000000000000000000000000005E
:10822000000000000000000000000000000000004E
:10823000000000000000000000000000000000003E
:10824000000000000000000000000000000000002E
:10825000000000000000000000000000000000001E
:10826000000000000000000000000000000000000E
:1082700000000000000000000000000000000000FE
:1082800000000000000000000000000000000000EE
:1082900000000000000000000000000000000000DE
:1082A00000000000000000000000000000000000CE
:1082B00000000000000000000000000000000000BE
:1082C00000000000000000000000000000000000AE
:1082D000000000000000000000000000000000009E
:1082E000000000000000000000000000000000008E
:1082F000000000000000000000000000000000007E
:10830000000000000000000000000000000000006D
:10831000000000000000000000000000000000005D
:10832000000000000000000000000000000000004D
:10833000000000000000000000000000000000003D
:10834000000000000000000000000000000000002D
:1083500000000000000000000000000000003EE0FF
:10836000C0C1000000001000060600000000FCFF75
:10837000C7FFF07E1FF9FFFC3FFE7F800003FCFF7C
:10838000C7FFF0FE1FF9FFFC7FFEFFE00007F87F4C
:10839000C7FFE0FE1FF1FFF83FFEFFE0000FE03FE8
:1083A000C3FFC0FE0FC0FFF01FFC3FF0001FC01F47
:1083B00081FFC1FE0780FFE01FFC3FF8003FC00FB8
:1083C00081FFC1FE0F00FFE01FFC3FF8003FC00F20
:1083D00081FFC3FE0F00FFE01FFC3FF8007FC007D6
:1083E00081FFC3FE0E00FFE01FF83FF8007FE007AB
:1083F00081FFC7FE1E01FFC03FF83FF8007FF8076E
:1084000001FFC7FE1C01FFC03FF87FF0007FFE07A1
:1084100001FFC7FE3C01FFC03FF87FF000FFFF8077
:1084200001FFCFFE3801FFC03FF87FE0007FFFE093
:1084300001FFCFFE7801FF807FF07FE0007FFFF03B
:1084400001FFEFFE7003FF807FF0FFC0007FFFF8A9
:1084500001FFEFFF7003FF807FF1FF80007FFFFCD3
:1084600001FFEFFF6003FF807FF7FE00003FFFFC8E
:1084700001FFEFFF6003FF807FE7F800001FFFFEB2
:1084800001FFEFFF6007FF00FFE7FC00000FFFFEAA
:1084900000FFEFFF0007FF00FFE7FF000007FFFE00
:1084A00000FFE7FF0007FF00FFE3FF000001FFFE02
:1084B00000FFE7FF0007FF00FFC1FF8001C07FFE54
:1084C00000FFE7FF0007FE01FFC1FF8003C01FFEA2
:1084D00000FFE7FF000FFE01FFC3FF8003C00FFE98
:1084E00000FFC7FF000FFE01FFC3FF8003C007FCB2
:1084F00000FFC7FE000FFE01FFC3FF8007C003FCA3
:1085000000FF87FE000FFE03FF83FF8007E003F8F4
:1085100000FF87FC001FFC03FF83FF0007E007F854
:1085200000FF87FC001FFC03FF87FF6007F007F0D8
:1085300000FF07F8001FFC03FF87FFF007F81FE0AC
:1085400000FF07F8003FFC07FF83FFE00FFE7FC03E
:1085500000FE07F000FFFF1FFFE3FFE00FFE7F00BC
:1085600000FE03F000FFFF1FFFE3FFC00E3EFC0014
:10857000007C03F000FFFE1FFFC1FF000004C000ED
:10858000000000000000000000007C00000000006F
:1085900000000000000000000000000000000000DB
:1085A00000000000000000000000000000000000CB
:1085B00000000000000000000000000000000000BB
:1085C00000000000000000000000000000000000AB
:1085D000000000000000000000000000000000009B
:1085E000000000000000000000000000000000008B
:1085F000000000000000000000000000000000007B
:10860000000000000000000000000000000000006A
:10861000000000000000000000000000000000005A
:10862000000000000000000000000000000000004A
:10863000000000000000000000000000000000003A
:10864000000000000000000000000000000000002A
:10865000000000000000000000000000000000001A
:10866000000000000000000000000000000000000A
:1086700000000000000000000000000000000000FA
:10868000000000000000000000101010101000009A
:1086900010000000006C48480000000000000000CE
:1086A000001414287C287C2850500000001038400A
:1086B0004038487010100000002052240810244A4E
:1086C000040000000000001820205448340000007E
:1086D0000008141408000000000000000008081042
:1086E000101010101008080000202010101010109A
:1086F0001020200000107C1028280000000000003E
:108700000000101010FE101010000000000000000B
:10871000000000181030200000000000007C000065
:1087200000000000000000000000003030000000E9
:1087300000040408081010202040000000384444C1
:108740004444444438000000003010101010101051
:108750007C00000000384404081020447C00000025
:10876000003844041804044438000000000C1414B9
:1087700024447E040E000000003C20203804044401
:1087800038000000001C20407844444438000000B9
:10879000007C44040808081010000000003844441D
:1087A000384444443800000000384444443C040841
:1087B0007000000000000030300000303000000089
:1087C00000000018180000183020000000000C10F5
:1087D000608060100C000000000000007C007C0045
:1087E000000000000000C02018041820C000000095
:1087F0000000182404081000300000003844444CE5
:1088000054544C40443800000030102828287C4440
:10881000EE00000000F8444478444444F8000000AE
:10882000003C4440404040443800000000F04844D0
:1088300044444448F000000000FC44507050404460
:10884000FC000000007E2228382820207000000054
:10885000003C4440404E44443800000000EE444494
:108860007C444444EE000000007C101010101010F6
:108870007C000000003C0808084848483000000020
:1088800000EE444850704844E6000000007020208C
:10889000202024247C00000000EE6C6C54544444DE
:1088A000EE00000000EE64645454544CEC000000F0
:1088B00000384444444444443800000000782424F0
:1088C00024382020700000000038444444444444CC
:1088D000381C000000F8444444784844E20000009A
:1088E00000344C40380404645800000000FE92102C
:1088F000101010103800000000EE4444444444447A
:108900003800000000EE4444282828101000000021
:1089100000EE4444545454542800000000C6442837
:1089200010102844C600000000EE44282810101043
:1089300038000000007C4408101020447C00000037
:108940000038202020202020202038000040202037
:108950002010100808080000003808080808080857
:108960000808380000101028440000000000000033
:108970000000000000000000000000FE00100800E1
:10898000000000000000000000000038443C4444A7
:108990003E00000000C0405864444444F800000019
:1089A0000000003C4440404438000000000C043407
:1089B0004C4444443E00000000000038447C4040E9
:1089C0003C000000001C207C202020207C000000B7
:1089D000000000364C4444443C04380000C0405879
:1089E00064444444EE0000000010007010101010A9
:1089F0007C000000001000780808080808087000D3
:108A000000C0405C48705048DC000000003010108E
:108A1000101010107C000000000000E85454545462
:108A2000FE000000000000D864444444EE00000052
:108A3000000000384444444438000000000000D8DE
:108A4000644444447840E000000000364C44444410
:108A50003C040E000000006C302020207800000054
:108A60000000003C44380444780000000000207CF2
:108A7000202020221C000000000000CC4444444C74
:108A800036000000000000EE4444282810000000DA
:108A9000000000EE4454545428000000000000CCB4
:108AA00048303048CC000000000000EE4424281874
:108AB000101078000000007C481020447C0000006A
:108AC00000081010101020101010080000101010D6
:108AD00010101010101000000020101010100810BE
:108AE00010102000000000000024580000000000CA
:108AF0000000000000000000000000000000000076
:108B00000000000000000000000000000000000065
:108B100000000C000C000C000C000C000C000C0001
:108B20000C0000000C00000000000000000000002D
:108B3000000000001DC01DC00880088008800000E3
:108B40000000000000000000000000000000000025
:108B500000000D800D800D800D803FC01B003FC0C8
:108B60001B001B001B001B00000000000000000099
:108B700004001F803180318038001E000F00038008
:108B8000318031803F00040004000000000000003C
:108B9000000018002400240018C007801E00318047
:108BA00002400240018000000000000000000000C0
:108BB000000000000F001800180018000C001D80B5
:108BC000370033001D80000000000000000000009E
:108BD0000000000007000700020002000200000081
:108BE0000000000000000000000000000000000085
:108BF00000000300030006000E000C000C000C0037
:108C00000C000E000600030003000000000000003E
:108C10000000180018000C00060006000600060000
:108C2000060006000C001C001800000000000000F8
:108C30000000060006003FC03FC00F001F801980E3
:108C40000000000000000000000000000000000024
:108C50000000000000000400040004003F80040045
:108C600004000400000000000000000000000000FC
:108C700000000000000000000000000000000000F4
:108C80000000060004000C000800080000000000BE
:108C90000000000000000000000000003F80000015
:108CA00000000000000000000000000000000000C4
:108CB00000000000000000000000000000000000B4
:108CC00000000C000C00000000000000000000008C
:108CD00000C000C0018001800300030006000C00FA
:108CE0000C001800180030003000000000000000E8
:108CF00000000E001B0031803180318031803180D6
:108D000031801B000E000000000000000000000089
:108D1000000006003E0006000600060006000600F1
:108D2000060006003FC00000000000000000000038
:108D300000000F00198031803180030006000C0014
:108D4000180030003F80000000000000000000001C
:108D500000003F006180018003001F00038001804C
:108D6000018061803F000000000000000000000062
:108D70000000070007000F000B001B00130033006A
:108D80003F8003000F800000000000000000000092
:108D900000001F801800180018001F0011800180BB
:108DA000018021801F000000000000000000000082
:108DB000000007801C001800300037003980318027
:108DC000318019800F00000000000000000000004A
:108DD00000007F00430003000600060006000600B6
:108DE0000C000C000C00000000000000000000005F
:108DF00000001F003180318031801F0031803180C0
:108E0000318031801F0000000000000000000000E1
:108E100000001E0033003180318033801D800180CE
:108E2000030007003C0000000000000000000000FC
:108E300000000000000000000C000C00000000001A
:108E400000000C000C00000000000000000000000A
:108E5000000000000000000003000300000000000C
:108E600000000600040008000800000000000000E8
:108E70000000000000C0030004001800600018009B
:108E80000400030000C0000000000000000000001B
:108E9000000000000000000000007FC000007FC054
:108EA00000000000000000000000000000000000C2
:108EB00000000000600018000400030000C0030070
:108EC0000400180060000000000000000000000026
:108ED000000000001F0031803180018007000C007D
:108EE0000C0000000C00000000000000000000006A
:108EF00000000E0011002100210027002900290098
:108F00002700200011000E000000000000000000FB
:108F1000000000003F000F000900198019801F8029
:108F200030C030C079E00000000000000000000008
:108F3000000000007F003180318031803F003180AF
:108F4000318031807F000000000000000000000040
:108F5000000000001F4030C0604060006000600002
:108F6000604030801F000000000000000000000092
:108F7000000000007F00318030C030C030C030C001
:108F800030C031807F0000000000000000000000C1
:108F9000000000007F803080308032003E003200D0
:108FA000308030807F800000000000000000000062
:108FB000000000007FC03040304032003E003200F0
:108FC000300030007C0000000000000000000000C5
:108FD000000000001E80318060806000600067C07B
:108FE000618031801F0000000000000000000000D0
:108FF000000000007BC03180318031803F803180B3
:10900000318031807BC000000000000000000000C3
:10901000000000003FC00600060006000600060033
:10902000060006003FC00000000000000000000035
:10903000000000001FC003000300030003006300E2
:10904000630063003E00000000000000000000001C
:10905000000000007BC03180330036003C003E0041
:109060003300318079C000000000000000000000E3
:10907000000000007E0018001800180018001840BA
:10908000184018407FC000000000000000000000F1
:1090900000000000E0E060C071C07BC06AC06EC02C
:1090A00064C060C0FBE000000000000000000000A1
:1090B0000000000073C0318039803D8035803780EA
:1090C0003380318079800000000000000000000043
:1090D000000000001F00318060C060C060C060C040
:1090E00060C031801F000000000000000000000090
:1090F000000000007F0031803180318031803F00EE
:10910000300030007E000000000000000000000081
:10911000000000001F00318060C060C060C060C0FF
:1091200060C031801F000CC01F80000000000000E4
:10913000000000007F003180318031803E0033002C
:10914000318031807CE00000000000000000000061
:10915000000000001F803180318038001F00038034
:10916000318031803F00000000000000000000005E
:10917000000000007F804C804C804C800C000C0074
:109180000C000C003F000000000000000000000088
:10919000000000007BC0318031803180318031801F
:1091A000318031801F00000000000000000000003E
:1091B000000000007BC0318031801B001B001B00C1
:1091C0000A000E000E000000000000000000000079
:1091D00000000000FBE060C064C06EC06EC02A806A
:1091E0003B803B8031800000000000000000000058
:1091F000000000007BC031801B000E000E000E003E
:109200001B0031807BC00000000000000000000057
:109210000000000079E030C019800F000600060051
:10922000060006001F800000000000000000000093
:10923000000000003F8021802300060004000C0095
:10924000188030803F800000000000000000000017
:109250000000078006000600060006000600060063
:10926000060006000600060007800000000000005F
:1092700030003000180018000C000C00060003003D
:1092800003000180018000C000C000000000000059
:1092900000001E000600060006000600060006008C
:1092A00006000600060006001E0000000000000088
:1092B00004000A000A001100208020800000000045
:1092C000000000000000000000000000000000009E
:1092D000000000000000000000000000000000008E
:1092E0000000000000000000000000000000FFE09F
:1092F0000800040002000000000000000000000060
:10930000000000000000000000000000000000005D
:1093100000000000000000001F00018001801F808D
:10932000318033801DC000000000000000000000FC
:1093300000007000300030003700398030C030C08D
:1093400030C03980770000000000000000000000FD
:1093500000000000000000001E803180608060007E
:10936000608031801F00000000000000000000004D
:1093700000000380018001801D8033806180618056
:10938000618033801DC0000000000000000000006C
:1093900000000000000000001F00318060C07FC09E
:1093A000600030C01F8000000000000000000000CE
:1093B000000007E00C000C003F800C000C000C00CB
:1093C0000C000C003F8000000000000000000000C6
:1093D00000000000000000001DC03380618061803B
:1093E000618033801D80018001801F00000000002B
:1093F000000070003000300037003980318031804B
:10940000318031807BC000000000000000000000BF
:1094100000000600060000001E0006000600060010
:10942000060006003FC00000000000000000000031
:1094300000000600060000003F00030003000300D8
:10944000030003000300030003003E0000000000CF
:109450000000700030003000378036003C003C00D7
:109460003600330077C0000000000000000000005C
:1094700000001E00060006000600060006000600AA
:10948000060006003FC000000000000000000000D1
:1094900000000000000000007F8036C036C036C0EB
:1094A00036C036C076E0000000000000000000007A
:1094B000000000000000000077003980318031801A
:1094C000318031807BC000000000000000000000FF
:1094D00000000000000000001F00318060C060C07C
:1094E00060C031801F00000000000000000000008C
:1094F00000000000000000007700398030C030C05C
:1095000030C039803700300030007C00000000009F
:1095100000000000000000001DC0338061806180F9
:10952000618033801D800180018007C00000000041
:1095300000000000000000007B801CC01800180024
:10954000180018007F00000000000000000000006C
:1095500000000000000000001F8031803C001F0060
:10956000038031803F000000000000000000000088
:1095700000001800180018007F00180018001800DC
:10958000180018800F00000000000000000000001C
:1095900000000000000000007380318031803180C5
:1095A000318033801DC0000000000000000000007A
:1095B00000000000000000007BC0318031801B00F3
:1095C0001B000E000E000000000000000000000064
:1095D0000000000000000000F1E060C064C06EC048
:1095E0003B803B8031800000000000000000000054
:1095F00000000000000000007BC01B000E000E00F9
:109600000E001B007BC000000000000000000000F6
:10961000000000000000000079E030C019801980CF
:109620000B000F00060006000C003E0000000000CA
:1096300000000000000000003F80218003000E00B9
:10964000180030803F800000000000000000000093
:10965000000006000C000C000C000C000C001800B0
:109660000C000C000C000C000600000000000000C4
:1096700000000600060006000600060006000600C0
:1096800006000600060006000600000000000000BC
:1096900000000C000600060006000600060003009D
:1096A00006000600060006000C0000000000000096
:1096B00000000000000000000000180024800300EB
:1096C000000000000000000000000000000000009A
:1096D000000000000000000000000000000000008A
:1096E000000000000000000000000000000000007A
:1096F0000000000000000000000007000700070055
:109700000700070007000700020002000000000039
:10971000070007000000000000000000000000003B
:10972000000000001CE01CE01CE00840084008406D
:109730000000000000000000000000000000000029
:1097400000000000000000000CC00CC00CC00CC0E9
:109750000CC03FF03FF00CC00CC03FF03FF00CC01D
:109760000CC00CC00CC00CC00000000000000000C9
:109770000300030007E00FE0186018001F000FC08F
:1097800000E0186018601FC01F8003000300030082
:10979000000000000000000000001C002200220069
:1097A00022001C6001E00F803C0031C0022002203A
:1097B000022001C0000000000000000000000000C6
:1097C00000000000000003E00FE00C000C000600A9
:1097D0000F301FF019E018C01FF007B000000000A4
:1097E0000000000000000000000000000380038073
:1097F00003800100010001000000000000000000E3
:109800000000000000000000000000000000000058
:10981000000000C000C0018001800180030003003F
:10982000030003000300030001800180018000C0E9
:1098300000C000000000000000000C000C0006004A
:1098400006000600030003000300030003000300FA
:109850000600060006000C000C00000000000000DE
:1098600000000300030003001B601FE00780078067
:109870000FC00CC00000000000000000000000004D
:1098800000000000000000000000000000000300D5
:109890000300030003003FF03FF003000300030058
:1098A00003000000000000000000000000000000B5
:1098B00000000000000000000000000000000000A8
:1098C0000000000000000380030003000600060003
:1098D0000400000000000000000000000000000084
:1098E0000000000000003FE03FE00000000000003A
:1098F0000000000000000000000000000000000068
:109900000000000000000000000000000000000057
:1099100000000000000003800380038000000000BE
:1099200000000000000000000060006000C000C0F7
:1099300000C00180018003000300060006000C0047
:109940000C000C00180018000000000000000000CF
:1099500000000F801FC018C0306030603060306081
:1099600030603060306018C01FC00F800000000001
:109970000000000000000000000003001F001F00A6
:1099800003000300030003000300030003000300BF
:109990001FE01FE0000000000000000000000000C9
:1099A00000000F801FC038E03060006000C0018000
:1099B000030006000C0018003FE03FE0000000003C
:1099C000000000000000000000000F803FC030E0F9
:1099D000006000E007C007C000E00060006060E0D9
:1099E0007FC03F8000000000000000000000000079
:1099F000000001C003C003C006C00CC00CC018C0EA
:109A000030C03FE03FE000C003E003E000000000A2
:109A1000000000000000000000001FC01FC0180070
:109A200018001F801FC018E000600060006030E078
:109A30003FC01F8000000000000000000000000088
:109A4000000003E00FE01E001800380037803FC020
:109A500038E03060306018E01FC007800000000070
:109A6000000000000000000000003FE03FE0306028
:109A7000006000C000C000C00180018001800300C0
:109A800003000300000000000000000000000000D0
:109A900000000F801FC038E0306038E01FC01FC0DA
:109AA00038E03060306038E01FC00F8000000000F8
:109AB000000000000000000000000F001FC038C0C0
:109AC0003060306038E01FE00F6000E000C003C08D
:109AD0003F803E0000000000000000000000000089
:109AE00000000000000000000000038003800380ED
:109AF00000000000000003800380038000000000DD
:109B00000000000000000000000000000000000055
:109B1000000001C001C001C000000000000003807F
:109B20000300060006000400000000000000000022
:109B3000000000000000003000F003C007001C001F
:109B400078001C00070003C000F000300000000097
:109B50000000000000000000000000000000000005
:109B600000007FF07FF0000000007FF07FF0000039
:109B700000000000000000000000000000000000E5
:109B800000000000000030003C000F00038000E0F7
:109B9000007800E003800F003C003000000000006F
:109BA0000000000000000000000000000F801FC047
:109BB00018601860006001C003800300000000000E
:109BC0000700070000000000000000000000000087
:109BD000000003800C8008401040104011C012406B
:109BE0001240124011C01000080008400780000019
:109BF0000000000000000000000000001F801F8027
:109C0000038006C006C00CC00C601FE01FE03030AF
:109C10007878787800000000000000000000000064
:109C2000000000003F803FC01860186018E01FC0AF
:109C30001FE01870183018303FF03FE000000000BF
:109C400000000000000000000000000007B00FF05E
:109C50001C703830300030003000300038301C705C
:109C60000FE007C00000000000000000000000003E
:109C7000000000007F807FC030E030703030303036
:109C800030303030307030E07FC07F800000000026
:109C90000000000000000000000000003FF03FF066
:109CA0001830183019801F801F8019801830183024
:109CB0003FF03FF000000000000000000000000046
:109CC000000000003FF03FF01830183019801F806E
:109CD0001F801980180018003F003F00000000009E
:109CE00000000000000000000000000007B01FF0AE
:109CF000187030303000300031F831F83030183022
:109D00001FF007C00000000000000000000000007D
:109D1000000000003CF03CF01860186018601FE084
:109D20001FE01860186018603CF03CF00000000074
:109D30000000000000000000000000001FE01FE025
:109D400003000300030003000300030003000300FB
:109D50001FE01FE000000000000000000000000005
:109D60000000000003F803F800600060006000607D
:109D700030603060306030E03FC00F800000000095
:109D80000000000000000000000000003EF83EF867
:109D900018E019801B001F001D8018C018C0186033
:109DA0003E783E3800000000000000000000000087
:109DB000000000003F003F000C000C000C000C00F5
:109DC0000C000C300C300C303FF03FF00000000075
:109DD00000000000000000000000000078787878A3
:109DE00038703CF034B037B037B0333033303030C7
:109DF0007CF87CF80000000000000000000000007B
:109E00000000000039F03DF01C601E601E601B6009
:109E10001B6019E019E018E03EE03E600000000021
:109E200000000000000000000000000007800FC0DC
:109E30001CE03870303030303030303038701CE05A
:109E40000FC00780000000000000000000000000BC
:109E5000000000003FC03FE0187018301830187044
:109E60001FE01FC0180018003F003F000000000066
:109E700000000000000000000000000007800FC08C
:109E80001CE03870303030303030303038701CE00A
:109E90000FC0078007B00FF00CE0000000000000CA
:109EA000000000003FC03FE01870183018701FE03D
:109EB0001FC018E0186018703E383E1800000000FF
:109EC0000000000000000000000000000FB01FF0C4
:109ED0003870303038001F8007E000703030387044
:109EE0003FE037C00000000000000000000000005C
:109EF000000000003FF03FF03330333033300300D8
:109F000003000300030003000FC00FC000000000A7
:109F10000000000000000000000000003CF03CF0E9
:109F200018601860186018601860186018601CE0ED
:109F30000FC00780000000000000000000000000CB
:109F40000000000078F078F03060306018C018C071
:109F50000D800D800D800700070007000000000045
:109F60000000000000000000000000007C7C7C7C01
:109F7000301833983398339836D816D01C701C702C
:109F80001C701830000000000000000000000000FD
:109F90000000000078F078F0306018C00D800700F5
:109FA00007000D8018C0306078F078F000000000E5
:109FB0000000000000000000000000003CF03CF049
:109FC00018600CC007800780030003000300030033
:109FD0000FC00FC0000000000000000000000000E3
:109FE000000000001FE01FE0186018C0018003009F
:109FF000030006000C6018601FE01FE00000000076
:10A000000000000000000000000003C003C00300C7
:10A010000300030003000300030003000300030028
:10A0200003000300030003C003C0000000000000A1
:10A03000180018000C000C000C00060006000300BD
:10A0400003000180018000C000C000C0006000600B
:10A05000000000000000000000000F000F000300DF
:10A0600003000300030003000300030003000300D8
:10A070000300030003000F000F00000000000000B9
:10A080000000020007000D8018C030602020000092
:10A0900000000000000000000000000000000000C0
:10A0A00000000000000000000000000000000000B0
:10A0B00000000000000000000000000000000000A0
:10A0C000000000000000000000000000FFFCFFFC9A
:10A0D00000000400030000800000000000000000F9
:10A0E0000000000000000000000000000000000070
:10A0F0000000000000000000000000000000000060
:10A1000000000FC01FE000600FE01FE0386030E08B
:10A110003FF01F7000000000000000000000000081
:10A120000000700070003000300037803FE0386081
:10A1300030303030303038607FE077800000000011
:10A14000000000000000000000000000000000000F
:10A15000000007B01FF018303030300030003830C9
:10A160001FF00FC000000000000000000000000011
:10A170000000007000700030003007B01FF0187051
:10A1800030303030303038701FF807B80000000031
:10A1900000000000000000000000000000000000BF
:10A1A000000007801FE018603FF03FF030001830DB
:10A1B0001FF007C0000000000000000000000000C9
:10A1C000000003F007F0060006001FE01FE0060095
:10A1D00006000600060006001FE01FE00000000069
:10A1E000000000000000000000000000000000006F
:10A1F000000007B81FF81870303030303030187059
:10A200001FF007B0003000700FE00FC0000000002A
:10A21000000038003800180018001BC01FE01C6048
:10A2200018601860186018603CF03CF000000000F6
:10A230000000000000000000000003000300000018
:10A2400000001F001F0003000300030003000300C1
:10A250001FE01FE000000000000000000000000000
:10A26000000003000300000000001FC01FC000C06A
:10A2700000C000C000C000C000C000C000C001C0DD
:10A280003F803F0000000000000038003800180048
:10A2900018001BE01BE01B001E001E001B001980A5
:10A2A00039F039F00000000000000000000000005C
:10A2B00000001F001F000300030003000300030051
:10A2C00003000300030003001FE01FE00000000084
:10A2D000000000000000000000000000000000007E
:10A2E00000007EE07FF033303330333033303330B2
:10A2F0007BB87BB8000000000000000000000000F8
:10A30000000000000000000000003BC03FE01C60B7
:10A3100018601860186018603CF03CF00000000005
:10A32000000000000000000000000000000000002D
:10A33000000007801FE01860303030303030186087
:10A340001FE0078000000000000000000000000087
:10A350000000000000000000000077807FE038600F
:10A3600030303030303038603FE0378030003000FF
:10A370007C007C00000000000000000000000000E5
:10A38000000007B81FF818703030303030301870C7
:10A390001FF007B00030003000F800F800000000A7
:10A3A000000000000000000000003CE03DF00F3025
:10A3B0000E000C000C000C003FC03FC0000000006D
:10A3C000000000000000000000000000000000008D
:10A3D000000007E01FE018601E000FC001E01860D9
:10A3E0001FE01F80000000000000000000000000CF
:10A3F000000000000C000C000C003FE03FE00C00EF
:10A400000C000C000C000C300FF007C00000000026
:10A41000000000000000000000000000000000003C
:10A42000000038E038E0186018601860186018E024
:10A430001FF00F700000000000000000000000008E
:10A440000000000000000000000078F078F03060AC
:10A4500018C018C00D800D80070007000000000024
:10A4600000000000000000000000000000000000EC
:10A47000000078F078F03260326037E01DC01DC017
:10A4800018C018C00000000000000000000000001C
:10A49000000000000000000000003CF03CF00CC098
:10A4A0000780030007800CC03CF03CF00000000077
:10A4B000000000000000000000000000000000009C
:10A4C000000078F078F0306018C018C00D800F8060
:10A4D0000700060006000C007F007F00000000005F
:10A4E000000000000000000000001FE01FE018C096
:10A4F0000180030006000C601FE01FE00000000068
:10A500000000000000000000000001C003C00300C4
:10A51000030003000300030007000E000700030010
:10A5200003000300030003C001C00000000000009E
:10A530000000030003000300030003000300030006
:10A5400003000300030003000300030003000300F3
:10A55000030000000000000000001C001E000600B8
:10A56000060006000600060007000380070006003C
:10A570000600060006001E001C000000000000008F
:10A580000000000000000000000000000E003F304E
:10A5900033F001E0000000000000000000000000B7
:10A5A00000000000000000000000000000000000AB
:10A5B000000000000000000000000000000000009B
:10A5C000000000000000000000000000000000008B
:10A5D000000000000000000000000000000000007B
:10A5E000000000000000000000000000000000006B
:10A5F00000000000000003800003800003800003CF
:10A60000800003800003800003800003800003803B
:10A6100000010000010000000000000000038000B5
:10A6200003800000000000000000000000000000A7
:10A63000000000000000000000000000000000001A
:10A64000000E70000E70000E700004200004200048
:10A6500004200004200000000000000000000000B2
:10A6600000000000000000000000000000000000EA
:10A6700000000000000000000000000000000000DA
:10A680000000000000000660000660000660000692
:10A6900060000660003FF8003FF8000660000CC054
:10A6A000003FF8003FF8000CC0000CC0000CC000D8
:10A6B0000CC0000CC0000000000000000000000002
:10A6C0000000000000000000000000018000018088
:10A6D0000007B0000FF0001870001870001C000098
:10A6E0000F800007E00000F0001830001C30001C54
:10A6F00070001FE0001BC00001800001800001808D
:10A7000000018000000000000000000000000000C8
:10A710000000000000000780000FC0001CE00018CF
:10A7200060001860001CE0000FF80007E0001FF058
:10A730000007380006180006180007380003F0006C
:10A7400001E0000000000000000000000000000028
:10A7500000000000000000000000000000000000F9
:10A760000000000003F00007F0000C60000C000087
:10A770000C00000600000700000F9C001DFC0018E4
:10A78000F0001870000FFC0007DC00000000000063
:10A7900000000000000000000000000000000000B9
:10A7A00000000000000000000003800003800003A0
:10A7B0008000010000010000010000010000000015
:10A7C0000000000000000000000000000000000089
:10A7D0000000000000000000000000000000000079
:10A7E0000000000000000000000000000000001851
:10A7F0000000380000700000F00000E00000E00001
:10A8000001C00001C00001C00001C00001C0000182
:10A81000C00000E00000E0000070000070000038A0
:10A820000000180000000000000000000000000010
:10A830000000000000001800001C00000E00000EC8
:10A840000000070000070000038000038000038071
:10A850000003800003800003800007000007000061
:10A860000F00000E00001C00001800000000000097
:10A870000000000000000000000000000000018057
:10A88000000180000180001DB8001FF80007E000F3
:10A8900003C00003C0000660000660000000000066
:10A8A00000000000000000000000000000000000A8
:10A8B0000000000000000000000000000000000098
:10A8C0000000000000000000000000000180000106
:10A8D00080000180000180000180003FFC003FFCFF
:10A8E00000018000018000018000018000018000E3
:10A8F0000000000000000000000000000000000058
:10A900000000000000000000000000000000000047
:10A910000000000000000000000000000000000037
:10A920000000000000000000000000000000000027
:10A93000000000E00000C00001C0000180000180B4
:10A940000003000003000000000000000000000001
:10A9500000000000000000000000000000000000F7
:10A9600000000000000000000000001FF8001FF8B9
:10A9700000000000000000000000000000000000D7
:10A9800000000000000000000000000000000000C7
:10A9900000000000000000000000000000000000B7
:10A9A00000000000000000000000000000000000A7
:10A9B0000000000000000000000000000000000097
:10A9C000000003C00003C00003C00000000000003E
:10A9D0000000000000000000000000000000000077
:10A9E000001800001800003800003000007000005F
:10A9F000600000600000C00000C000018000018015
:10AA0000000300000300000600000600000E000026
:10AA10000C00001C000018000018000000000000DE
:10AA2000000000000000000000000000000003C063
:10AA30000007E0000C30000C300018180018180057
:10AA40001818001818001818001818001818000C0A
:10AA500030000C300007E00003C0000000000000E0
:10AA600000000000000000000000000000000000E6
:10AA70000000000000000080000780001F80001D13
:10AA800080000180000180000180000180000180C1
:10AA9000000180000180000180000180001FF8009B
:10AAA0001FF800000000000000000000000000008F
:10AAB000000000000000000000000000000007C0CF
:10AAC000001FF00038300030180030180000180067
:10AAD00000300000600001C0000380000600000C90
:10AAE00000001800003FF8003FF8000000000000E0
:10AAF0000000000000000000000000000000000056
:10AB000000000000000003C0000FE0000C70000017
:10AB1000300000300000600003C00003E00000705F
:10AB2000000018000018000018001838001FF0007E
:10AB30000FC0000000000000000000000000000046
:10AB4000000000000000000000000000000000E025
:10AB50000001E00001E00003600006600006600004
:10AB60000C60000C60001860003060003FF8003F8F
:10AB7000F80000600003F80003F800000000000087
:10AB800000000000000000000000000000000000C5
:10AB90000000000000001FF0001FF0001800001867
:10ABA00000001800001BC0001FF0001C300000183F
:10ABB000000018000018000018003030003FF000BE
:10ABC0000FC00000000000000000000000000000B6
:10ABD000000000000000000000000000000000F87D
:10ABE0000003F8000700000E00000C000018000031
:10ABF0001BC0001FF0001C300018180018180018A7
:10AC000018000C38000FF00003E000000000000006
:10AC10000000000000000000000000000000000034
:10AC20000000000000001FF8001FF80018180018AE
:10AC3000380000300000300000700000600000604C
:10AC40000000E00000C00000C00001C00001800062
:10AC50000180000000000000000000000000000073
:10AC6000000000000000000000000000000007E0FD
:10AC7000000FF0001C38001818001818000C3000E5
:10AC800007E00007E0000C30001818001818001842
:10AC900018001C38000FF00007E000000000000062
:10ACA00000000000000000000000000000000000A4
:10ACB00000000000000007C0000FF0001C3000186A
:10ACC00018001818001818000C38000FF80003D8E6
:10ACD0000000180000300000700000E0001FC000FD
:10ACE0001F00000000000000000000000000000045
:10ACF0000000000000000000000000000000000054
:10AD00000000000000000000000003C00003C000BD
:10AD100003C0000000000000000000000000000070
:10AD2000000003C00003C00003C0000000000000DA
:10AD30000000000000000000000000000000000013
:10AD40000000000000000000000000000000000003
:10AD5000000000F00000F00000F000000000000023
:10AD60000000000000000000E00001C000018000C1
:10AD7000018000030000020000000000000000004D
:10AD800000000000000000000000000000000000C3
:10AD900000000000001C00003C0000F00003C000A8
:10ADA0000F00003C0000F000003C00000F0000031A
:10ADB000C00000F000003C00001C0000000000008B
:10ADC0000000000000000000000000000000000083
:10ADD0000000000000000000000000000000000073
:10ADE00000000000007FFC007FFC0000000000006D
:10ADF000007FFC007FFC000000000000000000005D
:10AE00000000000000000000000000000000000042
:10AE10000000000000000000000000000000000032
:10AE2000000000007000007800001E000007800095
:10AE300001E000007800001E0000780001E000073B
:10AE400080001E000078000070000000000000007C
:10AE500000000000000000000000000000000000F2
:10AE600000000000000000000007C0000FE0001814
:10AE7000700018300018300000700000E00003C0BF
:10AE80000003800003000000000000000007000035
:10AE900007000000000000000000000000000000AB
:10AEA000000000000000000000000000000003E0BF
:10AEB0000007F0000E38000C180018780018F80091
:10AEC00019D80019980019980019980018F8001856
:10AED00078001800000C00000E180007F80003E0CE
:10AEE0000000000000000000000000000000000062
:10AEF0000000000000000000001F80001FC00001D3
:10AF0000C0000360000360000630000630000C3013
:10AF1000000FF8001FF800180C00300C00FC7F0038
:10AF2000FC7F0000000000000000000000000000A6
:10AF30000000000000000000000000000000000011
:10AF4000007FE0007FF00018380018180018180083
:10AF50001838001FF0001FF800181C00180C00180B
:10AF60000C00180C007FF8007FF0000000000000CB
:10AF700000000000000000000000000000000000D1
:10AF800000000000000000000003EC000FFC001CAB
:10AF90001C00180C00300C003000003000003000A5
:10AFA00000300000300000180C001C1C000FF800DE
:10AFB00003F000000000000000000000000000009E
:10AFC0000000000000000000000000000000000081
:10AFD000007FC0007FF000183800181800180C001F
:10AFE000180C00180C00180C00180C00180C001895
:10AFF00018001838007FF0007FE00000000000001B
:10B000000000000000000000000000000000000040
:10B010000000000000000000007FF8007FF800182A
:10B0200018001818001998001980001F80001F8050
:10B03000001980001998001818001818007FF800EF
:10B040007FF8000000000000000000000000000089
:10B0500000000000000000000000000000000000F0
:10B06000003FFC003FFC000C0C000C0C000CCC0062
:10B070000CC0000FC0000FC0000CC0000CC0000CC2
:10B0800000000C00003FC0003FC0000000000000B6
:10B0900000000000000000000000000000000000B0
:10B0A00000000000000000000003EC000FFC001C8A
:10B0B0001C00180C00300C0030000030000030FE86
:10B0C0000030FE00300C00380C001C1C000FFC008F
:10B0D00003F000000000000000000000000000007D
:10B0E0000000000000000000000000000000000060
:10B0F000007E7E007E7E00181800181800181800C8
:10B100001818001FF8001FF8001818001818001869
:10B1100018001818007E7E007E7E000000000000EF
:10B12000000000000000000000000000000000001F
:10B130000000000000000000001FF8001FF80001E0
:10B1400080000180000180000180000180000180FA
:10B15000000180000180000180000180001FF800D4
:10B160001FF80000000000000000000000000000C8
:10B1700000000000000000000000000000000000CF
:10B180000007FE0007FE0000300000300000300025
:10B1900000300000300030300030300030300030FF
:10B1A00030003060003FE0000F8000000000000031
:10B1B000000000000000000000000000000000008F
:10B1C0000000000000000000007F3E007F3E0018ED
:10B1D000300018600018C0001980001B80001FC0DC
:10B1E000001CE0001870001830001838007F1F00A5
:10B1F0007F1F0000000000000000000000000000B1
:10B20000000000000000000000000000000000003E
:10B21000007F80007F80000C00000C00000C00000C
:10B220000C00000C00000C00000C0C000C0C000CBE
:10B230000C000C0C007FFC007FFC000000000000F4
:10B2400000000000000000000000000000000000FE
:10B25000000000000000000000F00F00F81F0038A0
:10B260001C003C3C003C3C00366C00366C0033CC8F
:10B270000033CC00318C00300C00300C00FE7F001D
:10B28000FE7F000000000000000000000000000041
:10B2900000000000000000000000000000000000AE
:10B2A0000078FE0078FE001C18001E18001F180011
:10B2B0001B18001B980019D80018D80018F800189F
:10B2C00078001838007F18007F1800000000000088
:10B2D000000000000000000000000000000000006E
:10B2E00000000000000000000003C0000FF0001C80
:10B2F0003800181800381C00300C00300C00300CDE
:10B3000000300C00381C001818001C38000FF0002A
:10B3100003C000000000000000000000000000006A
:10B32000000000000000000000000000000000001D
:10B33000003FF0003FF8000C1C000C0C000C0C004F
:10B340000C0C000C18000FF8000FE0000C00000CB3
:10B3500000000C00003FC0003FC0000000000000E3
:10B3600000000000000000000000000000000000DD
:10B3700000000000000000000003C0000FF0001CEF
:10B380003800181800381C00300C00300C00300C4D
:10B3900000300C00381C001818001C38000FF0009A
:10B3A00007C00007CC000FFC000C380000000000B4
:10B3B000000000000000000000000000000000008D
:10B3C000007FE0007FF000183800181800181800FF
:10B3D0001838001FF0001FC00018E0001870001897
:10B3E00030001838007F1E007F0E000000000000B3
:10B3F000000000000000000000000000000000004D
:10B4000000000000000000000007D8000FF8001C3A
:10B4100038001818001818001E00000FC00003F0B4
:10B42000000078001818001818001C38001FF000E1
:10B430001BE0000000000000000000000000000011
:10B4400000000000000000000000000000000000FC
:10B45000003FFC003FFC00318C00318C00318C003F
:10B46000318C00018000018000018000018000011A
:10B4700080000180000FF0000FF0000000000000CD
:10B4800000000000000000000000000000000000BC
:10B490000000000000000000007E7E007E7E00189C
:10B4A0001800181800181800181800181800181894
:10B4B000001818001818001818000C30000FF000C1
:10B4C00003C00000000000000000000000000000B9
:10B4D000000000000000000000000000000000006C
:10B4E000007F7F007F7F00180C000C18000C1800F4
:10B4F0000C180006300006300003600003600003F3
:10B50000600001C00001C0000080000000000000D9
:10B51000000000000000000000000000000000002B
:10B52000000000000000000000FE3F80FE3F803071
:10B53000060030060030860019CC0019CC001B6CC8
:10B54000001B6C001E7C000E38000E38000C18002A
:10B550000C180000000000000000000000000000C7
:10B5600000000000000000000000000000000000DB
:10B57000007E7E007E7E001818000C300006600001
:10B5800003C00001800001800003C0000660000CC1
:10B5900030001818007E7E007E7E00000000000053
:10B5A000000000000000000000000000000000009B
:10B5B0000000000000000000007C7E007C7E00187F
:10B5C00018000C300006600006600003C000018017
:10B5D000000180000180000180000180000FF00068
:10B5E0000FF000000000000000000000000000005C
:10B5F000000000000000000000000000000000004B
:10B60000001FF8001FF8001818001830001860001C
:10B6100018C0000180000300000618000C18001874
:10B6200018003018003FF8003FF80000000000004C
:10B63000000000000000000000000000000000000A
:10B6400000000000000001F00001F0000180000196
:10B6500080000180000180000180000180000180E5
:10B660000001800001800001800001800001800055
:10B6700001800001800001F00001F00000000000E6
:10B6800000000000000000001800001800001C006E
:10B69000000C00000E000006000006000003000081
:10B6A00003000001800001800000C00000C0000015
:10B6B00060000060000070000030000038000018DA
:10B6C0000000180000000000000000000000000062
:10B6D0000000000000000F80000F800001800001CA
:10B6E0008000018000018000018000018000018055
:10B6F00000018000018000018000018000018000C5
:10B700000180000180000F80000F80000000000019
:10B71000000000000000000000000000800001C0E8
:10B720000003E0000770000630000C1800180C0041
:10B7300010040000000000000000000000000000F5
:10B7400000000000000000000000000000000000F9
:10B7500000000000000000000000000000000000E9
:10B7600000000000000000000000000000000000D9
:10B7700000000000000000000000000000000000C9
:10B7800000000000000000000000000000000000B9
:10B7900000000000000000000000000000000000A9
:10B7A0000000FFFF00FFFF00000000030000038017
:10B7B0000000E00000600000000000000000000049
:10B7C0000000000000000000000000000000000079
:10B7D0000000000000000000000000000000000069
:10B7E0000000000000000000000000000000000059
:10B7F0000000000000000000000000000000000049
:10B8000000000FC0001FE00000300000300007F013
:10B81000001FF0003830003030003070001FFC0096
:10B820000FBC00000000000000000000000000004D
:10B830000000000000000000000000000000780090
:10B84000007800001800001800001BE0001FF8003E
:10B850001C1800180C00180C00180C00180C00180C
:10B860000C001C18007FF8007BE0000000000000C6
:10B8700000000000000000000000000000000000C8
:10B8800000000000000000000000000000000000B8
:10B89000000003EC000FFC001C1C00380C00300CF6
:10B8A00000300000300000380C001C1C000FF800B5
:10B8B00003F0000000000000000000000000000095
:10B8C0000000000000000000000000000000007800
:10B8D0000000780000180000180007D8001FF800CA
:10B8E00018380030180030180030180030180030B8
:10B8F00018001838001FFE0007DE000000000000DE
:10B900000000000000000000000000000000000037
:10B910000000000000000000000000000000000027
:10B92000000007E0001FF800181800300C003FFC72
:10B93000003FFC00300000300000180C001FFC002D
:10B9400007F0000000000000000000000000000000
:10B95000000000000000000000000000000001FCEA
:10B960000003FC000600000600003FF8003FF8005E
:10B9700006000006000006000006000006000006A3
:10B9800000000600003FF0003FF000000000000053
:10B9900000000000000000000000000000000000A7
:10B9A0000000000000000000000000000000000097
:10B9B000000007DE001FFE001838003018003018A5
:10B9C000003018003018003018001838001FF80038
:10B9D00007D8000018000018000038000FF0000F12
:10B9E000C00000000000000000000000000078001F
:10B9F000007800001800001800001BE0001FF00095
:10BA00001C3800181800181800181800181800180A
:10BA100018001818007E7E007E7E000000000000E6
:10BA20000000000000000000000000000000000016
:10BA30000000000000000180000180000000000004
:10BA400000001F80001F8000018000018000018035
:10BA5000000180000180000180000180003FFC00A7
:10BA60003FFC00000000000000000000000000009B
:10BA7000000000000000000000000000000000C006
:10BA80000000C0000000000000001FF0001FF000D8
:10BA900000300000300000300000300000300000B6
:10BAA0003000003000003000003000003000003076
:10BAB000000070001FE0001F800000000000000078
:10BAC0000000000000003C00003C00000C00000CE6
:10BAD00000000CF8000CF8000CC0000D80000F8076
:10BAE000000F00000F80000DC0000CE0003C7C0047
:10BAF0003C7C00000000000000000000000000008E
:10BB000000000000000000000000000000001F8096
:10BB1000001F800001800001800001800001800082
:10BB2000018000018000018000018000018000018F
:10BB300080000180003FFC003FFC0000000000008E
:10BB400000000000000000000000000000000000F5
:10BB500000000000000000000000000000000000E5
:10BB60000000F77800FFFC0039CC00318C00318CEC
:10BB700000318C00318C00318C00318C00FDEF00E5
:10BB8000FDEF0000000000000000000000000000C9
:10BB900000000000000000000000000000000000A5
:10BBA000000000000000000000007BE0007FF000CB
:10BBB0001C38001818001818001818001818001859
:10BBC00018001818007E7E007E7E00000000000035
:10BBD0000000000000000000000000000000000065
:10BBE0000000000000000000000000000000000055
:10BBF000000003C0000FF0001C3800381C00300C9F
:10BC000000300C00300C00381C001C38000FF00015
:10BC100003C0000000000000000000000000000061
:10BC20000000000000000000000000000000000014
:10BC3000000000000000000000007BE0007FF80032
:10BC40001C1800180C00180C00180C00180C001818
:10BC50000C001C18001FF8001BE000180000180062
:10BC6000001800007F00007F0000000000000000BE
:10BC700000000000000000000000000000000000C4
:10BC8000000007DE001FFE001838003018003018D2
:10BC9000003018003018003018001838001FF80065
:10BCA00007D80000180000180000180000FE00006F
:10BCB000FE00000000000000000000000000000086
:10BCC000000000000000000000003E78003EFC0084
:10BCD00007CC000700000600000600000600000672
:10BCE00000000600003FF0003FF0000000000000F0
:10BCF0000000000000000000000000000000000044
:10BD00000000000000000000000000000000000033
:10BD1000000007F8000FF8001818001818001F801E
:10BD2000000FF00000F8001818001838001FF0008D
:10BD30001FE0000000000000000000000000000004
:10BD400000000000000000000000000000000C00E7
:10BD5000000C00000C00000C00003FF0003FF00061
:10BD60000C00000C00000C00000C00000C00000C8B
:10BD700000000C1C0007FC0003F0000000000000A5
:10BD800000000000000000000000000000000000B3
:10BD900000000000000000000000000000000000A3
:10BDA0000000787800787800181800181800181823
:10BDB000001818001818001818001838000FFE0096
:10BDC00007DE00000000000000000000000000008E
:10BDD0000000000000000000000000000000000063
:10BDE000000000000000000000007C3E007C3E00DF
:10BDF0001818001818000C30000C300006600006FF
:10BE0000600007E00003C00003C000000000000065
:10BE10000000000000000000000000000000000022
:10BE20000000000000000000000000000000000012
:10BE30000000783C00783C003118003398003398BB
:10BE4000001AB0001EF0001EF0001C60000C600024
:10BE50000C60000000000000000000000000000076
:10BE600000000000000000000000000000000000D2
:10BE7000000000000000000000003E7C003E7C004E
:10BE80000C300006600003C00001800003C0000603
:10BE900060000C30003E7C003E7C00000000000092
:10BEA0000000000000000000000000000000000092
:10BEB0000000000000000000000000000000000082
:10BEC00000007E1F007E1F00180C000C18000C18CC
:10BED0000006300006300003600003E00001C000EF
:10BEE00000C0000180000180000300003FC0003F4F
:10BEF000C000000000000000000000000000000082
:10BF0000000000000000000000001FF8001FF80003
:10BF100018300018600000C0000180000300000617
:10BF200018000C18001FF8001FF8000000000000A7
:10BF30000000000000000000000000000000000001
:10BF400000000000000000E00001E00001800001AE
:10BF500080000180000180000180000180000380DA
:10BF600000070000038000018000018000018000C4
:10BF700001800001800001E00000E00000000000FE
:10BF80000000000000000000000000000000018030
:10BF9000000180000180000180000180000180001C
:10BFA000018000018000018000018000018000010B
:10BFB000800001800001800001800001800001807C
:10BFC00000018000000000000000000000000000F0
:10BFD0000000000000000700000780000180000151
:10BFE000800001800001800001800001800001C00C
:10BFF0000000E00001C0000180000180000180001D
:10C0000001800001800007800007000000000000A0
:10C010000000000000000000000000000000000020
:10C020000000000000000000000000000000000010
:10C030000E00001F18003BB80031F00000E00000C7
:10C0400000000000000000000000000000000000F0
:10C0500000000000000000000000000000000000E0
:10C06000232D302B2000686C4C00656667454647E1
:10C070000030313233343536373839414243444564
:10C0800046003031323334353637383961626364D3
:10C0900065660000FB21F93FFB2109407CD9124075
:10C0A000FB2119407A6A1F407CD92240BBFD254004
:10C0B000FB2129403A462C407A6A2F405C473140A8
:10C0C0007CD932409C6B3440BBFD3540DB8F374020
:10C0D000FB2139401BB43A403A463C405AD83D40D7
:10C0E0007A6A3F404C7E40405C4741406C10424081
:10C0F0007CD942408CA243409C6B4440AC344540C8
:10C10000BBFD4540CBC64640DB8F4740EB5848401F
:10C11000FB21494083F9A200444E6E00FC29150022
:10C12000D1572700DD34F50062DBC0003C99950053
:10C13000419043006351FE00BBDEAB00B761C50018
:10C140003A6E2400D24D42004906E00009EA2E0072
:10C150001C92D100EB1DFE0029B11C00E83EA70097
:10C16000F535820044BB2E009CE98400B4267000A3
:10C17000417E5F00D6913900538339009CF4390029
:10C180008B5F840028F9BD00F81F3B00DEFF97009D
:10C190000F980500112FEF000A5A8B006D1F6D00DC
:10C1A000CF7E360009CB2700464FB7009E663F0082
:10C1B0002DEA5F00BA277500E5EBC7003D7BF10073
:10C1C000F739070092528A00FB6BEA001FB15F004B
:10C1D000085D8D00300356007BFC4600F0AB6B0021
:10C1E00020BCCF0036F49A00E3A91D005E619100E7
:10C1F000081BE60085996500A0145F008D4068006B
:10C2000080D8FF0027734D0006063100CA5615007E
:10C21000C9A873007BE260006B8CC000D1F71737B0
:10C22000D1F717B78071313F807131BF0000003FF7
:10C23000000000BF0000000000000040FB21F93FAB
:10C24000000000002D44743E000000809846F83C39
:10C250000000006051CC783B00000080831BF03967
:10C260000000004020257A38000000802282E3365A
:10C27000000000001DF3693502000000030000000B
:08C280000400000006000000AC
:08C28800E446FE7F0100000006
:04C29000F5010008AC
:04C29400D1010008CC
:10C298000024F4001000000001000000AAAAAAAAC5
:10C2A800FFFFFFFFFFFFFFFFFF0000007C86010884
:10C2B80007000C00F08A01080B001000D096010856
:10C2C8000E001400A8A50108110018004000002065
:10C2D800000000000C6D0020746D0020DC6D002053
:10C2E8000000000000000000000000000000000046
:10C2F8000000000000000000000000000000000036
:10C308000000000000000000000000000000000025
:0CC3180000000000000000000000000019
:040000050800DB19FB
:00000001FF
